name,age,income,credit_score,loan_amount,employment_type,loan_status,city
Sara,61,39592,462,827572,Self-Employed,Rejected,Bangalore
Arjun,64,122080,729,141161,Business,Approved,Ahmedabad
Fatima,34,55495,708,681262,Salaried,Rejected,Bangalore
Aman,35,83878,751,341704,Salaried,Rejected,Delhi
Sara,38,45379,560,850581,Self-Employed,Approved,Pune
Sara,43,136082,626,683052,Self-Employed,Rejected,Mumbai
Arjun,45,35328,732,357419,Business,Rejected,Chennai
Sara,23,111673,566,860620,Self-Employed,Rejected,Pune
Imran,45,61434,682,716563,Self-Employed,Approved,Delhi
Neha,63,59993,809,766751,Business,Approved,Pune
Priya,55,120568,575,221339,Self-Employed,Approved,Ahmedabad
Aman,64,67504,843,863694,Salaried,Rejected,Bangalore
Ananya,46,60093,483,271231,Business,Approved,Chennai
Aditya,46,140957,779,531141,Salaried,Approved,Hyderabad
Kabir,58,81155,748,468801,Self-Employed,Rejected,Bangalore
Neha,53,89686,496,842495,Salaried,Approved,Pune
Rohan,64,80333,755,116613,Self-Employed,Approved,Ahmedabad
Aditya,54,57953,733,952592,Salaried,Rejected,Pune
Aditya,62,69587,507,357757,Self-Employed,Rejected,Delhi
Imran,53,124871,541,582342,Salaried,Rejected,Hyderabad
Ananya,30,74009,840,219396,Business,Approved,Mumbai
Arjun,22,39662,635,971406,Self-Employed,Approved,Bangalore
Ananya,26,120932,698,905662,Salaried,Approved,Delhi
Imran,56,46643,585,603306,Business,Rejected,Ahmedabad
Rohan,40,77296,793,731446,Self-Employed,Rejected,Kolkata
Priya,28,57493,565,117136,Self-Employed,Rejected,Mumbai
Aisha,58,53864,453,124441,Business,Rejected,Mumbai
Kabir,42,34287,713,299565,Self-Employed,Approved,Kolkata
Sara,57,100525,692,304801,Self-Employed,Approved,Ahmedabad
Aisha,63,81498,631,494154,Self-Employed,Rejected,Kolkata
Sara,64,110649,780,153198,Salaried,Rejected,Ahmedabad
Aditya,36,50112,547,612336,Self-Employed,Rejected,Delhi
Rahul,50,57742,488,514656,Business,Approved,Pune
Ananya,26,146420,835,939921,Salaried,Approved,Delhi
Karan,34,138331,655,996279,Salaried,Approved,Delhi
Zoya,37,146440,682,349105,Self-Employed,Approved,Kolkata
Aisha,34,32665,746,821476,Business,Rejected,Mumbai
Arjun,24,101569,694,577276,Business,Approved,Delhi
Priya,32,33981,754,121262,Business,Approved,Bangalore
Aman,58,102924,470,699468,Salaried,Rejected,Ahmedabad
Kabir,37,51772,792,800981,Self-Employed,Approved,Bangalore
Sara,63,109607,603,529434,Self-Employed,Approved,Pune
Arjun,25,95468,559,580458,Self-Employed,Rejected,Delhi
Rahul,36,73434,595,215409,Self-Employed,Rejected,Hyderabad
Kabir,63,132099,733,363921,Business,Rejected,Pune
Imran,37,40129,504,828480,Business,Rejected,Delhi
Aisha,42,51685,801,715046,Self-Employed,Approved,Kolkata
Kabir,26,108136,666,919634,Self-Employed,Approved,Mumbai
Sara,61,59335,532,827236,Self-Employed,Rejected,Ahmedabad
Kabir,25,148869,803,997837,Salaried,Rejected,Mumbai
Imran,48,41704,471,373232,Self-Employed,Rejected,Mumbai
Kabir,64,57706,791,157786,Self-Employed,Rejected,Ahmedabad
Aman,36,138325,533,888742,Salaried,Approved,Ahmedabad
Sara,47,130150,792,956036,Business,Approved,Bangalore
Rohan,45,139316,469,950300,Self-Employed,Approved,Bangalore
Aditya,43,65001,566,283752,Salaried,Rejected,Bangalore
Aman,25,126361,592,418203,Business,Rejected,Ahmedabad
Fatima,22,40118,583,237241,Business,Approved,Hyderabad
Imran,43,120491,610,507592,Business,Approved,Pune
Arjun,37,30817,812,507239,Salaried,Approved,Bangalore
Zoya,63,145687,619,703425,Self-Employed,Rejected,Pune
Kabir,53,65538,791,478231,Self-Employed,Rejected,Ahmedabad
Zoya,33,80108,790,447562,Business,Approved,Delhi
Aman,46,96819,450,368635,Self-Employed,Rejected,Bangalore
Neha,50,82905,676,758446,Salaried,Rejected,Kolkata
Priya,63,36114,595,590490,Business,Approved,Chennai
Priya,64,65687,565,895742,Salaried,Approved,Delhi
Imran,51,105120,843,126365,Self-Employed,Rejected,Ahmedabad
Rahul,65,75328,703,469066,Salaried,Rejected,Delhi
Priya,27,127029,667,279471,Salaried,Approved,Kolkata
Rohan,28,84829,518,890346,Self-Employed,Rejected,Chennai
Rohan,60,131824,818,985351,Business,Rejected,Ahmedabad
Aditya,31,122472,693,521932,Self-Employed,Rejected,Bangalore
Zoya,54,88517,770,300867,Self-Employed,Approved,Kolkata
Priya,36,60614,621,385239,Business,Approved,Pune
Aman,45,115957,528,790734,Salaried,Rejected,Pune
Rahul,55,86069,662,115290,Salaried,Approved,Ahmedabad
Fatima,57,74857,694,56182,Self-Employed,Rejected,Hyderabad
Aditya,55,122978,826,622661,Business,Approved,Bangalore
Rohan,48,88654,464,457746,Self-Employed,Rejected,Ahmedabad
Fatima,29,106560,723,78276,Self-Employed,Approved,Mumbai
Imran,29,138619,686,240556,Salaried,Approved,Hyderabad
Fatima,50,67840,622,848207,Self-Employed,Rejected,Hyderabad
Riya,37,134433,491,543152,Salaried,Rejected,Mumbai
Priya,35,110215,485,869182,Business,Rejected,Mumbai
Sara,33,134999,460,701517,Salaried,Approved,Bangalore
Neha,57,149224,561,537623,Business,Rejected,Hyderabad
Sara,59,104593,832,803252,Salaried,Rejected,Delhi
Imran,58,28365,609,653766,Business,Approved,Ahmedabad
Zoya,25,102607,803,920917,Business,Approved,Bangalore
Fatima,64,103697,511,884904,Business,Rejected,Mumbai
Fatima,63,73571,485,580538,Business,Approved,Chennai
Fatima,52,38833,671,429781,Business,Rejected,Kolkata
Aditya,32,121180,717,732054,Self-Employed,Approved,Kolkata
Priya,41,136635,575,921084,Salaried,Rejected,Hyderabad
Aman,50,99691,762,750646,Self-Employed,Approved,Chennai
Aditya,32,88904,558,422060,Self-Employed,Approved,Chennai
Ananya,56,26330,714,250337,Salaried,Rejected,Bangalore
Rahul,56,124374,573,774156,Self-Employed,Rejected,Kolkata
Riya,26,63566,563,474045,Business,Approved,Bangalore
Rohan,51,97544,721,410455,Self-Employed,Approved,Chennai
Neha,38,65189,578,291736,Salaried,Approved,Bangalore
Imran,33,53361,828,557719,Self-Employed,Rejected,Hyderabad
Kabir,39,54816,634,238158,Self-Employed,Rejected,Mumbai
Ananya,38,30965,477,630238,Self-Employed,Rejected,Delhi
Aman,27,139389,456,651949,Self-Employed,Rejected,Kolkata
Karan,32,31734,579,953582,Self-Employed,Rejected,Pune
Zoya,52,34710,745,710021,Business,Approved,Mumbai
Karan,26,57530,510,635181,Self-Employed,Rejected,Bangalore
Aisha,49,144079,676,361797,Business,Approved,Ahmedabad
Arjun,60,122004,500,849787,Salaried,Approved,Bangalore
Rohan,31,56439,538,628805,Salaried,Approved,Delhi
Zoya,65,102832,690,355407,Salaried,Approved,Bangalore
Imran,65,137670,682,124637,Business,Rejected,Bangalore
Kabir,48,40043,728,285729,Business,Rejected,Delhi
Rohan,25,32816,534,881131,Self-Employed,Rejected,Hyderabad
Aisha,65,64857,808,472060,Self-Employed,Approved,Kolkata
Rahul,48,121276,615,683039,Self-Employed,Approved,Mumbai
Rohan,64,132665,587,654238,Salaried,Rejected,Delhi
Ananya,38,48788,749,507058,Business,Rejected,Kolkata
Aman,43,78523,620,386653,Business,Rejected,Pune
Aisha,47,115921,703,352218,Business,Rejected,Ahmedabad
Karan,50,36542,611,314659,Self-Employed,Rejected,Pune
Imran,53,133124,450,739606,Business,Rejected,Kolkata
Imran,54,72419,768,843188,Self-Employed,Rejected,Kolkata
Priya,38,96987,517,352020,Self-Employed,Approved,Kolkata
Sara,31,65730,732,64338,Business,Approved,Ahmedabad
Zoya,50,149133,510,729172,Salaried,Rejected,Kolkata
Kabir,53,117459,589,485673,Self-Employed,Approved,Kolkata
Aditya,45,49983,756,582929,Business,Rejected,Delhi
Ananya,47,69548,709,330150,Salaried,Rejected,Hyderabad
Karan,30,83529,725,557868,Self-Employed,Approved,Chennai
Priya,50,147270,614,961843,Salaried,Rejected,Bangalore
Kabir,47,30720,612,830879,Self-Employed,Approved,Ahmedabad
Rohan,52,29852,514,576690,Business,Rejected,Chennai
Kabir,27,93937,683,66093,Business,Approved,Delhi
Aman,25,86537,850,327896,Self-Employed,Approved,Ahmedabad
Aisha,64,137635,723,448468,Self-Employed,Rejected,Kolkata
Arjun,60,33968,570,711820,Business,Rejected,Hyderabad
Zoya,48,37903,839,714532,Business,Approved,Pune
Fatima,22,31028,616,884816,Salaried,Approved,Hyderabad
Arjun,30,57007,721,482067,Business,Approved,Delhi
Kabir,60,139142,645,699813,Business,Rejected,Bangalore
Rohan,35,85443,776,316314,Self-Employed,Rejected,Hyderabad
Zoya,39,113815,729,215649,Salaried,Rejected,Kolkata
Karan,61,80615,803,312246,Self-Employed,Approved,Hyderabad
Zoya,51,38979,571,449889,Business,Rejected,Chennai
Aisha,22,133794,787,465032,Self-Employed,Approved,Mumbai
Riya,59,122671,704,923294,Self-Employed,Rejected,Bangalore
Aisha,35,108442,547,701051,Self-Employed,Rejected,Delhi
Arjun,40,128364,675,84985,Business,Rejected,Chennai
Riya,39,67823,832,485686,Salaried,Approved,Bangalore
Ananya,54,90771,589,920813,Salaried,Rejected,Hyderabad
Kabir,39,122853,623,893298,Salaried,Rejected,Kolkata
Riya,35,137740,796,809396,Business,Rejected,Ahmedabad
Aditya,26,128636,652,64594,Self-Employed,Approved,Pune
Aman,58,74941,776,439518,Salaried,Approved,Bangalore
Zoya,60,54015,781,116287,Business,Rejected,Kolkata
Ananya,62,78516,509,196566,Salaried,Rejected,Mumbai
Riya,28,37739,570,980358,Business,Rejected,Delhi
Kabir,63,149437,830,780316,Business,Approved,Ahmedabad
Aditya,47,110841,500,924190,Self-Employed,Rejected,Ahmedabad
Riya,23,115476,639,277823,Self-Employed,Rejected,Kolkata
Aditya,27,114873,638,620913,Business,Approved,Chennai
Rahul,33,41011,682,146126,Business,Rejected,Bangalore
Imran,24,128126,620,305400,Salaried,Approved,Bangalore
Kabir,58,53305,569,394519,Salaried,Approved,Mumbai
Rahul,29,95807,578,887302,Salaried,Rejected,Pune
Aditya,29,26947,633,878358,Salaried,Approved,Chennai
Ananya,24,41614,829,491409,Business,Rejected,Pune
Priya,49,126976,635,588169,Business,Rejected,Pune
Rahul,60,30683,822,871273,Business,Approved,Hyderabad
Rohan,24,87781,655,496980,Business,Rejected,Pune
Aditya,25,142868,491,387758,Business,Approved,Delhi
Zoya,60,107978,749,624993,Business,Approved,Chennai
Imran,50,91263,759,501096,Salaried,Rejected,Pune
Sara,48,84186,566,483914,Self-Employed,Rejected,Kolkata
Ananya,41,80936,610,747416,Self-Employed,Rejected,Chennai
Riya,25,36957,493,147758,Self-Employed,Rejected,Pune
Fatima,29,97924,480,664953,Business,Rejected,Chennai
Zoya,43,139505,790,836730,Self-Employed,Rejected,Mumbai
Priya,43,38579,745,582060,Salaried,Rejected,Delhi
Fatima,27,70890,734,435415,Salaried,Rejected,Hyderabad
Aditya,56,125588,768,693378,Business,Approved,Mumbai
Neha,22,48647,589,786833,Self-Employed,Approved,Chennai
Rahul,30,99228,786,470252,Salaried,Rejected,Delhi
Neha,26,122794,721,275583,Self-Employed,Approved,Ahmedabad
Kabir,44,65846,819,390140,Business,Rejected,Pune
Fatima,31,123885,766,102179,Business,Approved,Pune
Sara,52,104570,676,484303,Self-Employed,Rejected,Bangalore
Zoya,43,81349,506,347005,Business,Rejected,Kolkata
Imran,23,53903,652,678437,Salaried,Approved,Mumbai
Fatima,29,125160,580,353507,Self-Employed,Approved,Pune
Riya,32,41932,644,608453,Business,Rejected,Bangalore
Arjun,25,77044,829,94357,Self-Employed,Approved,Mumbai
Karan,41,100465,669,651253,Self-Employed,Approved,Ahmedabad
Riya,22,67568,537,890247,Business,Rejected,Kolkata
Karan,26,82240,504,305135,Self-Employed,Rejected,Ahmedabad
Sara,40,122754,623,282335,Self-Employed,Approved,Delhi
Kabir,54,91840,549,999928,Self-Employed,Rejected,Chennai
Arjun,36,38474,524,318402,Salaried,Rejected,Delhi
Rohan,32,149687,845,708452,Self-Employed,Rejected,Kolkata
Aman,64,146130,739,724225,Business,Rejected,Chennai
Aisha,30,82640,484,541699,Self-Employed,Rejected,Hyderabad
Riya,43,91497,487,375486,Self-Employed,Approved,Kolkata
Aisha,39,35057,780,956231,Salaried,Approved,Ahmedabad
Kabir,49,144150,742,733501,Salaried,Rejected,Chennai
Neha,24,84050,502,900360,Self-Employed,Rejected,Pune
Zoya,23,57472,812,509022,Self-Employed,Approved,Delhi
Aman,45,78578,846,404803,Business,Rejected,Mumbai
Kabir,25,68213,498,635066,Business,Rejected,Ahmedabad
Karan,42,35682,748,745847,Salaried,Approved,Chennai
Aman,29,102993,812,138834,Self-Employed,Approved,Ahmedabad
Fatima,29,112833,809,919226,Business,Approved,Pune
Aman,53,72425,459,430211,Self-Employed,Rejected,Delhi
Sara,52,50166,565,194247,Salaried,Approved,Pune
Kabir,53,126040,726,925686,Business,Rejected,Mumbai
Aisha,59,74377,528,220128,Salaried,Rejected,Delhi
Rohan,47,72749,796,804540,Salaried,Approved,Kolkata
Rohan,35,94993,572,374500,Self-Employed,Rejected,Bangalore
Imran,50,125851,594,865922,Self-Employed,Rejected,Ahmedabad
Sara,59,43140,578,104714,Business,Rejected,Kolkata
Kabir,54,136564,513,348910,Salaried,Approved,Delhi
Fatima,48,37021,563,906375,Self-Employed,Rejected,Chennai
Riya,24,76964,707,442127,Salaried,Rejected,Ahmedabad
Kabir,35,28694,613,153896,Business,Rejected,Chennai
Rahul,23,62601,691,779884,Salaried,Approved,Kolkata
Zoya,26,27490,581,276130,Salaried,Approved,Ahmedabad
Rohan,36,64472,512,100068,Salaried,Rejected,Ahmedabad
Priya,25,39530,705,675726,Business,Rejected,Mumbai
Fatima,30,63177,669,51640,Business,Approved,Chennai
Rahul,32,112080,792,139772,Business,Approved,Chennai
Aditya,45,139469,690,95649,Business,Rejected,Ahmedabad
Aman,22,71805,484,411551,Salaried,Rejected,Pune
Rohan,29,30811,630,622536,Self-Employed,Rejected,Delhi
Rohan,65,87722,773,241132,Salaried,Rejected,Pune
Zoya,23,63462,553,95934,Salaried,Approved,Mumbai
Imran,53,77196,728,546395,Self-Employed,Rejected,Mumbai
Riya,39,71789,849,100126,Business,Approved,Chennai
Neha,48,141586,654,829414,Self-Employed,Approved,Ahmedabad
Fatima,52,115710,704,435191,Business,Rejected,Hyderabad
Arjun,26,81440,758,912287,Salaried,Approved,Hyderabad
Rohan,41,111628,601,371384,Self-Employed,Approved,Ahmedabad
Aisha,43,83606,471,812120,Self-Employed,Rejected,Ahmedabad
Kabir,25,112973,776,475942,Self-Employed,Rejected,Delhi
Riya,59,113878,850,509457,Salaried,Approved,Delhi
Riya,44,75181,740,83958,Business,Rejected,Delhi
Karan,44,83188,840,130620,Business,Approved,Delhi
Ananya,41,110139,592,311736,Salaried,Rejected,Mumbai
Imran,54,75723,737,173481,Self-Employed,Rejected,Hyderabad
Arjun,60,62431,805,565060,Salaried,Approved,Pune
Arjun,49,47630,815,516732,Salaried,Approved,Chennai
Neha,56,96063,598,984629,Self-Employed,Rejected,Delhi
Ananya,44,91683,564,177257,Salaried,Approved,Delhi
Kabir,22,72303,733,650076,Self-Employed,Rejected,Kolkata
Ananya,60,140899,494,118941,Self-Employed,Rejected,Ahmedabad
Aman,54,78843,843,479322,Business,Approved,Pune
Neha,62,34720,680,538461,Business,Approved,Chennai
Zoya,29,81704,707,960385,Salaried,Approved,Pune
Zoya,31,46229,615,793788,Salaried,Rejected,Chennai
Zoya,26,57847,550,715905,Business,Approved,Hyderabad
Kabir,60,94924,497,576986,Business,Rejected,Delhi
Aisha,31,111341,769,805638,Business,Rejected,Chennai
Fatima,22,35646,473,722612,Business,Rejected,Hyderabad
Zoya,60,108753,465,572230,Business,Rejected,Hyderabad
Aisha,51,57096,800,475818,Self-Employed,Approved,Kolkata
Kabir,31,82619,662,557774,Self-Employed,Approved,Bangalore
Kabir,41,137916,817,384827,Business,Rejected,Chennai
Aditya,44,92499,737,161341,Self-Employed,Approved,Bangalore
Fatima,49,57495,522,151514,Salaried,Rejected,Hyderabad
Neha,36,138417,531,902993,Self-Employed,Approved,Chennai
Karan,52,92466,689,572987,Self-Employed,Approved,Kolkata
Zoya,53,84930,573,275595,Business,Approved,Chennai
Sara,52,103317,784,755188,Self-Employed,Approved,Hyderabad
Karan,48,42555,585,812847,Self-Employed,Approved,Ahmedabad
Rohan,24,99747,737,254110,Self-Employed,Approved,Hyderabad
Sara,56,61663,769,763449,Business,Approved,Pune
Karan,46,73915,623,634929,Self-Employed,Approved,Delhi
Rohan,53,30276,473,90804,Salaried,Rejected,Chennai
Zoya,30,104463,713,196570,Self-Employed,Approved,Chennai
Zoya,58,69089,709,918524,Business,Rejected,Kolkata
Zoya,51,131921,458,436251,Self-Employed,Rejected,Pune
Priya,65,107478,463,675905,Self-Employed,Rejected,Hyderabad
Priya,24,101483,695,228794,Business,Approved,Ahmedabad
Fatima,23,100047,808,165233,Salaried,Approved,Mumbai
Aisha,30,79127,803,263795,Self-Employed,Rejected,Kolkata
Aman,29,92984,556,638132,Self-Employed,Rejected,Kolkata
Aditya,32,85249,722,408955,Business,Rejected,Chennai
Zoya,60,88462,548,308494,Self-Employed,Approved,Hyderabad
Riya,39,117392,556,773769,Business,Approved,Kolkata
Karan,56,147381,819,336741,Self-Employed,Approved,Pune
Arjun,46,132266,626,860616,Salaried,Approved,Hyderabad
Aditya,43,146111,676,737836,Self-Employed,Approved,Kolkata
Priya,56,116248,589,193941,Salaried,Approved,Bangalore
Sara,61,55518,476,155065,Self-Employed,Rejected,Chennai
Ananya,64,126025,520,55433,Business,Rejected,Delhi
Aisha,51,110267,552,842630,Self-Employed,Approved,Chennai
Neha,26,110498,743,293500,Business,Rejected,Mumbai
Zoya,47,140637,540,88105,Self-Employed,Approved,Kolkata
Aman,23,26214,602,645551,Business,Rejected,Pune
Kabir,39,84552,778,619691,Business,Rejected,Kolkata
Rohan,53,86344,589,252177,Salaried,Approved,Chennai
Imran,62,58720,817,245243,Salaried,Rejected,Chennai
Arjun,32,105079,777,990617,Self-Employed,Approved,Ahmedabad
Priya,46,112720,498,243757,Salaried,Rejected,Kolkata
Zoya,21,59181,646,296961,Self-Employed,Rejected,Hyderabad
Aisha,58,119749,743,61991,Self-Employed,Rejected,Chennai
Zoya,63,40495,688,371709,Salaried,Rejected,Ahmedabad
Kabir,65,40389,777,359369,Self-Employed,Approved,Bangalore
Ananya,51,45078,682,834056,Business,Approved,Chennai
Arjun,55,130119,790,915708,Salaried,Rejected,Bangalore
Sara,54,83556,720,787952,Self-Employed,Rejected,Pune
Kabir,24,133629,730,996746,Business,Rejected,Bangalore
Ananya,31,68007,716,513303,Salaried,Rejected,Bangalore
Fatima,26,142819,711,517122,Salaried,Approved,Kolkata
Karan,50,98912,479,635941,Self-Employed,Rejected,Hyderabad
Riya,37,132014,451,832032,Salaried,Approved,Pune
Fatima,65,33357,727,113182,Salaried,Approved,Kolkata
Karan,32,125790,519,853028,Business,Rejected,Ahmedabad
Riya,49,138982,643,443892,Salaried,Rejected,Delhi
Priya,28,48392,725,462151,Business,Rejected,Delhi
Priya,21,124113,461,362856,Self-Employed,Rejected,Ahmedabad
Sara,36,85375,627,212656,Self-Employed,Rejected,Bangalore
Arjun,23,131099,788,489605,Business,Approved,Mumbai
Aisha,27,102849,467,518127,Business,Rejected,Mumbai
Zoya,46,82535,569,615979,Salaried,Approved,Mumbai
Kabir,35,131926,824,654095,Self-Employed,Approved,Chennai
Neha,63,93321,563,483649,Self-Employed,Approved,Hyderabad
Karan,61,113965,668,632851,Self-Employed,Rejected,Mumbai
Neha,54,66777,806,486548,Self-Employed,Approved,Delhi
Kabir,55,87065,573,940598,Salaried,Rejected,Hyderabad
Kabir,50,144896,479,639704,Self-Employed,Rejected,Ahmedabad
Riya,45,56831,580,263214,Self-Employed,Rejected,Pune
Aisha,26,95206,820,919695,Salaried,Approved,Mumbai
Aman,25,49662,839,666126,Business,Approved,Bangalore
Ananya,40,144143,457,272096,Salaried,Rejected,Pune
Aman,36,116177,759,787954,Salaried,Rejected,Ahmedabad
Riya,39,74894,688,609572,Business,Approved,Chennai
Aman,53,140711,704,538640,Salaried,Rejected,Kolkata
Rahul,34,73589,610,484037,Salaried,Rejected,Bangalore
Imran,37,97523,749,657275,Business,Approved,Ahmedabad
Aman,42,55149,644,647467,Salaried,Rejected,Kolkata
Riya,37,125055,700,808705,Business,Approved,Kolkata
Aisha,31,43344,818,623095,Self-Employed,Rejected,Delhi
Fatima,54,29433,488,907730,Business,Rejected,Mumbai
Rohan,29,135434,772,292675,Salaried,Approved,Delhi
Rahul,44,32923,766,718706,Business,Rejected,Kolkata
Aditya,21,94758,732,481319,Salaried,Approved,Mumbai
Neha,55,62576,458,576611,Business,Rejected,Ahmedabad
Aditya,27,145330,499,599857,Salaried,Approved,Bangalore
Priya,43,60038,653,132857,Self-Employed,Approved,Ahmedabad
Karan,65,54603,603,767269,Salaried,Approved,Mumbai
Arjun,45,97443,693,108840,Business,Rejected,Mumbai
Aisha,52,135799,672,726234,Self-Employed,Rejected,Pune
Arjun,35,52710,804,980668,Business,Approved,Kolkata
Aman,64,146318,593,992996,Business,Approved,Mumbai
Zoya,22,52152,750,201195,Business,Rejected,Ahmedabad
Kabir,31,98919,573,644223,Self-Employed,Rejected,Chennai
Fatima,65,119917,490,575119,Business,Approved,Chennai
Aman,35,134926,488,407137,Business,Rejected,Ahmedabad
Karan,22,108115,589,871609,Self-Employed,Approved,Kolkata
Zoya,48,49345,798,664334,Business,Approved,Ahmedabad
Kabir,36,118468,487,136023,Self-Employed,Rejected,Delhi
Rohan,45,66507,634,161726,Salaried,Rejected,Mumbai
Rohan,44,124791,588,157197,Salaried,Approved,Pune
Arjun,56,97710,712,477865,Salaried,Approved,Mumbai
Karan,59,103386,616,955674,Self-Employed,Approved,Mumbai
Neha,26,120006,736,999178,Salaried,Rejected,Delhi
Fatima,29,60247,604,331444,Self-Employed,Approved,Delhi
Priya,38,80194,603,557753,Salaried,Approved,Chennai
Zoya,61,89985,754,696624,Salaried,Approved,Kolkata
Aman,21,149364,652,398354,Business,Rejected,Ahmedabad
Imran,49,68874,670,905088,Business,Approved,Delhi
Ananya,51,66180,540,467584,Self-Employed,Rejected,Hyderabad
Karan,57,127494,574,391716,Self-Employed,Rejected,Hyderabad
Rahul,44,39927,738,259505,Business,Rejected,Delhi
Arjun,50,148597,812,269832,Self-Employed,Rejected,Hyderabad
Kabir,47,113208,705,195939,Business,Approved,Hyderabad
Fatima,48,128425,643,127558,Self-Employed,Rejected,Kolkata
Priya,55,29818,634,785716,Business,Approved,Pune
Karan,63,112122,631,224418,Business,Rejected,Mumbai
Priya,42,129363,670,161090,Salaried,Approved,Pune
Rahul,49,74036,650,535556,Business,Approved,Delhi
Kabir,51,38703,601,486181,Salaried,Rejected,Pune
Sara,43,65880,625,527450,Salaried,Approved,Kolkata
Sara,49,119633,806,524425,Self-Employed,Approved,Pune
Priya,22,136303,625,729445,Salaried,Rejected,Delhi
Priya,54,47865,732,217914,Self-Employed,Rejected,Ahmedabad
Imran,46,107543,544,245440,Business,Rejected,Ahmedabad
Arjun,49,102621,669,457723,Salaried,Approved,Bangalore
Sara,57,38336,724,246041,Self-Employed,Approved,Chennai
Karan,37,112910,700,603349,Business,Rejected,Chennai
Zoya,58,39972,628,419082,Self-Employed,Rejected,Delhi
Zoya,60,102354,493,754758,Salaried,Approved,Chennai
Kabir,28,48992,641,777120,Salaried,Approved,Ahmedabad
Ananya,57,75293,666,244776,Self-Employed,Rejected,Delhi
Rahul,39,43388,545,379861,Self-Employed,Rejected,Mumbai
Ananya,52,42895,549,904815,Self-Employed,Rejected,Kolkata
Priya,47,118079,677,562438,Salaried,Rejected,Pune
Rohan,39,29285,590,285765,Business,Approved,Hyderabad
Aditya,57,122323,845,853124,Self-Employed,Approved,Pune
Fatima,55,132909,637,618373,Salaried,Rejected,Kolkata
Aisha,27,121467,784,837842,Salaried,Rejected,Hyderabad
Sara,49,59447,628,954081,Salaried,Rejected,Kolkata
Fatima,36,52509,827,666482,Business,Rejected,Chennai
Riya,31,105760,521,872974,Salaried,Rejected,Bangalore
Zoya,55,61842,755,614939,Salaried,Rejected,Chennai
Fatima,39,100069,586,949695,Business,Approved,Pune
Aman,24,61349,785,183051,Business,Approved,Delhi
Aditya,36,124807,796,461776,Self-Employed,Approved,Delhi
Aditya,61,79293,642,523947,Salaried,Approved,Pune
Arjun,65,147727,638,526782,Self-Employed,Rejected,Chennai
Karan,50,108209,790,781160,Self-Employed,Rejected,Pune
Aman,34,81314,558,568746,Self-Employed,Rejected,Chennai
Aisha,56,100750,516,643643,Self-Employed,Rejected,Chennai
Neha,23,38051,770,871967,Self-Employed,Approved,Mumbai
Zoya,49,84836,450,498580,Salaried,Rejected,Delhi
Riya,31,139612,590,147874,Business,Approved,Chennai
Priya,63,143462,782,223565,Salaried,Approved,Ahmedabad
Arjun,48,110915,496,787880,Salaried,Approved,Mumbai
Aman,29,102814,565,594676,Business,Approved,Kolkata
Karan,28,137766,666,777744,Salaried,Approved,Kolkata
Kabir,26,120782,502,158214,Self-Employed,Rejected,Chennai
Rahul,45,126379,835,966976,Salaried,Approved,Delhi
Kabir,60,110199,534,511477,Self-Employed,Rejected,Bangalore
Kabir,47,105750,801,513873,Salaried,Rejected,Pune
Kabir,28,102276,823,452686,Self-Employed,Approved,Ahmedabad
Rahul,36,61302,780,138341,Salaried,Rejected,Hyderabad
Zoya,63,139796,604,265425,Business,Rejected,Bangalore
Arjun,62,32152,572,568927,Self-Employed,Approved,Pune
Fatima,54,141486,456,428638,Self-Employed,Rejected,Delhi
Arjun,44,96612,799,231162,Self-Employed,Approved,Pune
Fatima,21,59365,560,91761,Salaried,Rejected,Ahmedabad
Zoya,48,116987,655,136431,Business,Approved,Delhi
Arjun,26,92017,554,897312,Salaried,Rejected,Chennai
Fatima,40,116576,673,815416,Salaried,Approved,Mumbai
Neha,28,84424,763,688407,Salaried,Rejected,Hyderabad
Riya,28,26660,812,193876,Business,Approved,Mumbai
Kabir,54,92793,850,912460,Business,Approved,Hyderabad
Aditya,38,121067,510,858903,Salaried,Rejected,Chennai
Riya,54,33371,584,796925,Business,Rejected,Pune
Sara,24,90484,740,224987,Self-Employed,Approved,Delhi
Rahul,57,113358,820,170936,Salaried,Approved,Mumbai
Aisha,36,31026,691,431657,Self-Employed,Approved,Delhi
Priya,56,130265,815,826644,Business,Approved,Ahmedabad
Sara,47,145042,818,385476,Self-Employed,Approved,Pune
Arjun,53,113254,476,238056,Salaried,Rejected,Mumbai
Rohan,50,138512,594,861102,Self-Employed,Approved,Chennai
Priya,21,73354,552,355759,Business,Rejected,Hyderabad
Fatima,50,73270,752,567326,Salaried,Approved,Bangalore
Rahul,22,55539,727,413251,Business,Rejected,Mumbai
Priya,63,74319,827,812540,Self-Employed,Approved,Pune
Priya,47,89491,480,199289,Business,Approved,Hyderabad
Arjun,54,79140,808,989081,Self-Employed,Rejected,Kolkata
Aisha,58,37527,708,189999,Business,Approved,Ahmedabad
Karan,48,111827,516,298273,Self-Employed,Rejected,Hyderabad
Arjun,65,134038,826,392099,Self-Employed,Approved,Kolkata
Neha,33,42840,849,857557,Business,Approved,Pune
Imran,49,86086,610,476259,Salaried,Rejected,Chennai
Zoya,49,65410,687,327880,Salaried,Approved,Pune
Priya,65,104076,470,275465,Self-Employed,Approved,Delhi
Neha,43,76936,712,101328,Business,Approved,Hyderabad
Sara,22,149793,657,946114,Self-Employed,Approved,Bangalore
Karan,29,40919,456,114664,Salaried,Approved,Delhi
Arjun,44,114952,772,726001,Salaried,Rejected,Hyderabad
Arjun,22,33450,551,996335,Business,Rejected,Kolkata
Fatima,42,41059,471,533388,Salaried,Rejected,Delhi
Imran,46,90028,465,451320,Business,Approved,Ahmedabad
Priya,32,61042,593,517676,Salaried,Rejected,Mumbai
Aditya,62,63680,705,482005,Business,Approved,Kolkata
Rahul,45,42987,664,259146,Business,Rejected,Bangalore
Aman,45,127487,815,426556,Self-Employed,Approved,Kolkata
Aditya,45,60446,542,77329,Self-Employed,Approved,Bangalore
Sara,24,130991,691,605149,Self-Employed,Rejected,Bangalore
Priya,36,111096,573,329473,Business,Rejected,Mumbai
Aman,57,135953,648,422039,Salaried,Approved,Delhi
Kabir,65,72026,752,79576,Business,Rejected,Chennai
Aisha,57,149304,546,927340,Self-Employed,Approved,Hyderabad
Rahul,26,32362,569,680889,Salaried,Rejected,Mumbai
Aman,42,145310,764,261250,Salaried,Rejected,Chennai
Riya,24,27872,525,665104,Business,Rejected,Delhi
Aman,25,73967,810,744303,Self-Employed,Approved,Pune
Neha,29,45644,824,508089,Business,Approved,Kolkata
Neha,56,115906,764,875220,Self-Employed,Rejected,Bangalore
Rahul,45,65215,825,771942,Self-Employed,Approved,Delhi
Aman,65,149347,743,460623,Business,Approved,Mumbai
Arjun,60,53953,777,643022,Salaried,Approved,Kolkata
Aman,36,70457,613,226042,Business,Rejected,Pune
Sara,49,26493,585,269869,Salaried,Approved,Pune
Fatima,21,31310,647,509507,Business,Rejected,Ahmedabad
Ananya,52,140575,643,418292,Business,Approved,Ahmedabad
Aisha,57,110323,838,770539,Salaried,Approved,Delhi
Karan,39,27631,613,323812,Salaried,Approved,Pune
Ananya,31,120942,488,623619,Salaried,Rejected,Chennai
Sara,22,81534,784,223012,Business,Approved,Ahmedabad
Zoya,42,51941,547,479161,Business,Rejected,Hyderabad
Riya,36,37571,475,461987,Business,Approved,Kolkata
Rahul,21,81047,494,358857,Business,Approved,Kolkata
Zoya,34,47391,776,355986,Salaried,Rejected,Kolkata
Karan,46,86727,700,988347,Business,Approved,Hyderabad
Rohan,32,73630,645,437345,Salaried,Approved,Kolkata
Sara,50,59524,565,927740,Self-Employed,Approved,Mumbai
Priya,26,112574,626,897438,Business,Rejected,Ahmedabad
Ananya,56,32993,648,908160,Business,Rejected,Ahmedabad
Aisha,57,140560,570,549397,Self-Employed,Rejected,Pune
Rohan,53,99870,714,889333,Business,Approved,Delhi
Arjun,32,149395,535,272182,Salaried,Approved,Delhi
Aditya,64,82067,553,912520,Business,Rejected,Delhi
Karan,41,144380,822,896561,Salaried,Approved,Pune
Fatima,56,67746,591,594932,Self-Employed,Rejected,Mumbai
Sara,28,79321,526,205398,Business,Rejected,Pune
Ananya,39,138701,724,972889,Self-Employed,Approved,Ahmedabad
Karan,57,104817,692,89285,Salaried,Approved,Hyderabad
Aditya,23,76877,619,774056,Salaried,Rejected,Mumbai
Ananya,44,27651,622,907091,Self-Employed,Approved,Hyderabad
Rohan,65,114764,500,961107,Salaried,Rejected,Delhi
Imran,41,60313,823,487017,Business,Approved,Pune
Neha,47,122117,698,846386,Business,Rejected,Chennai
Rahul,25,65779,813,581413,Self-Employed,Rejected,Delhi
Aisha,32,50265,552,927633,Salaried,Approved,Bangalore
Sara,44,117357,551,337286,Self-Employed,Rejected,Kolkata
Ananya,64,29005,573,440559,Self-Employed,Approved,Kolkata
Arjun,58,97264,629,410971,Salaried,Rejected,Hyderabad
Priya,39,28597,647,102062,Salaried,Rejected,Bangalore
Rahul,64,52096,587,733238,Self-Employed,Rejected,Mumbai
Zoya,51,144474,517,728818,Salaried,Approved,Mumbai
Imran,62,61094,666,988981,Self-Employed,Approved,Chennai
Rahul,50,64602,796,595928,Business,Approved,Ahmedabad
Sara,53,111816,641,638730,Business,Approved,Hyderabad
Aditya,51,33367,622,339913,Business,Rejected,Chennai
Priya,62,118204,783,363305,Salaried,Approved,Delhi
Rahul,24,130569,757,473727,Business,Rejected,Chennai
Aisha,62,90191,601,322028,Self-Employed,Approved,Ahmedabad
Priya,58,117808,742,905653,Salaried,Rejected,Chennai
Neha,64,95075,776,873024,Self-Employed,Approved,Chennai
Aditya,63,139883,735,239934,Self-Employed,Approved,Pune
Priya,56,124997,543,762730,Self-Employed,Approved,Pune
Sara,40,80112,619,439737,Self-Employed,Rejected,Hyderabad
Imran,51,32035,774,661922,Business,Approved,Pune
Kabir,53,40704,798,450209,Business,Approved,Hyderabad
Neha,29,51253,625,479068,Business,Approved,Kolkata
Rahul,26,88908,620,711685,Salaried,Rejected,Chennai
Arjun,49,60851,557,848169,Salaried,Rejected,Delhi
Ananya,29,105541,672,714259,Self-Employed,Approved,Ahmedabad
Aman,45,25611,469,609711,Salaried,Rejected,Chennai
Riya,54,49979,459,759621,Salaried,Rejected,Bangalore
Aisha,40,41899,502,452181,Business,Approved,Hyderabad
Kabir,40,149316,598,528073,Business,Rejected,Chennai
Karan,42,143146,700,426701,Salaried,Rejected,Delhi
Neha,22,54939,564,812491,Salaried,Rejected,Bangalore
Aditya,28,73049,814,732141,Salaried,Rejected,Ahmedabad
Rahul,55,106675,474,672774,Salaried,Rejected,Pune
Aditya,24,115406,509,487020,Self-Employed,Approved,Ahmedabad
Sara,51,116995,528,265477,Business,Approved,Mumbai
Sara,63,93197,588,703050,Business,Rejected,Delhi
Ananya,53,119210,766,173453,Self-Employed,Rejected,Pune
Fatima,33,104823,552,865749,Self-Employed,Rejected,Bangalore
Ananya,39,46020,470,624765,Self-Employed,Rejected,Bangalore
Ananya,42,55737,451,63368,Business,Rejected,Pune
Sara,30,149445,496,867392,Business,Rejected,Pune
Sara,37,109454,568,528938,Self-Employed,Rejected,Hyderabad
Aman,32,139575,470,943647,Self-Employed,Rejected,Chennai
Neha,48,121801,509,149613,Salaried,Rejected,Mumbai
Aman,42,71861,674,702011,Self-Employed,Approved,Pune
Ananya,32,39920,655,469692,Self-Employed,Rejected,Hyderabad
Neha,47,110045,535,168548,Salaried,Rejected,Mumbai
Karan,27,79529,752,556121,Business,Approved,Kolkata
Ananya,43,105131,464,954476,Business,Rejected,Delhi
Aman,28,141338,660,512094,Salaried,Approved,Pune
Aman,21,117349,797,600311,Business,Rejected,Bangalore
Priya,54,93564,802,784611,Business,Approved,Pune
Aisha,51,70318,789,759147,Business,Approved,Ahmedabad
Arjun,21,109331,530,580126,Self-Employed,Rejected,Kolkata
Karan,52,67026,573,396968,Self-Employed,Rejected,Mumbai
Rohan,46,132099,570,132659,Self-Employed,Rejected,Kolkata
Rahul,26,137274,705,518784,Self-Employed,Rejected,Pune
Zoya,27,77879,661,87572,Business,Rejected,Mumbai
Riya,53,98706,555,736393,Business,Rejected,Kolkata
Ananya,24,132031,564,935331,Self-Employed,Rejected,Chennai
Priya,63,72617,816,524514,Salaried,Rejected,Pune
Riya,21,69742,631,920196,Business,Rejected,Hyderabad
Fatima,65,38935,473,990443,Salaried,Approved,Kolkata
Karan,27,58330,762,255438,Salaried,Rejected,Pune
Fatima,34,84905,850,249836,Business,Approved,Chennai
Rohan,23,146454,774,928146,Business,Rejected,Pune
Aisha,50,111305,751,578689,Salaried,Approved,Kolkata
Neha,56,147592,671,929562,Business,Rejected,Kolkata
Aman,65,100832,538,815979,Salaried,Rejected,Pune
Aman,53,140525,646,489001,Business,Approved,Bangalore
Aman,39,84355,518,194892,Self-Employed,Rejected,Hyderabad
Kabir,56,107913,561,260647,Salaried,Rejected,Hyderabad
Riya,62,48306,707,618843,Business,Rejected,Chennai
Zoya,56,87963,748,648357,Business,Rejected,Ahmedabad
Aisha,48,130946,456,598122,Salaried,Rejected,Mumbai
Kabir,63,32419,552,329947,Salaried,Rejected,Hyderabad
Rohan,24,115517,601,263910,Business,Approved,Mumbai
Karan,27,105754,795,825414,Business,Rejected,Bangalore
Karan,36,91967,806,351610,Business,Rejected,Mumbai
Aditya,47,128299,800,377841,Business,Approved,Mumbai
Riya,33,106338,849,952241,Self-Employed,Rejected,Bangalore
Neha,58,96645,828,682697,Salaried,Approved,Bangalore
Fatima,64,34760,545,232237,Business,Rejected,Pune
Rohan,38,97954,585,186384,Salaried,Approved,Hyderabad
Zoya,30,30235,528,388302,Business,Rejected,Mumbai
Aman,52,128534,743,626884,Self-Employed,Rejected,Pune
Karan,54,53830,544,595895,Salaried,Rejected,Delhi
Zoya,26,70796,563,976308,Salaried,Approved,Chennai
Rahul,34,149558,835,698314,Business,Rejected,Kolkata
Aman,28,112679,627,517315,Salaried,Rejected,Bangalore
Riya,45,145053,508,454620,Self-Employed,Approved,Hyderabad
Imran,53,130226,710,517200,Self-Employed,Approved,Mumbai
Imran,41,92357,492,150617,Salaried,Rejected,Mumbai
Imran,63,107511,846,273530,Business,Rejected,Ahmedabad
Arjun,55,133625,809,971317,Business,Approved,Ahmedabad
Arjun,64,45152,462,531532,Business,Approved,Chennai
Fatima,24,48329,578,635193,Salaried,Rejected,Bangalore
Sara,45,84129,772,474094,Self-Employed,Approved,Chennai
Aisha,55,25773,778,805274,Business,Rejected,Pune
Zoya,65,136181,487,425075,Business,Rejected,Pune
Rahul,59,36338,594,852448,Self-Employed,Rejected,Ahmedabad
Zoya,51,45489,723,280545,Salaried,Rejected,Ahmedabad
Rahul,61,43884,602,760189,Business,Rejected,Chennai
Karan,56,139657,734,198241,Salaried,Approved,Mumbai
Kabir,55,96765,493,369491,Salaried,Approved,Chennai
Aisha,31,49116,563,696850,Self-Employed,Approved,Bangalore
Aditya,56,85458,780,626365,Salaried,Rejected,Hyderabad
Priya,27,50875,821,658798,Self-Employed,Approved,Chennai
Aman,27,62373,767,123199,Salaried,Approved,Chennai
Riya,60,111431,606,777143,Business,Rejected,Delhi
Fatima,41,81139,536,55066,Self-Employed,Rejected,Bangalore
Rohan,38,135114,634,190829,Business,Rejected,Chennai
Arjun,49,72020,846,370310,Self-Employed,Approved,Pune
Arjun,38,137553,521,984592,Business,Approved,Bangalore
Karan,25,141930,459,940856,Business,Rejected,Mumbai
Kabir,58,52886,468,628388,Self-Employed,Rejected,Kolkata
Arjun,44,76445,564,984740,Business,Approved,Hyderabad
Neha,46,72692,707,61106,Business,Rejected,Bangalore
Ananya,53,43398,678,216956,Salaried,Rejected,Delhi
Riya,43,30297,562,848461,Self-Employed,Approved,Bangalore
Rohan,35,30610,792,266818,Business,Approved,Chennai
Aditya,23,30230,782,389813,Salaried,Rejected,Hyderabad
Arjun,58,96349,741,232294,Self-Employed,Approved,Ahmedabad
Riya,54,57975,642,283726,Business,Approved,Ahmedabad
Kabir,52,128895,696,980267,Business,Approved,Mumbai
Neha,49,46706,567,130832,Business,Approved,Hyderabad
Aman,31,72477,758,802146,Salaried,Approved,Bangalore
Fatima,28,88113,795,552073,Self-Employed,Approved,Bangalore
Aisha,22,56938,472,184097,Business,Approved,Delhi
Karan,57,44249,478,224421,Self-Employed,Rejected,Delhi
Imran,59,98872,776,69524,Business,Rejected,Hyderabad
Fatima,49,104498,691,959432,Self-Employed,Approved,Delhi
Aman,59,43705,748,910307,Salaried,Approved,Hyderabad
Sara,50,103188,752,122187,Salaried,Approved,Ahmedabad
Sara,22,51522,717,951347,Business,Rejected,Ahmedabad
Kabir,32,87373,764,678950,Salaried,Approved,Pune
Riya,59,95685,450,990540,Business,Rejected,Ahmedabad
Karan,23,116441,721,499793,Salaried,Rejected,Kolkata
Aditya,43,102207,829,848531,Business,Approved,Pune
Fatima,51,125382,569,950782,Salaried,Rejected,Hyderabad
Sara,37,49775,452,793596,Business,Rejected,Mumbai
Sara,54,25942,642,736341,Salaried,Approved,Chennai
Fatima,30,80846,783,663805,Self-Employed,Rejected,Hyderabad
Fatima,57,72925,763,338946,Business,Rejected,Ahmedabad
Ananya,56,127732,735,555904,Salaried,Approved,Chennai
Sara,37,65193,745,411083,Business,Rejected,Ahmedabad
Karan,35,83536,850,783281,Salaried,Approved,Pune
Rahul,42,129969,731,693852,Business,Approved,Mumbai
Aditya,26,132905,524,544580,Business,Approved,Ahmedabad
Karan,35,73606,490,688613,Salaried,Rejected,Ahmedabad
Neha,60,111006,716,350384,Business,Rejected,Mumbai
Priya,61,89797,674,61230,Salaried,Approved,Hyderabad
Neha,60,47214,795,87812,Self-Employed,Rejected,Bangalore
Imran,26,61167,849,468836,Self-Employed,Approved,Ahmedabad
Riya,54,27014,827,787801,Salaried,Approved,Pune
Karan,43,131891,591,287288,Business,Rejected,Bangalore
Zoya,57,25609,583,233537,Self-Employed,Rejected,Pune
Aditya,42,149127,509,891945,Business,Rejected,Hyderabad
Rohan,65,83034,643,640525,Self-Employed,Rejected,Bangalore
Arjun,64,85387,750,953896,Salaried,Approved,Kolkata
Fatima,45,108055,562,759794,Business,Rejected,Bangalore
Arjun,43,92699,724,60195,Business,Approved,Hyderabad
Neha,46,113302,833,910959,Self-Employed,Approved,Pune
Imran,51,66139,631,279183,Business,Approved,Hyderabad
Imran,52,121614,552,296269,Business,Rejected,Bangalore
Sara,35,51577,577,926960,Business,Approved,Chennai
Aisha,28,145610,490,758640,Business,Rejected,Kolkata
Aditya,51,73653,767,380738,Self-Employed,Approved,Hyderabad
Fatima,46,54110,834,654677,Salaried,Approved,Mumbai
Neha,51,148162,726,84144,Business,Approved,Chennai
Rahul,50,40776,807,593377,Self-Employed,Rejected,Chennai
Aditya,64,52623,644,659231,Salaried,Approved,Chennai
Aman,32,96901,584,298658,Self-Employed,Rejected,Kolkata
Riya,44,49105,705,494536,Salaried,Rejected,Ahmedabad
Priya,44,136978,655,343212,Self-Employed,Rejected,Delhi
Imran,27,119478,588,893146,Salaried,Rejected,Ahmedabad
Ananya,30,129862,828,206812,Self-Employed,Approved,Mumbai
Zoya,29,142082,772,592121,Business,Rejected,Chennai
Aisha,37,98680,740,100026,Self-Employed,Rejected,Pune
Aman,34,131668,580,549687,Business,Rejected,Pune
Fatima,37,72312,634,637569,Business,Approved,Hyderabad
Zoya,28,71018,797,684992,Salaried,Rejected,Delhi
Karan,43,67610,794,585239,Self-Employed,Rejected,Kolkata
Aman,60,62555,687,712398,Salaried,Rejected,Delhi
Aman,47,107742,763,649405,Self-Employed,Approved,Pune
Karan,35,66088,612,734733,Self-Employed,Rejected,Hyderabad
Neha,38,141351,677,868910,Self-Employed,Approved,Kolkata
Arjun,22,41389,822,296024,Business,Rejected,Hyderabad
Ananya,34,46877,653,158013,Salaried,Rejected,Pune
Kabir,56,32055,463,858382,Self-Employed,Approved,Pune
Rohan,26,110830,649,374398,Salaried,Rejected,Bangalore
Riya,61,41569,517,602329,Salaried,Approved,Mumbai
Kabir,41,138277,693,539887,Business,Rejected,Hyderabad
Fatima,65,95685,540,669531,Business,Rejected,Kolkata
Priya,54,108858,777,609713,Self-Employed,Approved,Chennai
Rahul,26,82915,607,433551,Self-Employed,Approved,Hyderabad
Rahul,21,93592,838,939136,Salaried,Approved,Chennai
Fatima,65,145859,701,842170,Self-Employed,Approved,Hyderabad
Fatima,39,103250,568,885471,Salaried,Approved,Chennai
Priya,46,57754,533,799666,Business,Rejected,Ahmedabad
Aditya,37,35382,666,705698,Salaried,Approved,Hyderabad
Rohan,47,49641,485,241267,Salaried,Approved,Hyderabad
Rahul,60,84345,589,784498,Business,Approved,Kolkata
Kabir,30,31505,723,73205,Salaried,Approved,Pune
Imran,49,120303,454,294119,Salaried,Approved,Delhi
Aisha,42,80082,609,873892,Self-Employed,Rejected,Chennai
Arjun,42,35515,834,203184,Salaried,Rejected,Hyderabad
Sara,55,86623,542,251528,Self-Employed,Rejected,Ahmedabad
Sara,36,75436,844,514478,Salaried,Approved,Mumbai
Neha,54,112294,556,545793,Self-Employed,Rejected,Hyderabad
Zoya,61,120451,471,830900,Business,Rejected,Pune
Priya,33,72241,476,955610,Business,Rejected,Bangalore
Karan,61,81906,616,65799,Salaried,Rejected,Hyderabad
Kabir,36,26170,471,659303,Business,Rejected,Kolkata
Aman,44,126029,495,310804,Salaried,Approved,Kolkata
Sara,61,32871,480,422787,Business,Rejected,Delhi
Rohan,29,88942,569,382125,Business,Rejected,Chennai
Aisha,33,27798,802,446119,Self-Employed,Approved,Delhi
Neha,52,117618,674,636179,Self-Employed,Approved,Kolkata
Neha,55,70569,615,817979,Self-Employed,Rejected,Hyderabad
Rohan,25,94617,529,521213,Self-Employed,Rejected,Hyderabad
Riya,21,126701,776,580535,Self-Employed,Rejected,Delhi
Ananya,60,56298,614,806027,Salaried,Approved,Ahmedabad
Sara,56,45202,763,346882,Self-Employed,Rejected,Ahmedabad
Aisha,27,93576,787,119918,Salaried,Approved,Delhi
Karan,33,39031,698,250924,Salaried,Rejected,Mumbai
Priya,63,89213,719,704280,Business,Approved,Hyderabad
Arjun,59,119089,486,63721,Salaried,Rejected,Kolkata
Aisha,50,129991,777,113648,Self-Employed,Rejected,Ahmedabad
Arjun,60,59840,720,92627,Business,Rejected,Pune
Imran,34,93089,499,156142,Business,Rejected,Bangalore
Fatima,33,93969,786,310846,Business,Approved,Delhi
Fatima,27,125438,776,654570,Self-Employed,Rejected,Kolkata
Rohan,27,46864,542,626680,Self-Employed,Rejected,Chennai
Fatima,43,143290,611,626802,Self-Employed,Rejected,Chennai
Aditya,41,104745,573,640500,Business,Rejected,Bangalore
Rahul,44,84297,679,466379,Salaried,Rejected,Mumbai
Aman,54,42705,604,56887,Self-Employed,Approved,Bangalore
Rohan,22,126125,803,912283,Self-Employed,Approved,Delhi
Zoya,43,45461,520,327860,Self-Employed,Approved,Bangalore
Ananya,26,99774,654,646707,Salaried,Rejected,Pune
Zoya,32,88999,803,786989,Business,Approved,Pune
Aman,23,120786,745,450080,Salaried,Rejected,Mumbai
Rahul,43,140316,672,486754,Salaried,Rejected,Bangalore
Aman,61,126897,773,451066,Salaried,Approved,Hyderabad
Karan,55,99044,526,392707,Business,Approved,Bangalore
Zoya,49,123676,754,653198,Business,Approved,Pune
Aisha,46,44400,517,402497,Salaried,Rejected,Kolkata
Kabir,56,77322,584,139211,Self-Employed,Rejected,Ahmedabad
Imran,29,88035,736,257731,Self-Employed,Rejected,Ahmedabad
Fatima,56,105739,826,599713,Salaried,Approved,Bangalore
Riya,41,114749,744,143946,Salaried,Approved,Ahmedabad
Neha,33,67039,626,672725,Business,Rejected,Mumbai
Priya,43,105769,676,703453,Salaried,Approved,Kolkata
Aisha,33,114831,641,213568,Business,Approved,Pune
Sara,36,149379,767,204850,Self-Employed,Approved,Mumbai
Imran,40,83990,691,73853,Self-Employed,Rejected,Bangalore
Kabir,34,96620,717,836804,Self-Employed,Rejected,Kolkata
Aisha,65,116587,792,69281,Self-Employed,Approved,Mumbai
Rahul,39,51305,806,697983,Self-Employed,Approved,Mumbai
Rahul,25,75940,788,334489,Business,Rejected,Chennai
Sara,39,138693,782,455298,Salaried,Approved,Ahmedabad
Rohan,41,88525,755,607381,Salaried,Approved,Delhi
Zoya,56,146418,814,72532,Salaried,Rejected,Bangalore
Riya,42,89216,651,830550,Salaried,Approved,Mumbai
Aditya,43,106950,604,297678,Business,Rejected,Hyderabad
Karan,45,141706,465,631896,Self-Employed,Approved,Bangalore
Kabir,63,42991,494,815344,Self-Employed,Rejected,Bangalore
Kabir,48,65944,759,395280,Self-Employed,Approved,Delhi
Kabir,58,95956,800,888970,Salaried,Approved,Delhi
Sara,48,144144,844,202203,Business,Approved,Delhi
Fatima,32,66628,524,812398,Salaried,Rejected,Chennai
Imran,47,64760,676,831828,Business,Approved,Hyderabad
Priya,27,42241,544,77470,Business,Rejected,Hyderabad
Ananya,59,55432,568,770767,Salaried,Approved,Chennai
Karan,29,90840,759,541534,Business,Approved,Chennai
Rahul,52,87108,520,221742,Salaried,Approved,Bangalore
Arjun,38,149544,661,283365,Business,Rejected,Bangalore
Rohan,32,146517,674,959250,Business,Rejected,Kolkata
Karan,36,81040,657,863920,Salaried,Rejected,Ahmedabad
Rohan,60,148094,830,649716,Business,Approved,Mumbai
Aisha,50,133397,471,970418,Salaried,Rejected,Ahmedabad
Rohan,56,75777,714,852328,Business,Approved,Mumbai
Zoya,46,140919,605,861259,Self-Employed,Approved,Kolkata
Rohan,60,145459,477,773468,Business,Rejected,Delhi
Aman,26,119718,706,168669,Salaried,Approved,Delhi
Arjun,49,28265,541,525718,Business,Rejected,Bangalore
Sara,37,67477,804,730081,Business,Rejected,Delhi
Karan,26,39963,811,521228,Business,Approved,Chennai
Neha,53,105225,531,447073,Business,Approved,Ahmedabad
Neha,42,99120,787,954577,Salaried,Rejected,Delhi
Neha,24,79995,607,374553,Business,Approved,Kolkata
Ananya,28,142773,517,262705,Salaried,Approved,Hyderabad
Ananya,52,96237,452,687517,Self-Employed,Rejected,Bangalore
Aditya,50,78759,676,133262,Business,Approved,Mumbai
Aisha,60,107396,735,909959,Salaried,Approved,Mumbai
Arjun,62,70746,468,202436,Salaried,Rejected,Hyderabad
Neha,24,39272,663,236906,Salaried,Rejected,Hyderabad
Aman,50,123216,746,427685,Salaried,Rejected,Pune
Arjun,44,142641,644,910109,Salaried,Rejected,Ahmedabad
Fatima,39,86710,518,177950,Business,Rejected,Hyderabad
Arjun,54,52504,806,269205,Business,Approved,Mumbai
Aman,51,119905,802,684155,Business,Approved,Hyderabad
Ananya,37,93864,744,703518,Self-Employed,Rejected,Delhi
Priya,54,120575,773,571919,Self-Employed,Rejected,Delhi
Sara,39,50369,450,173949,Salaried,Rejected,Kolkata
Imran,34,129800,765,484773,Self-Employed,Approved,Mumbai
Zoya,21,108967,553,773535,Self-Employed,Rejected,Hyderabad
Aman,40,91412,731,389658,Salaried,Rejected,Pune
Aman,46,119948,741,695915,Salaried,Approved,Delhi
Rohan,64,87797,692,885981,Salaried,Approved,Delhi
Zoya,55,142431,621,534935,Self-Employed,Rejected,Mumbai
Aman,57,120022,797,380828,Business,Approved,Mumbai
Neha,43,33678,526,344083,Salaried,Rejected,Chennai
Zoya,57,104388,649,246481,Business,Rejected,Pune
Priya,41,118040,466,334685,Self-Employed,Rejected,Pune
Riya,44,84232,604,276639,Business,Approved,Hyderabad
Kabir,23,126946,553,147102,Self-Employed,Rejected,Mumbai
Kabir,33,69579,697,818020,Business,Rejected,Hyderabad
Rohan,27,132759,714,759589,Salaried,Rejected,Bangalore
Arjun,45,118543,717,171462,Salaried,Rejected,Hyderabad
Zoya,42,86194,473,158111,Business,Approved,Hyderabad
Aman,61,141933,557,386467,Salaried,Approved,Bangalore
Rahul,49,112965,510,335898,Salaried,Approved,Delhi
Aditya,60,98351,713,157348,Salaried,Rejected,Chennai
Zoya,30,148637,810,893058,Self-Employed,Approved,Bangalore
Ananya,60,141948,623,616836,Self-Employed,Approved,Mumbai
Neha,64,31613,504,452233,Salaried,Rejected,Pune
Zoya,59,141821,753,710047,Business,Rejected,Kolkata
Rohan,42,132143,551,797528,Business,Rejected,Pune
Zoya,57,42274,497,902336,Business,Approved,Kolkata
Priya,64,109465,813,853726,Self-Employed,Approved,Kolkata
Aman,30,137865,765,320587,Self-Employed,Approved,Ahmedabad
Ananya,41,84412,699,81734,Salaried,Approved,Kolkata
Karan,50,135856,537,345968,Self-Employed,Rejected,Delhi
Karan,27,67712,734,730999,Salaried,Approved,Hyderabad
Karan,58,79190,572,701034,Salaried,Rejected,Delhi
Fatima,25,69658,556,903452,Business,Rejected,Ahmedabad
Arjun,57,128196,625,620977,Business,Approved,Bangalore
Sara,57,134674,699,169876,Business,Approved,Kolkata
Karan,49,48091,607,475505,Salaried,Rejected,Pune
Kabir,41,89788,780,742232,Salaried,Approved,Pune
Rohan,58,143391,836,717033,Salaried,Approved,Delhi
Aman,55,63207,649,695474,Business,Approved,Kolkata
Rahul,40,99747,797,369343,Self-Employed,Rejected,Chennai
Aisha,60,91902,656,938811,Salaried,Approved,Hyderabad
Rahul,21,117190,736,910622,Self-Employed,Rejected,Pune
Karan,36,81585,809,668831,Self-Employed,Rejected,Chennai
Imran,45,82041,729,271476,Business,Approved,Delhi
Kabir,56,75409,634,930764,Self-Employed,Approved,Delhi
Ananya,29,26520,486,729885,Salaried,Rejected,Delhi
Fatima,63,82243,519,138776,Salaried,Rejected,Ahmedabad
Priya,60,48566,682,584160,Self-Employed,Approved,Kolkata
Priya,32,80675,759,57790,Business,Rejected,Kolkata
Aisha,53,60291,660,622696,Business,Approved,Chennai
Arjun,57,88342,810,436482,Salaried,Rejected,Kolkata
Arjun,30,120706,824,601978,Self-Employed,Approved,Kolkata
Zoya,36,86925,772,827714,Business,Rejected,Pune
Ananya,60,31917,625,611023,Salaried,Rejected,Kolkata
Aisha,57,121182,619,491467,Self-Employed,Approved,Hyderabad
Ananya,65,145961,755,835829,Self-Employed,Approved,Hyderabad
Rahul,58,47161,743,104127,Business,Rejected,Hyderabad
Aditya,39,88538,492,182981,Business,Rejected,Pune
Sara,37,42372,765,344620,Self-Employed,Approved,Hyderabad
Neha,59,47886,752,824863,Salaried,Approved,Kolkata
Aisha,37,127567,808,297669,Self-Employed,Rejected,Delhi
Fatima,42,36062,524,674473,Salaried,Rejected,Kolkata
Riya,45,56188,788,511567,Business,Approved,Delhi
Karan,24,109182,585,842182,Salaried,Approved,Mumbai
Karan,51,64500,693,832395,Business,Approved,Bangalore
Rohan,51,59422,524,606208,Self-Employed,Approved,Mumbai
Riya,45,113931,611,606011,Business,Approved,Mumbai
Sara,48,105017,783,950051,Self-Employed,Approved,Chennai
Imran,37,110766,749,460154,Self-Employed,Rejected,Bangalore
Rahul,54,69224,796,773809,Salaried,Approved,Chennai
Riya,25,26567,660,152444,Business,Rejected,Pune
Arjun,35,120060,595,314132,Salaried,Approved,Mumbai
Sara,24,148011,754,738500,Salaried,Rejected,Pune
Neha,26,137255,759,186217,Self-Employed,Rejected,Delhi
Aditya,37,63609,689,742561,Salaried,Rejected,Kolkata
Arjun,48,115730,791,857278,Self-Employed,Approved,Hyderabad
Aditya,38,126856,481,451393,Self-Employed,Rejected,Chennai
Neha,37,48321,675,122769,Self-Employed,Rejected,Bangalore
Sara,62,89494,505,200861,Business,Approved,Ahmedabad
Aditya,49,118768,582,158304,Salaried,Approved,Pune
Karan,49,27459,704,206085,Business,Rejected,Mumbai
Ananya,38,44871,808,395852,Self-Employed,Approved,Mumbai
Rahul,51,82154,656,935049,Business,Rejected,Pune
Zoya,45,115342,849,555483,Salaried,Approved,Chennai
Aman,46,32234,773,728506,Salaried,Approved,Chennai
Aisha,26,135255,685,847392,Self-Employed,Approved,Bangalore
Riya,45,111603,547,363388,Business,Rejected,Ahmedabad
Imran,52,36123,773,509259,Business,Approved,Bangalore
Zoya,22,119337,753,300069,Self-Employed,Approved,Ahmedabad
Aisha,52,94984,680,67215,Salaried,Approved,Chennai
Kabir,46,40491,558,896309,Business,Rejected,Kolkata
Rahul,58,55537,486,88669,Business,Rejected,Delhi
Aisha,51,143905,766,98026,Salaried,Approved,Delhi
Arjun,40,132575,499,528344,Business,Rejected,Delhi
Imran,27,39965,704,673879,Business,Approved,Bangalore
Kabir,48,69216,827,761351,Self-Employed,Approved,Chennai
Sara,41,134632,559,851351,Salaried,Approved,Delhi
Rohan,38,43512,837,485320,Salaried,Approved,Chennai
Karan,36,146330,747,92675,Salaried,Rejected,Pune
Arjun,31,27048,699,134643,Salaried,Approved,Mumbai
Imran,62,102821,595,486440,Business,Rejected,Kolkata
Neha,30,108863,588,598496,Self-Employed,Approved,Ahmedabad
Arjun,60,115659,469,675236,Salaried,Rejected,Kolkata
Priya,61,133328,850,365830,Self-Employed,Approved,Ahmedabad
Priya,33,40401,721,150331,Business,Rejected,Chennai
Sara,50,125968,770,741354,Salaried,Approved,Hyderabad
Aisha,30,114816,692,571682,Salaried,Rejected,Delhi
Rohan,24,109523,636,348911,Salaried,Approved,Ahmedabad
Rahul,23,38686,829,105004,Business,Approved,Delhi
Aman,52,92489,509,124301,Salaried,Rejected,Kolkata
Aman,47,51050,832,759731,Self-Employed,Rejected,Bangalore
Priya,35,37853,571,823584,Self-Employed,Rejected,Bangalore
Rohan,25,86733,749,557938,Salaried,Approved,Ahmedabad
Aditya,32,75768,641,193030,Self-Employed,Rejected,Bangalore
Sara,33,69025,515,83653,Business,Approved,Mumbai
Neha,50,85106,664,229517,Self-Employed,Rejected,Bangalore
Ananya,61,149880,763,999567,Salaried,Approved,Bangalore
Fatima,34,102539,692,927646,Self-Employed,Approved,Hyderabad
Kabir,36,57483,617,505342,Business,Rejected,Bangalore
Aisha,57,142735,452,488065,Salaried,Rejected,Mumbai
Priya,48,94615,651,552550,Business,Approved,Pune
Kabir,26,98202,835,63026,Business,Rejected,Ahmedabad
Zoya,43,63769,572,729099,Salaried,Rejected,Mumbai
Rohan,31,117183,685,949596,Business,Rejected,Mumbai
Rahul,29,139583,810,475051,Salaried,Approved,Chennai
Zoya,61,34266,647,986833,Business,Rejected,Chennai
Arjun,48,123682,588,781963,Business,Rejected,Bangalore
Sara,60,140454,621,821501,Salaried,Rejected,Chennai
Arjun,45,72918,688,699208,Salaried,Approved,Chennai
Sara,56,117974,846,264656,Salaried,Approved,Chennai
Priya,62,87717,827,838819,Business,Rejected,Bangalore
Arjun,41,71230,586,578027,Business,Approved,Ahmedabad
Zoya,44,70249,681,559845,Business,Approved,Pune
Rohan,49,106389,638,888759,Business,Approved,Pune
Arjun,26,35508,650,991564,Salaried,Rejected,Hyderabad
Imran,27,46596,591,167466,Business,Rejected,Delhi
Kabir,54,149794,771,73792,Self-Employed,Rejected,Ahmedabad
Arjun,51,70442,665,515420,Business,Approved,Mumbai
Aman,22,139267,568,925505,Business,Rejected,Chennai
Kabir,62,109679,617,559763,Business,Rejected,Kolkata
Aisha,40,47509,583,287798,Self-Employed,Rejected,Chennai
Zoya,30,71284,595,528073,Salaried,Rejected,Delhi
Sara,32,47984,812,776515,Business,Approved,Delhi
Imran,23,66500,744,182617,Self-Employed,Approved,Hyderabad
Rohan,56,117685,467,747883,Self-Employed,Approved,Chennai
Ananya,55,46311,723,366208,Salaried,Approved,Mumbai
Aman,30,149228,684,385772,Salaried,Rejected,Mumbai
Rohan,62,117464,601,546931,Self-Employed,Rejected,Delhi
Sara,42,115327,507,817180,Self-Employed,Approved,Mumbai
Aman,40,28250,655,697518,Salaried,Approved,Kolkata
Aditya,24,104711,778,254629,Business,Rejected,Bangalore
Karan,33,27955,492,614566,Self-Employed,Rejected,Pune
Riya,33,89286,612,682471,Business,Rejected,Mumbai
Rahul,46,44391,816,945278,Self-Employed,Approved,Chennai
Rohan,39,70209,629,373050,Self-Employed,Approved,Pune
Fatima,47,130340,676,352654,Salaried,Rejected,Ahmedabad
Ananya,29,134512,750,676981,Salaried,Approved,Delhi
Aditya,54,68963,483,669371,Self-Employed,Approved,Pune
Karan,47,47923,734,534567,Business,Approved,Delhi
Rohan,39,97596,701,94284,Self-Employed,Approved,Hyderabad
Ananya,35,28517,451,211505,Self-Employed,Rejected,Hyderabad
Priya,28,110696,790,986049,Self-Employed,Approved,Ahmedabad
Riya,22,40644,841,340683,Self-Employed,Approved,Pune
Sara,58,87978,739,507250,Self-Employed,Rejected,Kolkata
Aisha,44,92177,825,653207,Salaried,Approved,Hyderabad
Aisha,30,66901,686,970982,Business,Approved,Delhi
Arjun,38,72338,664,717153,Self-Employed,Approved,Mumbai
Neha,53,50403,842,708537,Salaried,Approved,Pune
Riya,55,67284,611,916985,Business,Approved,Hyderabad
Zoya,27,95047,746,418710,Salaried,Approved,Mumbai
Kabir,44,127079,698,482007,Self-Employed,Approved,Delhi
Arjun,53,53981,546,883729,Business,Rejected,Pune
Riya,28,132327,517,68223,Self-Employed,Rejected,Chennai
Zoya,29,132090,676,982945,Business,Approved,Chennai
Zoya,22,122577,510,283159,Salaried,Rejected,Delhi
Ananya,29,52504,516,132423,Self-Employed,Approved,Pune
Aditya,48,30572,550,163054,Salaried,Rejected,Mumbai
Imran,23,33683,604,750015,Salaried,Rejected,Pune
Kabir,58,143118,552,243757,Business,Approved,Chennai
Priya,38,149360,746,414733,Self-Employed,Rejected,Delhi
Imran,53,99741,484,153919,Business,Rejected,Mumbai
Ananya,39,47514,836,613217,Salaried,Rejected,Pune
Riya,44,116505,751,244118,Self-Employed,Approved,Pune
Aman,45,80586,559,589231,Salaried,Approved,Ahmedabad
Zoya,28,86066,506,594973,Salaried,Rejected,Kolkata
Zoya,56,119651,470,136243,Self-Employed,Approved,Kolkata
Fatima,50,103694,826,377162,Business,Approved,Kolkata
Riya,39,137114,669,247955,Salaried,Rejected,Kolkata
Arjun,32,26675,795,565530,Business,Approved,Pune
Neha,28,43791,652,470085,Business,Rejected,Pune
Fatima,25,72672,551,405081,Salaried,Approved,Ahmedabad
Karan,52,61505,841,798152,Business,Rejected,Hyderabad
Kabir,43,87367,791,682464,Self-Employed,Approved,Kolkata
Kabir,50,39160,512,312867,Self-Employed,Approved,Kolkata
Neha,22,38055,827,105419,Salaried,Approved,Kolkata
Sara,45,104244,797,392838,Salaried,Approved,Hyderabad
Ananya,25,111649,834,595205,Self-Employed,Approved,Kolkata
Aisha,52,91164,583,618787,Self-Employed,Rejected,Mumbai
Rohan,48,140359,510,452265,Self-Employed,Rejected,Chennai
Neha,50,29716,466,235460,Business,Rejected,Hyderabad
Sara,52,81450,518,377637,Business,Rejected,Ahmedabad
Neha,57,113476,701,742142,Business,Approved,Kolkata
Riya,53,32305,650,326185,Self-Employed,Rejected,Ahmedabad
Riya,39,67006,481,79514,Business,Approved,Mumbai
Fatima,43,131109,829,662333,Salaried,Approved,Chennai
Zoya,43,71840,660,418332,Salaried,Approved,Bangalore
Rahul,58,36133,802,118681,Self-Employed,Approved,Pune
Fatima,55,67744,469,533298,Business,Rejected,Ahmedabad
Karan,38,27674,806,542516,Business,Rejected,Mumbai
Imran,57,76157,615,650350,Salaried,Approved,Kolkata
Zoya,42,90107,707,900874,Business,Approved,Chennai
Imran,44,82146,553,571091,Business,Rejected,Pune
Arjun,39,59754,474,361762,Business,Rejected,Ahmedabad
Ananya,58,37416,753,403200,Self-Employed,Approved,Pune
Zoya,48,52490,627,884301,Salaried,Rejected,Hyderabad
Rohan,48,111960,726,378574,Salaried,Approved,Ahmedabad
Imran,63,125065,730,239373,Salaried,Rejected,Delhi
Aisha,63,132991,830,539994,Self-Employed,Rejected,Ahmedabad
Zoya,54,51299,636,534952,Salaried,Approved,Bangalore
Aditya,48,78773,613,951970,Salaried,Rejected,Bangalore
Sara,39,109678,532,318903,Business,Rejected,Bangalore
Fatima,30,50154,464,307516,Self-Employed,Rejected,Kolkata
Aditya,48,109793,468,261802,Salaried,Approved,Hyderabad
Ananya,38,111333,731,234533,Business,Rejected,Mumbai
Fatima,22,32251,492,379153,Business,Rejected,Hyderabad
Kabir,44,113037,786,978744,Salaried,Rejected,Ahmedabad
Aditya,36,39671,742,820158,Business,Approved,Pune
Aman,52,140941,496,299641,Business,Rejected,Pune
Imran,42,134095,749,823048,Self-Employed,Rejected,Bangalore
Aisha,30,39000,539,274509,Self-Employed,Rejected,Kolkata
Ananya,52,94922,641,783602,Salaried,Rejected,Chennai
Riya,64,57289,592,972152,Salaried,Rejected,Chennai
Aisha,40,27762,780,999201,Business,Rejected,Mumbai
Riya,65,145252,793,301318,Self-Employed,Approved,Ahmedabad
Karan,64,40997,723,959066,Salaried,Approved,Kolkata
Neha,37,64438,496,912671,Salaried,Approved,Hyderabad
Aditya,49,107752,612,972188,Business,Rejected,Ahmedabad
Aman,26,132898,849,565576,Self-Employed,Rejected,Ahmedabad
Riya,48,139918,501,914446,Salaried,Rejected,Hyderabad
Rahul,47,103920,823,902941,Business,Approved,Chennai
Kabir,24,109066,778,242664,Business,Rejected,Kolkata
Sara,21,77515,552,708816,Self-Employed,Rejected,Chennai
Fatima,31,57716,714,798226,Business,Rejected,Delhi
Aman,41,84177,694,965937,Business,Approved,Delhi
Karan,39,51039,493,484631,Self-Employed,Rejected,Delhi
Rohan,57,54423,460,74085,Business,Rejected,Bangalore
Fatima,33,59312,809,943209,Salaried,Approved,Mumbai
Sara,59,59099,526,143387,Self-Employed,Rejected,Delhi
Imran,21,119186,719,506297,Self-Employed,Approved,Kolkata
Fatima,33,149000,850,329133,Self-Employed,Approved,Kolkata
Fatima,34,103654,560,914119,Self-Employed,Rejected,Bangalore
Riya,30,28771,598,324516,Salaried,Rejected,Kolkata
Aman,58,114688,781,530419,Salaried,Approved,Mumbai
Aditya,65,77108,801,272526,Business,Rejected,Ahmedabad
Ananya,25,37488,735,111606,Salaried,Rejected,Chennai
Karan,43,104478,793,891218,Business,Approved,Mumbai
Aditya,40,76733,793,438918,Salaried,Approved,Mumbai
Fatima,31,91027,702,405652,Self-Employed,Approved,Delhi
Aditya,30,59131,509,378486,Salaried,Rejected,Delhi
Fatima,44,146403,670,346668,Self-Employed,Rejected,Hyderabad
Kabir,31,66358,827,565138,Salaried,Approved,Kolkata
Rohan,24,55128,543,87604,Self-Employed,Approved,Hyderabad
Ananya,48,40207,703,92773,Self-Employed,Rejected,Chennai
Arjun,50,89616,507,936925,Business,Approved,Delhi
Imran,34,138793,595,239430,Salaried,Rejected,Hyderabad
Arjun,58,25540,719,854098,Business,Approved,Delhi
Sara,36,125696,705,759790,Salaried,Approved,Chennai
Rohan,46,73963,752,161222,Self-Employed,Approved,Delhi
Aisha,63,87895,682,708879,Self-Employed,Approved,Mumbai
Aisha,62,106574,681,390698,Business,Approved,Delhi
Karan,62,62087,615,886917,Salaried,Rejected,Pune
Imran,26,77279,580,236657,Salaried,Approved,Ahmedabad
Ananya,31,75921,849,471943,Self-Employed,Approved,Delhi
Sara,48,121454,608,997634,Business,Approved,Delhi
Fatima,44,92194,552,563406,Self-Employed,Rejected,Ahmedabad
Fatima,26,124154,666,900389,Self-Employed,Approved,Delhi
Kabir,26,30300,712,408345,Self-Employed,Rejected,Bangalore
Fatima,52,94111,772,728665,Business,Approved,Pune
Zoya,26,143909,694,364985,Salaried,Rejected,Delhi
Aisha,36,93562,668,359834,Business,Rejected,Mumbai
Aditya,53,39107,711,495554,Self-Employed,Approved,Pune
Rohan,43,58405,749,135741,Business,Approved,Mumbai
Zoya,32,128045,543,933855,Self-Employed,Approved,Mumbai
Aditya,41,101966,820,527100,Business,Approved,Kolkata
Aditya,42,145338,545,271321,Salaried,Rejected,Pune
Rahul,64,38936,672,610333,Salaried,Approved,Mumbai
Ananya,31,110957,694,532515,Business,Rejected,Ahmedabad
Arjun,40,106067,765,428251,Business,Rejected,Ahmedabad
Imran,29,42709,457,250070,Salaried,Rejected,Mumbai
Imran,22,52424,696,730130,Salaried,Approved,Bangalore
Sara,26,64441,844,535936,Salaried,Approved,Kolkata
Ananya,31,143281,528,824668,Business,Rejected,Kolkata
Karan,22,137695,680,663654,Salaried,Approved,Bangalore
Ananya,24,68758,454,157650,Business,Rejected,Ahmedabad
Ananya,58,103097,824,631230,Self-Employed,Approved,Mumbai
Aisha,53,102468,821,691199,Business,Approved,Kolkata
Fatima,54,27492,666,654402,Self-Employed,Approved,Pune
Fatima,51,40327,703,702944,Business,Approved,Chennai
Priya,22,46146,597,811485,Salaried,Approved,Kolkata
Zoya,53,53796,750,768247,Self-Employed,Approved,Kolkata
Neha,45,79638,794,734196,Business,Rejected,Chennai
Kabir,60,52159,594,774248,Business,Rejected,Pune
Ananya,32,51146,530,685173,Self-Employed,Rejected,Pune
Aditya,40,55765,557,633879,Salaried,Rejected,Mumbai
Aman,43,113726,531,233201,Business,Rejected,Mumbai
Aman,48,39938,766,287701,Salaried,Approved,Bangalore
Sara,43,125843,473,857503,Business,Rejected,Hyderabad
Sara,24,146455,674,887798,Self-Employed,Rejected,Pune
Riya,56,30501,709,160531,Salaried,Rejected,Pune
Sara,31,120466,599,792563,Self-Employed,Rejected,Kolkata
Rohan,30,109815,636,400861,Salaried,Rejected,Pune
Neha,47,125823,843,56907,Salaried,Approved,Kolkata
Priya,26,59867,640,799941,Self-Employed,Rejected,Chennai
Fatima,30,123724,835,605378,Self-Employed,Approved,Bangalore
Rohan,47,145326,659,991689,Self-Employed,Rejected,Chennai
Aman,30,125945,455,802485,Business,Approved,Pune
Kabir,46,126236,534,505157,Salaried,Rejected,Ahmedabad
Zoya,57,32577,773,798022,Business,Approved,Hyderabad
Rohan,41,144174,626,58286,Self-Employed,Rejected,Delhi
Karan,62,51887,728,704688,Business,Rejected,Kolkata
Kabir,33,140471,604,138374,Salaried,Approved,Chennai
Neha,54,95882,595,274116,Salaried,Rejected,Hyderabad
Zoya,22,28655,726,671285,Self-Employed,Rejected,Bangalore
Riya,48,91227,506,817543,Salaried,Approved,Chennai
Rahul,28,31256,837,732583,Salaried,Approved,Kolkata
Zoya,50,69430,570,894510,Business,Approved,Bangalore
Priya,63,127863,816,650588,Business,Rejected,Delhi
Kabir,27,67971,714,660658,Salaried,Approved,Chennai
Kabir,48,133584,660,135927,Salaried,Approved,Mumbai
Karan,51,53152,678,131865,Self-Employed,Rejected,Ahmedabad
Ananya,37,101585,705,717377,Self-Employed,Rejected,Kolkata
Rohan,47,132978,533,201357,Business,Rejected,Delhi
Rohan,29,117343,712,955205,Business,Rejected,Pune
Sara,51,29273,832,214458,Business,Rejected,Chennai
Aisha,59,136714,659,165695,Salaried,Rejected,Chennai
Ananya,54,45093,510,439511,Self-Employed,Rejected,Chennai
Zoya,22,128704,523,199044,Business,Approved,Ahmedabad
Riya,39,53256,543,908914,Business,Approved,Kolkata
Aman,25,139088,472,487859,Self-Employed,Rejected,Hyderabad
Rohan,45,87289,818,924180,Business,Rejected,Delhi
Fatima,49,112453,679,206219,Business,Approved,Chennai
Rohan,45,55516,652,405465,Business,Rejected,Mumbai
Zoya,38,109661,495,958018,Salaried,Rejected,Mumbai
Aisha,56,109562,513,725192,Business,Approved,Pune
Neha,57,93387,546,837017,Self-Employed,Approved,Mumbai
Aman,22,61039,555,307201,Business,Approved,Kolkata
Fatima,46,102187,473,565346,Salaried,Rejected,Chennai
Sara,22,137675,720,382799,Self-Employed,Approved,Hyderabad
Kabir,55,47040,596,201030,Salaried,Rejected,Hyderabad
Aman,40,149802,658,761572,Salaried,Rejected,Mumbai
Kabir,32,28561,815,111343,Self-Employed,Approved,Ahmedabad
Priya,47,142048,615,320463,Self-Employed,Approved,Pune
Aditya,59,101812,571,566926,Business,Rejected,Ahmedabad
Fatima,24,66724,687,629989,Self-Employed,Approved,Pune
Kabir,61,55636,459,332234,Business,Rejected,Pune
Kabir,40,99481,658,517646,Salaried,Rejected,Bangalore
Rohan,44,95836,536,870011,Salaried,Rejected,Ahmedabad
Neha,23,25131,687,919659,Business,Rejected,Hyderabad
Karan,21,32887,696,336578,Business,Rejected,Hyderabad
Arjun,43,135420,773,273088,Business,Approved,Hyderabad
Aditya,40,36759,652,782356,Salaried,Rejected,Delhi
Rohan,48,52636,762,579342,Self-Employed,Rejected,Chennai
Aman,38,57234,789,387262,Self-Employed,Approved,Bangalore
Rahul,22,144802,804,190221,Business,Approved,Mumbai
Arjun,21,113172,538,483232,Business,Rejected,Kolkata
Riya,62,110362,489,614814,Salaried,Rejected,Kolkata
Rahul,45,133457,757,425354,Self-Employed,Rejected,Delhi
Rahul,28,85646,639,252365,Self-Employed,Approved,Mumbai
Zoya,38,114201,813,425202,Salaried,Rejected,Pune
Imran,35,55704,702,430632,Salaried,Approved,Hyderabad
Ananya,21,50701,776,465326,Salaried,Approved,Hyderabad
Kabir,31,97323,549,741890,Business,Approved,Delhi
Rahul,25,41702,582,647586,Salaried,Approved,Hyderabad
Fatima,65,113832,722,694304,Self-Employed,Approved,Kolkata
Fatima,62,113224,782,104382,Self-Employed,Rejected,Ahmedabad
Aisha,38,40953,798,593471,Self-Employed,Approved,Kolkata
Karan,35,31155,592,490467,Business,Approved,Kolkata
Priya,33,68870,491,972850,Business,Rejected,Mumbai
Arjun,65,80550,488,312127,Salaried,Rejected,Delhi
Aman,61,106958,499,79226,Self-Employed,Rejected,Ahmedabad
Aman,37,57394,505,546580,Salaried,Rejected,Chennai
Rohan,54,129085,571,126452,Business,Rejected,Kolkata
Arjun,58,41361,493,113634,Salaried,Rejected,Ahmedabad
Aisha,29,33126,676,107450,Self-Employed,Approved,Ahmedabad
Fatima,56,31842,600,941215,Self-Employed,Approved,Ahmedabad
Rohan,35,138322,756,875727,Business,Approved,Mumbai
Rahul,48,140335,767,699310,Salaried,Rejected,Chennai
Arjun,50,92792,618,666366,Salaried,Approved,Pune
Aditya,58,128470,549,998300,Business,Rejected,Delhi
Kabir,43,80182,696,809822,Business,Approved,Kolkata
Riya,23,32928,515,376806,Business,Rejected,Ahmedabad
Aman,40,101502,727,863166,Salaried,Approved,Delhi
Aisha,39,73343,454,592827,Business,Approved,Delhi
Aman,48,70064,550,260105,Business,Rejected,Bangalore
Aman,33,112537,693,778531,Business,Rejected,Kolkata
Sara,58,99199,621,696030,Self-Employed,Approved,Ahmedabad
Priya,50,139832,471,570021,Salaried,Rejected,Mumbai
Karan,50,106778,559,300629,Self-Employed,Rejected,Chennai
Riya,34,77469,544,916212,Salaried,Approved,Chennai
Riya,22,97704,508,199319,Self-Employed,Approved,Kolkata
Aditya,23,28890,551,257434,Self-Employed,Approved,Delhi
Aditya,32,69540,733,307912,Salaried,Approved,Bangalore
Imran,27,27751,796,193910,Self-Employed,Approved,Pune
Fatima,40,84795,572,437596,Self-Employed,Rejected,Delhi
Karan,25,40531,523,975602,Salaried,Approved,Bangalore
Imran,65,74054,612,678672,Self-Employed,Rejected,Bangalore
Aditya,55,63559,526,393598,Salaried,Rejected,Mumbai
Ananya,29,136608,710,662454,Self-Employed,Rejected,Bangalore
Riya,63,105594,483,225566,Business,Rejected,Ahmedabad
Ananya,52,93012,687,237693,Self-Employed,Rejected,Chennai
Imran,52,87096,587,659418,Self-Employed,Approved,Mumbai
Karan,49,138137,570,465131,Salaried,Rejected,Hyderabad
Arjun,57,45605,641,316893,Business,Approved,Pune
Aman,39,83262,715,418653,Salaried,Approved,Mumbai
Aman,48,84133,689,503515,Self-Employed,Rejected,Chennai
Arjun,38,75118,462,238288,Self-Employed,Rejected,Bangalore
Priya,43,143158,492,358824,Business,Rejected,Pune
Aman,27,40543,486,427735,Salaried,Rejected,Bangalore
Kabir,37,64677,831,905181,Business,Approved,Hyderabad
Karan,55,144587,583,58948,Self-Employed,Rejected,Hyderabad
Kabir,46,132723,746,844617,Business,Approved,Mumbai
Rohan,46,54829,566,808472,Business,Rejected,Bangalore
Fatima,50,69650,493,378282,Salaried,Rejected,Ahmedabad
Kabir,34,82498,680,944376,Business,Approved,Mumbai
Fatima,40,148647,827,60151,Self-Employed,Approved,Chennai
Rahul,48,114884,835,472962,Business,Approved,Hyderabad
Karan,57,127938,466,195893,Salaried,Rejected,Chennai
Sara,45,51765,650,116803,Business,Approved,Ahmedabad
Neha,42,99647,681,720043,Self-Employed,Approved,Pune
Arjun,23,133327,802,682672,Self-Employed,Approved,Mumbai
Riya,45,62200,555,294359,Self-Employed,Rejected,Pune
Sara,54,26447,537,392645,Self-Employed,Approved,Ahmedabad
Imran,29,95313,664,551482,Business,Approved,Pune
Zoya,29,139091,555,374803,Self-Employed,Approved,Kolkata
Rahul,58,51604,707,801589,Business,Approved,Kolkata
Ananya,30,83422,482,914637,Self-Employed,Rejected,Bangalore
Rohan,50,85646,744,90983,Business,Approved,Pune
Neha,43,116791,814,880835,Self-Employed,Approved,Ahmedabad
Neha,47,57654,541,993681,Business,Rejected,Ahmedabad
Neha,65,99529,498,462668,Business,Approved,Mumbai
Imran,38,140678,771,613858,Self-Employed,Rejected,Pune
Sara,52,78907,840,629677,Salaried,Approved,Chennai
Imran,53,125471,849,391849,Self-Employed,Approved,Kolkata
Karan,53,30850,686,78015,Salaried,Approved,Kolkata
Kabir,33,76992,469,61258,Self-Employed,Rejected,Pune
Priya,41,112856,833,536796,Self-Employed,Approved,Kolkata
Rahul,49,43383,691,910279,Self-Employed,Approved,Delhi
Rahul,59,38174,540,358433,Salaried,Approved,Ahmedabad
Aisha,64,60815,528,512063,Self-Employed,Approved,Delhi
Sara,64,94769,560,513531,Business,Rejected,Mumbai
Karan,45,115485,607,515553,Salaried,Approved,Mumbai
Fatima,33,146742,577,442843,Salaried,Approved,Bangalore
Sara,22,26908,622,910384,Salaried,Approved,Pune
Aman,63,47004,820,225161,Salaried,Approved,Ahmedabad
Karan,41,98669,770,248754,Business,Rejected,Bangalore
Rahul,48,40834,568,274164,Salaried,Approved,Chennai
Arjun,46,110720,611,62563,Self-Employed,Rejected,Bangalore
Imran,63,131834,592,731516,Business,Approved,Chennai
Neha,47,64522,842,677959,Self-Employed,Rejected,Pune
Kabir,37,37418,757,390110,Business,Rejected,Ahmedabad
Ananya,42,47980,775,848717,Business,Rejected,Chennai
Priya,25,68922,459,688093,Business,Rejected,Kolkata
Sara,53,102000,810,63937,Salaried,Approved,Mumbai
Riya,40,55984,827,499312,Salaried,Approved,Pune
Priya,52,63877,553,209038,Self-Employed,Rejected,Bangalore
Aisha,59,148977,677,825165,Self-Employed,Approved,Delhi
Aman,54,128780,662,729525,Self-Employed,Approved,Mumbai
Priya,42,56752,555,615509,Salaried,Rejected,Bangalore
Rahul,59,139387,645,596802,Self-Employed,Approved,Delhi
Kabir,25,139015,701,123384,Salaried,Rejected,Mumbai
Arjun,34,41457,496,232112,Business,Approved,Bangalore
Neha,48,120025,689,376592,Salaried,Approved,Bangalore
Imran,59,57632,605,349214,Business,Rejected,Kolkata
Neha,38,138039,850,554544,Salaried,Approved,Chennai
Ananya,51,82852,666,579837,Business,Rejected,Ahmedabad
Kabir,22,124867,645,498158,Salaried,Rejected,Hyderabad
Zoya,56,120243,539,319789,Self-Employed,Approved,Kolkata
Ananya,45,98681,760,554201,Salaried,Approved,Chennai
Fatima,33,45280,547,54383,Salaried,Rejected,Chennai
Arjun,46,122280,641,452692,Self-Employed,Rejected,Hyderabad
Fatima,47,140998,469,180524,Self-Employed,Approved,Delhi
Riya,37,126091,834,807329,Self-Employed,Approved,Kolkata
Aisha,65,32563,783,454051,Self-Employed,Approved,Bangalore
Rohan,44,107700,811,759283,Salaried,Approved,Delhi
Arjun,64,44315,580,309433,Business,Approved,Delhi
Imran,62,118272,646,466983,Business,Rejected,Pune
Karan,48,46734,668,315154,Business,Rejected,Hyderabad
Riya,58,65367,825,481603,Business,Approved,Pune
Rahul,30,60261,833,269703,Business,Rejected,Ahmedabad
Fatima,31,132005,701,51655,Salaried,Rejected,Pune
Riya,54,79636,785,352346,Business,Approved,Ahmedabad
Sara,32,117280,518,257639,Self-Employed,Rejected,Delhi
Imran,49,99329,558,244655,Salaried,Rejected,Mumbai
Neha,37,143262,659,512139,Business,Rejected,Pune
Rahul,26,63420,493,446077,Salaried,Approved,Hyderabad
Aditya,58,55773,694,558763,Business,Approved,Pune
Rahul,21,112205,748,877543,Salaried,Approved,Pune
Aman,45,104034,716,848347,Self-Employed,Approved,Kolkata
Priya,59,81289,622,438796,Business,Rejected,Chennai
Aman,44,112173,654,446818,Business,Rejected,Mumbai
Kabir,27,25404,683,962828,Business,Rejected,Ahmedabad
Priya,22,103893,512,961218,Business,Rejected,Hyderabad
Imran,44,84233,766,769517,Business,Approved,Kolkata
Aman,21,108633,614,67438,Business,Rejected,Chennai
Arjun,64,83236,569,686237,Self-Employed,Rejected,Ahmedabad
Zoya,43,81087,693,740318,Business,Rejected,Pune
Arjun,59,50569,814,200115,Business,Approved,Mumbai
Sara,40,134098,794,625402,Self-Employed,Rejected,Delhi
Arjun,51,111853,726,302603,Salaried,Approved,Bangalore
Aditya,27,82002,816,80641,Salaried,Rejected,Chennai
Ananya,35,119263,581,748281,Self-Employed,Rejected,Pune
Karan,26,129273,804,398967,Salaried,Approved,Pune
Priya,45,110710,778,873218,Business,Rejected,Ahmedabad
Imran,37,40163,598,141939,Salaried,Approved,Pune
Rahul,28,100083,638,183606,Self-Employed,Rejected,Ahmedabad
Aman,40,33111,752,611620,Salaried,Rejected,Ahmedabad
Rahul,44,129532,797,885259,Salaried,Approved,Bangalore
Ananya,55,136720,685,381272,Salaried,Rejected,Hyderabad
Aisha,64,84740,525,680682,Self-Employed,Rejected,Delhi
Ananya,59,66961,608,576781,Business,Approved,Pune
Aman,61,133617,560,569071,Self-Employed,Approved,Ahmedabad
Aisha,30,133512,816,270843,Business,Rejected,Bangalore
Neha,32,137299,699,812729,Self-Employed,Rejected,Hyderabad
Karan,22,96819,650,403800,Self-Employed,Rejected,Kolkata
Imran,46,34414,720,812057,Self-Employed,Rejected,Hyderabad
Aisha,65,137230,730,462900,Salaried,Approved,Delhi
Ananya,40,84969,785,221646,Business,Approved,Delhi
Rahul,39,142600,524,269955,Salaried,Rejected,Bangalore
Fatima,44,120152,744,156900,Business,Approved,Delhi
Neha,64,135318,536,109067,Salaried,Rejected,Chennai
Karan,24,40380,713,731676,Self-Employed,Rejected,Ahmedabad
Neha,36,29455,510,302555,Self-Employed,Rejected,Kolkata
Karan,62,122674,642,863537,Business,Rejected,Pune
Arjun,38,107881,784,516740,Self-Employed,Approved,Mumbai
Ananya,28,89122,778,751279,Business,Approved,Bangalore
Fatima,38,115928,831,149146,Business,Approved,Delhi
Neha,40,99897,514,154271,Self-Employed,Rejected,Pune
Sara,46,131544,808,70705,Self-Employed,Approved,Kolkata
Rohan,34,111321,510,239440,Business,Approved,Delhi
Arjun,41,41127,470,185073,Business,Rejected,Bangalore
Riya,56,58654,835,86705,Salaried,Approved,Pune
Zoya,55,47492,666,740130,Salaried,Approved,Bangalore
Riya,63,95005,677,196648,Business,Rejected,Kolkata
Aisha,59,95544,711,270032,Business,Rejected,Pune
Imran,36,29814,546,198548,Self-Employed,Rejected,Bangalore
Aditya,58,72063,592,184733,Business,Approved,Ahmedabad
Aditya,37,75040,782,997556,Salaried,Approved,Ahmedabad
Aditya,64,80750,805,200202,Business,Approved,Bangalore
Neha,61,116331,780,251984,Business,Approved,Chennai
Priya,47,132684,528,381727,Self-Employed,Approved,Ahmedabad
Arjun,25,60405,513,607286,Salaried,Approved,Ahmedabad
Priya,44,144176,620,865866,Self-Employed,Rejected,Delhi
Sara,38,26292,500,445476,Salaried,Rejected,Ahmedabad
Riya,32,94006,822,968040,Self-Employed,Approved,Kolkata
Neha,65,99993,594,628333,Self-Employed,Rejected,Pune
Karan,41,149060,834,458486,Salaried,Rejected,Chennai
Kabir,51,102635,515,321645,Salaried,Rejected,Delhi
Priya,45,99391,826,330357,Salaried,Rejected,Chennai
Riya,64,104783,664,791119,Self-Employed,Approved,Delhi
Arjun,50,90828,596,339221,Self-Employed,Approved,Bangalore
Priya,40,78282,844,377928,Salaried,Approved,Pune
Ananya,26,46641,744,110200,Salaried,Approved,Hyderabad
Sara,21,149308,667,759920,Business,Approved,Delhi
Riya,46,26821,765,249422,Business,Rejected,Mumbai
Neha,36,121859,788,913359,Business,Approved,Mumbai
Kabir,64,146921,841,598946,Salaried,Approved,Delhi
Sara,53,71306,476,493256,Self-Employed,Approved,Ahmedabad
Ananya,42,144805,797,311897,Business,Approved,Pune
Zoya,39,59701,559,52342,Business,Approved,Ahmedabad
Rahul,62,92571,468,535550,Business,Approved,Kolkata
Neha,60,85339,618,362843,Self-Employed,Approved,Pune
Kabir,46,71469,454,156260,Self-Employed,Approved,Kolkata
Karan,47,41232,699,57246,Salaried,Approved,Hyderabad
Rohan,44,64227,636,499148,Salaried,Approved,Hyderabad
Rahul,63,135016,674,219695,Salaried,Rejected,Chennai
Kabir,43,140812,813,258105,Salaried,Approved,Bangalore
Ananya,46,80188,830,397302,Salaried,Approved,Delhi
Kabir,63,59838,510,491550,Self-Employed,Rejected,Kolkata
Sara,41,123446,841,868243,Self-Employed,Approved,Ahmedabad
Priya,22,41531,529,410836,Business,Rejected,Mumbai
Zoya,24,113907,625,500536,Business,Rejected,Mumbai
Neha,39,88691,492,847861,Self-Employed,Rejected,Bangalore
Fatima,36,61849,842,170607,Self-Employed,Approved,Bangalore
Kabir,33,87114,811,870738,Salaried,Approved,Delhi
Kabir,35,40789,517,470775,Salaried,Rejected,Hyderabad
Zoya,48,27314,765,259341,Salaried,Approved,Mumbai
Fatima,65,108009,568,282548,Self-Employed,Rejected,Ahmedabad
Riya,62,31770,605,165400,Self-Employed,Approved,Chennai
Aisha,47,57370,613,988586,Salaried,Approved,Delhi
Sara,63,122616,614,272274,Self-Employed,Approved,Kolkata
Sara,48,49227,579,565151,Self-Employed,Approved,Chennai
Riya,63,26790,799,628570,Salaried,Approved,Chennai
Karan,58,94319,759,439642,Salaried,Approved,Hyderabad
Imran,26,141286,504,186823,Business,Approved,Pune
Ananya,33,117361,678,153428,Salaried,Approved,Chennai
Aditya,33,94934,819,211137,Salaried,Approved,Delhi
Arjun,56,70526,637,520267,Business,Rejected,Pune
Kabir,51,79919,718,578345,Salaried,Rejected,Delhi
Karan,39,30956,739,113746,Business,Rejected,Bangalore
Karan,52,114744,722,962529,Business,Approved,Pune
Rahul,56,127153,649,470320,Business,Approved,Hyderabad
Rohan,31,99959,561,670875,Business,Rejected,Mumbai
Zoya,53,117766,818,600579,Self-Employed,Rejected,Hyderabad
Zoya,38,97371,510,229420,Salaried,Rejected,Mumbai
Aisha,23,108835,525,976524,Self-Employed,Approved,Delhi
Riya,62,57637,557,610563,Salaried,Rejected,Mumbai
Fatima,41,35911,811,976926,Business,Rejected,Hyderabad
Priya,60,63652,616,110045,Business,Rejected,Mumbai
Karan,38,48165,581,66398,Business,Rejected,Pune
Priya,62,58730,770,715117,Business,Rejected,Bangalore
Priya,41,60231,554,659918,Business,Approved,Ahmedabad
Rohan,48,73318,525,995991,Self-Employed,Rejected,Pune
Neha,32,131902,540,248033,Business,Rejected,Kolkata
Imran,62,61968,460,375226,Salaried,Rejected,Delhi
Karan,25,43811,486,497107,Salaried,Rejected,Kolkata
Karan,27,119936,719,193960,Business,Rejected,Mumbai
Arjun,45,27715,506,916713,Salaried,Approved,Mumbai
Sara,38,43695,771,678765,Salaried,Rejected,Mumbai
Ananya,55,121486,623,944141,Business,Approved,Pune
Kabir,57,141967,677,905076,Salaried,Approved,Hyderabad
Aisha,36,32323,728,775657,Self-Employed,Approved,Pune
Priya,27,96387,601,157548,Business,Approved,Ahmedabad
Priya,22,54710,668,454103,Salaried,Rejected,Chennai
Sara,64,75429,801,977175,Business,Approved,Pune
Arjun,35,38334,594,424664,Salaried,Approved,Chennai
Fatima,23,104233,527,236717,Self-Employed,Rejected,Chennai
Sara,30,142062,791,770540,Self-Employed,Approved,Hyderabad
Arjun,38,145092,705,743875,Self-Employed,Rejected,Hyderabad
Karan,21,137946,526,865565,Business,Rejected,Delhi
Aditya,49,119547,694,904222,Salaried,Rejected,Pune
Ananya,30,36855,615,183730,Salaried,Approved,Ahmedabad
Priya,48,88083,805,484052,Business,Approved,Chennai
Priya,45,79874,731,571249,Business,Approved,Kolkata
Priya,45,35959,747,799649,Self-Employed,Rejected,Bangalore
Kabir,44,25375,554,941913,Salaried,Rejected,Chennai
Fatima,28,32808,628,428387,Salaried,Rejected,Hyderabad
Kabir,36,52621,564,108579,Business,Approved,Delhi
Sara,45,121086,463,779937,Self-Employed,Approved,Chennai
Riya,63,101232,487,549988,Business,Approved,Delhi
Neha,30,35353,575,130808,Salaried,Approved,Ahmedabad
Aman,51,122459,521,834447,Business,Rejected,Hyderabad
Aisha,49,127419,780,779019,Salaried,Approved,Hyderabad
Fatima,62,29209,759,837619,Salaried,Approved,Delhi
Zoya,64,149287,682,631074,Business,Rejected,Hyderabad
Kabir,35,80531,530,335031,Salaried,Rejected,Ahmedabad
Arjun,34,77481,766,108716,Salaried,Approved,Ahmedabad
Neha,65,86398,694,378403,Business,Rejected,Ahmedabad
Sara,24,130295,640,728058,Self-Employed,Approved,Bangalore
Neha,25,72540,758,866628,Self-Employed,Approved,Mumbai
Zoya,55,38954,483,272203,Business,Rejected,Mumbai
Aisha,33,97311,553,719399,Salaried,Approved,Bangalore
Zoya,57,128576,697,97899,Salaried,Approved,Chennai
Karan,21,71746,834,346120,Self-Employed,Approved,Bangalore
Sara,43,41976,809,757459,Salaried,Approved,Chennai
Aisha,53,130839,846,207482,Salaried,Approved,Ahmedabad
Arjun,39,46131,527,765520,Self-Employed,Rejected,Pune
Neha,35,140920,560,896699,Business,Rejected,Delhi
Kabir,53,92672,823,688309,Business,Approved,Chennai
Karan,42,63121,634,703756,Self-Employed,Rejected,Mumbai
Ananya,36,52370,762,686356,Salaried,Approved,Delhi
Rohan,27,130477,457,199550,Self-Employed,Rejected,Pune
Riya,41,47245,601,219316,Salaried,Rejected,Hyderabad
Aditya,26,34323,541,795175,Self-Employed,Rejected,Hyderabad
Zoya,49,110235,521,179988,Business,Approved,Kolkata
Aman,46,78612,767,763644,Salaried,Approved,Kolkata
Aisha,44,35943,799,483265,Business,Approved,Kolkata
Sara,60,109392,479,827039,Salaried,Approved,Mumbai
Rohan,39,74259,531,647828,Self-Employed,Approved,Pune
Neha,63,37255,628,538508,Self-Employed,Approved,Kolkata
Arjun,27,145253,653,855533,Self-Employed,Approved,Bangalore
Rohan,41,69882,759,559917,Salaried,Approved,Kolkata
Aisha,23,96444,529,542796,Salaried,Rejected,Bangalore
Imran,59,126476,644,115431,Self-Employed,Rejected,Ahmedabad
Neha,24,52720,461,845466,Business,Rejected,Ahmedabad
Rohan,26,43577,485,337210,Self-Employed,Rejected,Pune
Arjun,47,93783,559,752173,Self-Employed,Rejected,Delhi
Fatima,48,69829,835,361327,Salaried,Approved,Bangalore
Karan,51,87324,724,772291,Salaried,Approved,Ahmedabad
Kabir,21,98519,850,987195,Business,Approved,Bangalore
Rohan,41,112040,825,828920,Business,Approved,Chennai
Rahul,30,90463,612,169125,Business,Approved,Ahmedabad
Imran,49,148643,514,715104,Self-Employed,Approved,Pune
Imran,47,116284,729,862000,Salaried,Approved,Ahmedabad
Zoya,33,114080,745,65069,Self-Employed,Approved,Chennai
Riya,53,132354,513,783287,Self-Employed,Rejected,Kolkata
Neha,43,133551,727,496535,Business,Approved,Chennai
Karan,50,81149,641,235488,Business,Rejected,Delhi
Sara,39,135767,787,771997,Business,Approved,Ahmedabad
Fatima,26,130636,503,143992,Business,Rejected,Mumbai
Aisha,27,90064,833,838242,Business,Approved,Pune
Sara,63,62998,665,272162,Salaried,Rejected,Kolkata
Karan,33,137242,690,180485,Self-Employed,Approved,Kolkata
Aditya,21,148157,641,870192,Salaried,Approved,Hyderabad
Fatima,40,134901,662,756007,Salaried,Rejected,Mumbai
Fatima,23,27035,463,210825,Self-Employed,Rejected,Chennai
Fatima,36,97841,650,252019,Business,Rejected,Ahmedabad
Aman,29,148127,775,459376,Business,Approved,Delhi
Karan,54,45767,673,292189,Salaried,Rejected,Delhi
Imran,61,145149,583,928012,Business,Rejected,Delhi
Arjun,26,37224,463,508669,Salaried,Approved,Delhi
Riya,57,75122,462,828399,Business,Rejected,Delhi
Priya,32,56420,784,991526,Salaried,Approved,Hyderabad
Kabir,45,125976,583,741281,Salaried,Approved,Hyderabad
Sara,61,28033,776,657497,Salaried,Approved,Pune
Riya,27,43590,594,324721,Salaried,Approved,Pune
Arjun,34,76222,501,564889,Salaried,Approved,Ahmedabad
Neha,34,115090,664,443482,Self-Employed,Rejected,Kolkata
Aman,40,26329,541,741710,Business,Approved,Mumbai
Aditya,43,88427,764,679138,Business,Approved,Mumbai
Kabir,28,50276,760,80990,Business,Approved,Mumbai
Priya,34,138622,636,170364,Salaried,Approved,Mumbai
Arjun,26,120386,804,182729,Self-Employed,Approved,Hyderabad
Ananya,43,117809,732,733592,Self-Employed,Rejected,Kolkata
Aditya,48,92194,654,252432,Self-Employed,Approved,Delhi
Imran,46,38486,748,881681,Business,Approved,Hyderabad
Sara,52,81815,678,494320,Business,Rejected,Hyderabad
Arjun,59,75206,669,259422,Business,Approved,Chennai
Riya,49,46921,467,586196,Self-Employed,Rejected,Ahmedabad
Riya,46,28924,508,238643,Self-Employed,Rejected,Ahmedabad
Aman,36,34521,560,738866,Self-Employed,Approved,Chennai
Aman,28,26262,613,771726,Salaried,Approved,Chennai
Sara,35,98615,483,454321,Self-Employed,Rejected,Bangalore
Fatima,56,61444,816,687433,Business,Approved,Pune
Ananya,64,124116,672,383219,Self-Employed,Approved,Bangalore
Aman,52,31133,590,491699,Salaried,Rejected,Pune
Rahul,58,75181,571,654413,Salaried,Approved,Hyderabad
Aisha,50,62272,517,932526,Self-Employed,Rejected,Mumbai
Fatima,42,109512,458,122827,Self-Employed,Rejected,Pune
Aman,40,61002,612,840303,Self-Employed,Approved,Ahmedabad
Sara,52,105258,474,462433,Self-Employed,Rejected,Kolkata
Rahul,44,147906,766,157734,Salaried,Approved,Bangalore
Arjun,29,38780,615,953231,Business,Approved,Ahmedabad
Aisha,33,119910,638,905792,Business,Rejected,Mumbai
Aman,37,140778,472,166185,Salaried,Approved,Hyderabad
Rohan,65,105314,644,333023,Business,Rejected,Delhi
Sara,28,41552,613,953762,Salaried,Rejected,Ahmedabad
Aman,54,94152,573,655956,Self-Employed,Rejected,Kolkata
Priya,51,54600,497,326626,Self-Employed,Rejected,Pune
Ananya,63,109821,826,947437,Salaried,Approved,Pune
Imran,24,52849,456,753069,Salaried,Rejected,Kolkata
Zoya,52,38701,624,268797,Business,Rejected,Chennai
Priya,50,110890,528,938990,Business,Rejected,Pune
Imran,44,75538,681,960015,Business,Rejected,Bangalore
Sara,25,61416,666,222172,Business,Rejected,Hyderabad
Rohan,30,85418,504,831216,Salaried,Approved,Bangalore
Sara,32,59964,464,549374,Business,Rejected,Kolkata
Fatima,56,36018,631,502432,Salaried,Approved,Delhi
Karan,53,68743,477,512779,Self-Employed,Approved,Chennai
Ananya,48,50419,600,248652,Self-Employed,Rejected,Delhi
Priya,54,81828,505,764248,Salaried,Rejected,Bangalore
Sara,28,31964,468,653172,Self-Employed,Approved,Bangalore
Sara,38,54683,767,783491,Business,Approved,Ahmedabad
Imran,35,121196,804,331298,Self-Employed,Approved,Bangalore
Sara,43,108479,597,790140,Business,Rejected,Hyderabad
Priya,32,90960,808,702338,Self-Employed,Rejected,Hyderabad
Rohan,31,66302,798,122828,Salaried,Approved,Delhi
Aditya,30,26669,791,547654,Self-Employed,Approved,Chennai
Rahul,25,47377,797,847191,Salaried,Rejected,Chennai
Zoya,52,139454,576,545523,Salaried,Rejected,Mumbai
Aman,35,93848,707,225431,Salaried,Approved,Pune
Aditya,49,89312,826,417820,Business,Approved,Hyderabad
Ananya,44,85129,456,917958,Self-Employed,Rejected,Hyderabad
Fatima,28,60381,801,594534,Business,Approved,Mumbai
Fatima,35,111424,522,424545,Self-Employed,Approved,Mumbai
Aditya,44,52041,831,143610,Salaried,Approved,Ahmedabad
Riya,61,113971,728,992901,Self-Employed,Approved,Delhi
Aman,42,76252,751,487564,Self-Employed,Approved,Hyderabad
Rahul,60,41116,671,883966,Self-Employed,Approved,Chennai
Zoya,52,146534,800,204278,Self-Employed,Approved,Delhi
Zoya,60,98156,790,220505,Self-Employed,Approved,Kolkata
Zoya,21,84488,470,277882,Self-Employed,Approved,Pune
Riya,21,81403,630,742325,Salaried,Approved,Mumbai
Aditya,39,127926,707,747644,Business,Rejected,Delhi
Aisha,30,121082,550,503038,Business,Approved,Pune
Sara,51,147281,631,310810,Business,Approved,Ahmedabad
Aman,37,145611,604,676040,Self-Employed,Rejected,Delhi
Imran,58,43242,799,854950,Salaried,Approved,Hyderabad
Karan,40,64976,493,361777,Business,Rejected,Kolkata
Riya,48,37588,520,602150,Self-Employed,Rejected,Chennai
Rahul,50,71424,668,539215,Self-Employed,Approved,Ahmedabad
Riya,47,36590,836,197414,Business,Rejected,Hyderabad
Karan,29,106381,728,993626,Business,Approved,Hyderabad
Arjun,29,77814,793,56242,Self-Employed,Rejected,Kolkata
Ananya,24,60412,782,162248,Self-Employed,Rejected,Pune
Kabir,65,68425,481,177341,Business,Rejected,Mumbai
Zoya,56,122048,703,193028,Salaried,Approved,Delhi
Rahul,21,130593,698,703959,Business,Approved,Bangalore
Ananya,30,104140,511,595073,Salaried,Approved,Bangalore
Zoya,22,134147,708,515374,Self-Employed,Rejected,Mumbai
Rohan,46,88402,544,910116,Salaried,Rejected,Hyderabad
Priya,63,105892,513,503355,Salaried,Approved,Mumbai
Zoya,31,92045,829,783613,Business,Approved,Bangalore
Karan,39,112495,501,667363,Self-Employed,Rejected,Chennai
Zoya,45,116442,504,536501,Self-Employed,Approved,Ahmedabad
Rohan,50,40745,738,458346,Salaried,Approved,Hyderabad
Neha,23,144027,631,196070,Self-Employed,Approved,Kolkata
Neha,43,90619,707,271018,Self-Employed,Approved,Ahmedabad
Kabir,62,44844,630,737796,Business,Rejected,Chennai
Ananya,38,127886,840,740428,Self-Employed,Approved,Ahmedabad
Aman,45,86833,760,740982,Salaried,Approved,Hyderabad
Rahul,58,101116,628,662885,Business,Approved,Ahmedabad
Ananya,31,55369,499,747576,Salaried,Rejected,Kolkata
Neha,41,124602,568,859231,Business,Approved,Bangalore
Arjun,45,124066,665,117496,Salaried,Approved,Hyderabad
Aman,49,125054,641,685996,Business,Rejected,Mumbai
Ananya,27,116583,680,445972,Salaried,Approved,Bangalore
Imran,49,113978,596,286450,Salaried,Rejected,Delhi
Kabir,26,101298,462,709675,Business,Approved,Pune
Ananya,21,72128,846,477847,Business,Approved,Pune
Kabir,33,134104,556,648076,Self-Employed,Rejected,Chennai
Kabir,25,82524,668,705853,Self-Employed,Rejected,Pune
Aman,54,64089,501,173655,Self-Employed,Approved,Bangalore
Arjun,22,54362,598,918376,Self-Employed,Rejected,Ahmedabad
Zoya,31,62757,488,610383,Business,Rejected,Bangalore
Aditya,46,106087,479,622461,Business,Rejected,Pune
Aisha,62,28929,466,404466,Self-Employed,Approved,Hyderabad
Aisha,29,51769,730,906437,Business,Rejected,Chennai
Arjun,36,89691,487,894797,Business,Rejected,Mumbai
Aditya,47,103400,828,692182,Salaried,Rejected,Kolkata
Fatima,23,38639,468,570719,Business,Rejected,Bangalore
Rahul,51,64769,850,941115,Salaried,Rejected,Mumbai
Aisha,33,95016,761,952084,Self-Employed,Approved,Mumbai
Kabir,45,125359,643,779222,Salaried,Rejected,Ahmedabad
Aman,28,82403,510,990726,Business,Rejected,Chennai
Priya,48,145333,479,299739,Salaried,Rejected,Pune
Rahul,47,122973,835,981487,Business,Rejected,Mumbai
Zoya,36,131511,479,130333,Salaried,Rejected,Delhi
Kabir,23,66173,629,681678,Business,Rejected,Bangalore
Imran,59,77142,695,739525,Salaried,Approved,Pune
Zoya,52,117439,826,902937,Self-Employed,Approved,Bangalore
Aditya,44,127263,732,356900,Business,Approved,Bangalore
Fatima,41,116458,727,577900,Salaried,Approved,Mumbai
Priya,60,88728,593,132256,Salaried,Rejected,Delhi
Kabir,40,122243,733,271007,Salaried,Rejected,Chennai
Rahul,23,55815,807,511664,Business,Rejected,Kolkata
Arjun,52,134618,467,333428,Self-Employed,Rejected,Ahmedabad
Karan,24,61581,762,452586,Self-Employed,Rejected,Mumbai
Aisha,49,30821,564,265723,Self-Employed,Rejected,Delhi
Aman,63,64996,466,617855,Self-Employed,Rejected,Mumbai
Fatima,37,131200,835,669665,Salaried,Approved,Mumbai
Zoya,48,127578,823,821137,Salaried,Approved,Pune
Karan,55,85752,667,650417,Business,Approved,Hyderabad
Aditya,50,122731,571,188278,Salaried,Rejected,Hyderabad
Aisha,26,57759,844,619171,Self-Employed,Approved,Chennai
Rahul,60,60949,635,331802,Business,Rejected,Hyderabad
Rohan,28,65225,741,742874,Self-Employed,Rejected,Hyderabad
Ananya,50,27263,675,59301,Self-Employed,Rejected,Mumbai
Arjun,61,135667,734,278424,Self-Employed,Rejected,Mumbai
Aditya,38,142577,762,628235,Self-Employed,Approved,Pune
Aisha,38,59018,703,183402,Salaried,Approved,Delhi
Aisha,35,40000,785,90372,Salaried,Approved,Kolkata
Rahul,56,119025,566,113766,Business,Rejected,Hyderabad
Riya,64,135746,630,616693,Business,Rejected,Mumbai
Aman,27,35155,709,515371,Salaried,Approved,Pune
Kabir,57,73674,798,486175,Salaried,Rejected,Ahmedabad
Riya,22,67800,760,876450,Self-Employed,Rejected,Chennai
Zoya,51,148532,600,702126,Salaried,Approved,Delhi
Riya,30,144520,752,76775,Salaried,Rejected,Bangalore
Arjun,34,74655,748,84183,Business,Approved,Delhi
Sara,25,147620,564,642867,Business,Rejected,Ahmedabad
Imran,54,129622,476,686592,Self-Employed,Rejected,Kolkata
Aman,57,63412,574,394650,Salaried,Approved,Chennai
Riya,28,115842,573,516624,Business,Rejected,Ahmedabad
Rohan,56,91275,489,429895,Business,Rejected,Kolkata
Fatima,47,55115,741,918033,Salaried,Rejected,Bangalore
Aman,64,101645,790,194850,Business,Rejected,Hyderabad
Imran,41,40461,491,478346,Self-Employed,Rejected,Delhi
Ananya,32,139872,682,66265,Salaried,Approved,Pune
Arjun,27,41567,467,924364,Self-Employed,Rejected,Mumbai
Priya,29,92488,721,456967,Self-Employed,Approved,Chennai
Aisha,39,40601,622,991019,Self-Employed,Rejected,Pune
Fatima,25,121829,631,520700,Self-Employed,Rejected,Kolkata
Arjun,39,124308,694,784122,Salaried,Rejected,Delhi
Rohan,30,142387,453,672385,Business,Rejected,Chennai
Sara,45,67000,674,235306,Business,Rejected,Hyderabad
Karan,35,63974,702,407687,Salaried,Approved,Ahmedabad
Aditya,41,124260,541,200152,Salaried,Rejected,Bangalore
Sara,57,140288,765,379638,Salaried,Approved,Chennai
Aditya,39,60893,699,510237,Salaried,Approved,Delhi
Imran,59,123758,504,292928,Business,Approved,Hyderabad
Aisha,56,134941,710,841533,Salaried,Rejected,Mumbai
Zoya,55,95505,549,56988,Self-Employed,Rejected,Mumbai
Zoya,57,80902,824,516432,Business,Rejected,Delhi
Ananya,28,118880,811,935778,Salaried,Rejected,Kolkata
Arjun,37,36385,520,341979,Business,Rejected,Pune
Arjun,35,120336,488,393005,Salaried,Rejected,Chennai
Aisha,65,66262,469,504429,Salaried,Approved,Chennai
Priya,61,107219,454,307859,Salaried,Rejected,Ahmedabad
Ananya,64,50647,585,542951,Salaried,Rejected,Kolkata
Arjun,39,42274,551,715607,Salaried,Approved,Bangalore
Aditya,52,98103,762,268677,Business,Approved,Delhi
Neha,60,74845,773,662262,Salaried,Approved,Chennai
Karan,40,135191,568,967544,Self-Employed,Rejected,Kolkata
Zoya,59,71809,728,554322,Self-Employed,Approved,Pune
Rohan,47,83611,616,309413,Business,Approved,Ahmedabad
Ananya,41,111587,508,414462,Business,Rejected,Ahmedabad
Imran,52,103781,660,770604,Salaried,Approved,Mumbai
Fatima,47,32969,737,859289,Self-Employed,Rejected,Hyderabad
Aditya,46,131041,676,495853,Self-Employed,Rejected,Hyderabad
Fatima,52,120444,562,406349,Business,Approved,Mumbai
Aman,35,100039,535,612050,Salaried,Rejected,Pune
Arjun,29,104293,726,70887,Business,Rejected,Mumbai
Imran,42,144567,630,854092,Business,Rejected,Pune
Priya,44,95185,551,214618,Business,Rejected,Ahmedabad
Priya,39,130026,532,442041,Self-Employed,Approved,Ahmedabad
Ananya,21,29728,460,841802,Business,Rejected,Pune
Priya,23,45571,594,366110,Salaried,Rejected,Bangalore
Aditya,23,60711,833,179648,Self-Employed,Approved,Ahmedabad
Kabir,26,35030,487,579016,Business,Approved,Ahmedabad
Zoya,27,121452,751,881122,Self-Employed,Rejected,Bangalore
Imran,41,80725,712,829598,Salaried,Approved,Hyderabad
Arjun,27,59638,785,654190,Self-Employed,Approved,Ahmedabad
Priya,35,78258,737,342089,Self-Employed,Rejected,Hyderabad
Sara,45,27256,704,812899,Self-Employed,Rejected,Chennai
Ananya,49,54368,745,76101,Self-Employed,Approved,Bangalore
Arjun,57,39280,779,375698,Self-Employed,Rejected,Delhi
Karan,27,98516,536,267770,Self-Employed,Approved,Bangalore
Ananya,60,134847,692,598830,Business,Approved,Bangalore
Fatima,37,78983,609,826482,Self-Employed,Approved,Delhi
Aman,21,60146,803,269387,Business,Approved,Kolkata
Arjun,62,55898,614,533783,Business,Rejected,Kolkata
Neha,27,80797,808,131269,Self-Employed,Rejected,Delhi
Sara,54,123061,512,224270,Salaried,Rejected,Kolkata
Fatima,23,141064,667,569238,Salaried,Approved,Kolkata
Aditya,46,26213,601,173295,Self-Employed,Rejected,Hyderabad
Imran,54,67255,764,982755,Self-Employed,Approved,Delhi
Imran,60,149779,815,439287,Business,Approved,Hyderabad
Ananya,42,146514,832,805111,Salaried,Approved,Delhi
Rahul,21,66640,663,237931,Salaried,Approved,Kolkata
Aman,40,116942,546,258947,Business,Rejected,Pune
Priya,27,33009,769,541461,Business,Approved,Delhi
Fatima,43,107420,457,251998,Self-Employed,Rejected,Hyderabad
Imran,58,120593,606,435115,Business,Rejected,Ahmedabad
Aditya,25,102678,528,157978,Business,Approved,Bangalore
Aditya,57,38411,514,885593,Business,Rejected,Ahmedabad
Imran,60,112621,692,269473,Salaried,Rejected,Mumbai
Rahul,26,146837,764,203607,Salaried,Approved,Delhi
Ananya,41,35195,476,193628,Business,Rejected,Kolkata
Karan,41,64656,706,846925,Salaried,Rejected,Bangalore
Imran,45,117568,692,422235,Self-Employed,Rejected,Chennai
Rohan,31,148927,774,924098,Self-Employed,Rejected,Delhi
Neha,52,116108,578,768660,Salaried,Rejected,Ahmedabad
Imran,22,138526,637,946922,Self-Employed,Rejected,Chennai
Rahul,60,98373,547,451035,Self-Employed,Rejected,Delhi
Aman,33,82944,634,601553,Salaried,Rejected,Mumbai
Aisha,27,144411,638,316086,Business,Rejected,Mumbai
Aditya,62,61038,778,551989,Self-Employed,Rejected,Mumbai
Rohan,38,106955,479,649975,Salaried,Rejected,Kolkata
Rahul,52,47776,692,836364,Business,Approved,Pune
Kabir,60,142213,815,210633,Business,Rejected,Delhi
Aditya,26,79994,511,108770,Self-Employed,Rejected,Mumbai
Aman,33,110865,764,823276,Salaried,Rejected,Chennai
Karan,31,143715,750,807213,Self-Employed,Rejected,Mumbai
Kabir,47,134801,791,752169,Salaried,Approved,Pune
Fatima,38,36005,538,514937,Salaried,Rejected,Hyderabad
Riya,32,108270,832,933031,Salaried,Approved,Hyderabad
Rohan,28,69754,688,645772,Business,Rejected,Pune
Rahul,26,40238,496,241366,Business,Approved,Pune
Priya,31,128381,455,278092,Business,Rejected,Chennai
Karan,40,134747,798,723518,Salaried,Approved,Delhi
Imran,39,48331,592,197247,Business,Rejected,Chennai
Aditya,38,140811,552,235715,Self-Employed,Rejected,Hyderabad
Rohan,26,89210,631,656806,Self-Employed,Rejected,Chennai
Imran,61,115051,537,88515,Business,Approved,Ahmedabad
Aditya,65,81866,627,727388,Business,Approved,Hyderabad
Aisha,26,92275,845,270958,Self-Employed,Approved,Bangalore
Aman,28,92768,787,711770,Salaried,Approved,Kolkata
Sara,44,98894,643,740282,Business,Approved,Mumbai
Sara,61,72039,454,216461,Self-Employed,Rejected,Kolkata
Rahul,32,144688,633,371153,Salaried,Rejected,Kolkata
Ananya,49,131066,765,528617,Business,Rejected,Ahmedabad
Karan,36,58105,820,441344,Business,Approved,Chennai
Aditya,40,30259,569,850244,Business,Rejected,Pune
Imran,57,77527,753,79942,Salaried,Rejected,Delhi
Aisha,57,123546,521,186200,Business,Rejected,Chennai
Rohan,26,65537,842,198332,Self-Employed,Approved,Kolkata
Neha,21,111325,525,260141,Salaried,Rejected,Hyderabad
Riya,36,137428,554,507754,Salaried,Approved,Bangalore
Karan,21,87566,531,411456,Salaried,Rejected,Kolkata
Sara,65,52851,691,750906,Self-Employed,Rejected,Kolkata
Zoya,45,41843,612,850109,Salaried,Rejected,Ahmedabad
Rahul,64,120731,667,675935,Self-Employed,Approved,Pune
Rahul,35,141075,761,236814,Salaried,Approved,Chennai
Imran,60,103534,834,467522,Salaried,Approved,Bangalore
Neha,23,52686,604,506550,Salaried,Approved,Chennai
Fatima,48,44758,595,376203,Self-Employed,Approved,Kolkata
Arjun,32,46435,653,765485,Business,Rejected,Pune
Rahul,43,114923,825,156330,Business,Rejected,Ahmedabad
Rahul,31,66815,515,652597,Business,Rejected,Ahmedabad
Aditya,52,110697,793,471216,Self-Employed,Approved,Mumbai
Aman,61,40198,759,896331,Self-Employed,Rejected,Chennai
Karan,55,72823,507,873650,Salaried,Rejected,Ahmedabad
Rohan,64,35486,526,57294,Self-Employed,Approved,Hyderabad
Rohan,48,31362,687,345398,Salaried,Rejected,Pune
Zoya,44,31563,756,769729,Self-Employed,Approved,Hyderabad
Rohan,22,96139,586,237410,Self-Employed,Rejected,Chennai
Aisha,41,64017,775,87345,Business,Approved,Pune
Kabir,55,121820,652,310704,Salaried,Rejected,Pune
Priya,30,107958,702,502041,Self-Employed,Rejected,Chennai
Kabir,54,99588,684,92615,Salaried,Approved,Chennai
Arjun,59,119871,776,901943,Salaried,Approved,Ahmedabad
Neha,42,146561,776,835663,Self-Employed,Approved,Ahmedabad
Imran,37,119580,784,828761,Salaried,Rejected,Ahmedabad
Aisha,57,59206,605,695483,Business,Rejected,Bangalore
Neha,44,100148,692,275663,Self-Employed,Rejected,Hyderabad
Zoya,38,90740,793,97964,Business,Rejected,Ahmedabad
Aditya,38,25662,658,267198,Salaried,Rejected,Ahmedabad
Priya,38,85613,756,878645,Business,Approved,Chennai
Rohan,22,117931,616,281795,Salaried,Rejected,Hyderabad
Rahul,58,80150,775,674144,Self-Employed,Approved,Ahmedabad
Ananya,42,69642,613,413191,Self-Employed,Rejected,Delhi
Aisha,34,94761,807,228271,Business,Approved,Ahmedabad
Riya,63,136711,742,132427,Business,Approved,Kolkata
Aman,26,52204,832,605317,Self-Employed,Approved,Hyderabad
Fatima,49,113408,689,81000,Salaried,Rejected,Delhi
Karan,47,125262,461,837887,Self-Employed,Rejected,Kolkata
Imran,55,42261,643,686613,Salaried,Approved,Pune
Riya,28,99808,598,237299,Salaried,Rejected,Ahmedabad
Aman,34,79811,756,342426,Self-Employed,Rejected,Chennai
Rohan,53,95205,722,461223,Salaried,Approved,Ahmedabad
Aman,39,133283,680,214592,Salaried,Approved,Ahmedabad
Fatima,50,111008,538,766546,Salaried,Rejected,Ahmedabad
Arjun,47,78778,546,717331,Salaried,Approved,Bangalore
Neha,59,99787,824,478631,Salaried,Approved,Chennai
Karan,57,106984,691,767606,Salaried,Approved,Chennai
Priya,56,92021,548,941613,Salaried,Rejected,Kolkata
Rahul,32,86888,814,259490,Self-Employed,Approved,Delhi
Neha,34,100707,686,531498,Salaried,Rejected,Kolkata
Neha,50,90564,778,166556,Business,Rejected,Chennai
Fatima,36,85583,819,123234,Salaried,Rejected,Mumbai
Sara,54,86631,647,123783,Self-Employed,Rejected,Hyderabad
Aisha,59,109815,723,799484,Salaried,Approved,Kolkata
Rohan,39,131386,653,918543,Business,Approved,Mumbai
Sara,48,128209,513,158656,Salaried,Rejected,Hyderabad
Ananya,31,73033,661,738428,Self-Employed,Rejected,Delhi
Ananya,34,59669,499,396057,Business,Rejected,Pune
Rohan,36,124218,583,409077,Self-Employed,Approved,Kolkata
Kabir,65,58806,740,338671,Business,Rejected,Mumbai
Zoya,54,62805,463,281757,Self-Employed,Rejected,Chennai
Kabir,31,99401,774,369544,Self-Employed,Rejected,Kolkata
Priya,65,41849,525,686956,Self-Employed,Approved,Ahmedabad
Aditya,22,136531,558,661561,Self-Employed,Rejected,Delhi
Neha,44,119521,710,831668,Business,Approved,Ahmedabad
Karan,43,109390,529,665656,Business,Rejected,Chennai
Karan,52,109984,536,963081,Business,Approved,Kolkata
Kabir,21,112653,483,408997,Salaried,Approved,Hyderabad
Rohan,38,104775,848,814162,Salaried,Approved,Bangalore
Riya,57,144629,776,62793,Business,Rejected,Bangalore
Aditya,63,29304,654,706830,Salaried,Rejected,Chennai
Priya,56,95091,829,613849,Salaried,Approved,Mumbai
Rohan,36,58563,828,241558,Business,Approved,Bangalore
Imran,32,30273,761,328673,Business,Approved,Hyderabad
Priya,25,143769,517,597941,Self-Employed,Approved,Mumbai
Aisha,58,124834,747,550466,Self-Employed,Approved,Pune
Arjun,41,128548,774,126603,Salaried,Approved,Kolkata
Zoya,51,50873,501,618714,Business,Rejected,Bangalore
Imran,57,26258,747,500631,Salaried,Rejected,Kolkata
Fatima,58,130613,775,694259,Self-Employed,Approved,Mumbai
Zoya,59,60486,702,711785,Salaried,Approved,Chennai
Zoya,62,64274,585,959389,Business,Approved,Bangalore
Ananya,61,82677,507,843365,Salaried,Approved,Kolkata
Rohan,52,46381,541,118744,Self-Employed,Approved,Hyderabad
Priya,42,108608,801,614752,Salaried,Rejected,Bangalore
Zoya,34,65265,706,370218,Self-Employed,Approved,Kolkata
Karan,60,52563,742,754524,Salaried,Approved,Chennai
Ananya,31,136720,530,689760,Business,Rejected,Delhi
Aditya,62,103017,663,867632,Business,Approved,Hyderabad
Riya,51,147464,605,438802,Salaried,Approved,Hyderabad
Rahul,41,83944,607,495957,Business,Rejected,Ahmedabad
Aditya,46,32249,659,420789,Business,Rejected,Delhi
Riya,22,132286,810,262035,Salaried,Approved,Hyderabad
Imran,22,67184,668,879339,Self-Employed,Rejected,Chennai
Neha,34,105944,707,511481,Self-Employed,Approved,Pune
Aisha,41,119745,695,806300,Business,Rejected,Kolkata
Karan,63,76126,802,790807,Self-Employed,Approved,Bangalore
Rohan,24,38295,478,720699,Self-Employed,Rejected,Hyderabad
Fatima,39,39553,691,190807,Business,Approved,Pune
Rohan,30,139550,527,668458,Self-Employed,Rejected,Bangalore
Zoya,36,67970,743,623136,Business,Approved,Hyderabad
Riya,65,27864,521,859606,Salaried,Rejected,Chennai
Riya,49,122946,559,243084,Self-Employed,Approved,Kolkata
Rahul,42,51081,796,788260,Self-Employed,Approved,Hyderabad
Aisha,29,40622,778,480732,Self-Employed,Rejected,Ahmedabad
Aman,54,32901,712,441616,Salaried,Rejected,Ahmedabad
Arjun,55,89488,594,652737,Self-Employed,Rejected,Pune
Rohan,56,127313,507,607593,Salaried,Rejected,Pune
Rohan,60,110219,547,838432,Salaried,Rejected,Ahmedabad
Aman,49,141569,828,209598,Business,Approved,Chennai
Karan,50,94168,849,776229,Business,Rejected,Ahmedabad
Aman,57,63510,453,703986,Self-Employed,Approved,Mumbai
Imran,48,44725,582,947135,Salaried,Rejected,Chennai
Kabir,57,146288,631,986633,Business,Approved,Delhi
Riya,34,65433,542,155797,Salaried,Rejected,Mumbai
Neha,25,67920,611,291281,Business,Approved,Bangalore
Rohan,48,60530,569,277788,Self-Employed,Approved,Mumbai
Rohan,28,134334,642,76658,Self-Employed,Approved,Bangalore
Neha,49,77321,551,265621,Self-Employed,Approved,Pune
Imran,53,144705,746,809712,Business,Approved,Pune
Aman,28,148298,700,826619,Business,Rejected,Chennai
Sara,47,50032,557,145201,Business,Rejected,Chennai
Sara,50,27116,453,448489,Self-Employed,Rejected,Ahmedabad
Zoya,43,72237,608,927170,Salaried,Rejected,Ahmedabad
Rahul,35,116909,493,732028,Business,Rejected,Ahmedabad
Priya,38,120633,781,990919,Self-Employed,Approved,Mumbai
Ananya,32,99000,454,184163,Business,Approved,Delhi
Fatima,23,33019,755,891356,Salaried,Approved,Hyderabad
Neha,31,79950,538,233120,Business,Rejected,Delhi
Zoya,44,140222,506,874764,Salaried,Rejected,Mumbai
Rahul,46,106960,641,932298,Self-Employed,Approved,Chennai
Aisha,42,28735,690,85885,Business,Rejected,Delhi
Rahul,55,74418,840,677580,Business,Approved,Delhi
Ananya,43,142596,564,146598,Self-Employed,Approved,Pune
Ananya,50,79404,724,511809,Salaried,Approved,Mumbai
Sara,37,41803,615,738258,Business,Rejected,Chennai
Kabir,51,89592,833,921460,Business,Approved,Bangalore
Zoya,30,54563,787,136181,Business,Rejected,Pune
Zoya,60,38792,577,287212,Self-Employed,Rejected,Delhi
Kabir,42,118121,686,750822,Business,Rejected,Hyderabad
Karan,41,80315,641,743320,Salaried,Rejected,Mumbai
Priya,61,31293,551,241021,Salaried,Rejected,Delhi
Riya,31,77004,615,62281,Business,Rejected,Kolkata
Aditya,33,107406,745,475362,Self-Employed,Approved,Bangalore
Neha,55,82653,510,831147,Self-Employed,Rejected,Chennai
Aman,37,69693,699,859508,Business,Rejected,Kolkata
Kabir,54,59454,482,869938,Self-Employed,Rejected,Ahmedabad
Zoya,27,54769,684,920399,Salaried,Rejected,Pune
Arjun,29,139466,627,371944,Self-Employed,Rejected,Ahmedabad
Priya,53,48935,653,909860,Business,Approved,Bangalore
Aisha,22,51041,825,830765,Self-Employed,Approved,Delhi
Sara,55,72534,726,291616,Business,Approved,Delhi
Kabir,64,46710,775,715124,Business,Rejected,Bangalore
Karan,55,148494,762,494612,Salaried,Approved,Hyderabad
Zoya,39,76088,717,491727,Self-Employed,Approved,Kolkata
Arjun,21,34813,578,792749,Business,Approved,Hyderabad
Priya,24,123981,660,197118,Salaried,Rejected,Kolkata
Priya,46,128063,531,727468,Self-Employed,Rejected,Ahmedabad
Kabir,43,34244,565,339635,Salaried,Approved,Ahmedabad
Sara,34,83114,522,754892,Self-Employed,Approved,Chennai
Rohan,54,65784,718,157596,Business,Approved,Kolkata
Aman,40,132772,513,617551,Business,Approved,Kolkata
Fatima,38,149451,470,450033,Self-Employed,Rejected,Pune
Sara,58,47079,813,775024,Self-Employed,Approved,Hyderabad
Ananya,26,120913,758,678146,Self-Employed,Rejected,Bangalore
Aditya,65,81685,665,109404,Business,Rejected,Pune
Aditya,38,143584,578,721366,Business,Rejected,Chennai
Ananya,43,35891,456,156043,Business,Rejected,Kolkata
Ananya,35,102474,672,747962,Self-Employed,Rejected,Pune
Sara,56,104513,739,444078,Business,Approved,Ahmedabad
Priya,58,134865,779,153365,Business,Approved,Pune
Aisha,44,101037,794,793760,Business,Rejected,Ahmedabad
Fatima,43,109815,675,943631,Self-Employed,Rejected,Mumbai
Aman,63,144024,463,276533,Business,Approved,Delhi
Aditya,27,63309,661,890848,Salaried,Rejected,Kolkata
Aisha,43,132265,799,410762,Self-Employed,Approved,Bangalore
Aman,41,85057,807,715643,Self-Employed,Approved,Delhi
Aman,46,123739,628,868904,Salaried,Rejected,Kolkata
Sara,43,105793,725,825798,Salaried,Rejected,Chennai
Karan,26,108814,657,378124,Business,Rejected,Kolkata
Riya,33,59692,812,559021,Self-Employed,Rejected,Chennai
Zoya,31,47091,615,66701,Salaried,Rejected,Bangalore
Arjun,56,95550,541,467303,Business,Approved,Pune
Riya,59,144891,789,474292,Self-Employed,Rejected,Delhi
Arjun,46,42436,647,158659,Business,Rejected,Hyderabad
Aditya,41,54468,676,916264,Salaried,Rejected,Bangalore
Priya,22,89814,564,923723,Business,Approved,Bangalore
Rahul,49,109920,560,202438,Salaried,Approved,Hyderabad
Karan,60,88343,674,484661,Business,Approved,Bangalore
Aditya,61,100426,648,833068,Self-Employed,Rejected,Chennai
Arjun,48,73526,636,993773,Salaried,Rejected,Chennai
Kabir,65,42628,614,951717,Business,Rejected,Bangalore
Priya,27,145255,709,792762,Self-Employed,Approved,Chennai
Aisha,43,119052,809,726295,Business,Approved,Bangalore
Neha,50,106108,674,571281,Business,Approved,Ahmedabad
Ananya,22,98394,679,636149,Business,Rejected,Mumbai
Rahul,30,33359,799,421628,Salaried,Approved,Hyderabad
Rohan,59,89331,670,788425,Salaried,Approved,Ahmedabad
Fatima,40,95568,806,757440,Self-Employed,Approved,Chennai
Aisha,30,125440,726,764417,Business,Rejected,Chennai
Neha,43,101997,511,862248,Salaried,Rejected,Pune
Ananya,33,57610,757,861319,Salaried,Approved,Delhi
Karan,28,68488,495,148735,Self-Employed,Rejected,Ahmedabad
Riya,65,87181,520,938422,Self-Employed,Approved,Delhi
Aditya,32,117702,670,971765,Self-Employed,Approved,Kolkata
Sara,46,51293,566,418260,Business,Approved,Pune
Aisha,54,58786,460,972014,Business,Rejected,Mumbai
Karan,64,73909,498,226698,Salaried,Approved,Mumbai
Imran,40,28624,740,640730,Self-Employed,Rejected,Pune
Sara,61,106378,705,240617,Business,Rejected,Bangalore
Neha,64,144618,529,678850,Self-Employed,Rejected,Delhi
Sara,53,44510,677,81815,Business,Rejected,Mumbai
Neha,40,147556,599,163010,Self-Employed,Rejected,Delhi
Karan,27,90228,548,682819,Salaried,Rejected,Chennai
Riya,49,148733,509,751188,Business,Rejected,Pune
Ananya,30,56385,701,247488,Self-Employed,Approved,Mumbai
Arjun,63,117751,836,929820,Business,Rejected,Pune
Imran,63,110826,614,602953,Business,Rejected,Ahmedabad
Fatima,39,66984,519,519661,Salaried,Rejected,Hyderabad
Aman,46,82034,643,136391,Self-Employed,Rejected,Mumbai
Zoya,56,88452,762,457695,Self-Employed,Rejected,Kolkata
Zoya,64,116606,478,603176,Salaried,Rejected,Bangalore
Rahul,58,123022,742,619153,Salaried,Rejected,Chennai
Fatima,24,64707,647,247382,Self-Employed,Rejected,Mumbai
Sara,53,93679,541,583458,Self-Employed,Rejected,Mumbai
Imran,50,149513,545,985703,Salaried,Approved,Chennai
Karan,52,52097,742,721530,Business,Approved,Mumbai
Aman,34,143006,802,171981,Self-Employed,Rejected,Mumbai
Priya,32,76107,566,439843,Self-Employed,Approved,Mumbai
Aditya,60,112625,582,974786,Self-Employed,Approved,Hyderabad
Imran,47,115476,455,486089,Self-Employed,Rejected,Ahmedabad
Rohan,52,58216,757,60936,Business,Approved,Ahmedabad
Ananya,29,111895,803,283805,Salaried,Approved,Pune
Karan,25,49033,724,393281,Salaried,Rejected,Hyderabad
Sara,39,95288,596,348534,Business,Approved,Hyderabad
Aisha,46,132856,553,140705,Business,Approved,Kolkata
Neha,51,87759,505,166818,Salaried,Rejected,Mumbai
Riya,26,124947,805,895581,Salaried,Approved,Bangalore
Imran,49,121776,523,513495,Business,Rejected,Mumbai
Aman,34,120015,612,95883,Business,Rejected,Mumbai
Aisha,37,145827,539,417124,Self-Employed,Rejected,Bangalore
Imran,46,74811,528,355980,Business,Approved,Pune
Priya,42,111246,819,510190,Salaried,Approved,Kolkata
Aman,59,94278,597,633902,Salaried,Rejected,Delhi
Neha,24,39596,800,118295,Self-Employed,Approved,Mumbai
Rahul,41,73545,469,200456,Salaried,Approved,Bangalore
Aisha,57,32656,648,856035,Business,Rejected,Pune
Karan,57,96510,487,70754,Business,Rejected,Kolkata
Aditya,39,114864,765,455554,Self-Employed,Rejected,Bangalore
Riya,43,108453,682,552403,Salaried,Rejected,Kolkata
Karan,35,43927,596,718040,Business,Rejected,Delhi
Zoya,37,140597,532,435957,Business,Rejected,Mumbai
Kabir,30,30577,685,480305,Business,Rejected,Bangalore
Rohan,61,71260,556,475504,Self-Employed,Rejected,Ahmedabad
Karan,49,149829,648,536032,Self-Employed,Approved,Chennai
Imran,29,119805,721,265917,Salaried,Rejected,Bangalore
Zoya,63,127776,766,431068,Self-Employed,Approved,Ahmedabad
Fatima,34,76488,522,543074,Salaried,Rejected,Kolkata
Fatima,24,51137,561,404086,Business,Rejected,Delhi
Neha,32,148627,676,74993,Business,Approved,Bangalore
Imran,38,122776,798,640729,Salaried,Approved,Ahmedabad
Ananya,30,78908,612,541341,Salaried,Rejected,Delhi
Arjun,41,105000,840,692069,Business,Approved,Mumbai
Aman,26,27813,454,954133,Salaried,Rejected,Chennai
Riya,43,51608,830,207918,Salaried,Rejected,Hyderabad
Neha,60,144176,611,661790,Self-Employed,Approved,Kolkata
Kabir,39,64746,501,891310,Business,Rejected,Delhi
Ananya,31,79419,510,608162,Business,Approved,Ahmedabad
Kabir,65,61861,803,939186,Salaried,Rejected,Pune
Ananya,49,37723,836,91291,Salaried,Approved,Ahmedabad
Neha,31,125550,460,664649,Business,Rejected,Chennai
Arjun,49,142176,460,565655,Business,Rejected,Chennai
Kabir,44,34029,540,191498,Business,Rejected,Hyderabad
Arjun,28,147556,792,256707,Business,Approved,Chennai
Riya,43,104011,703,66730,Business,Rejected,Ahmedabad
Neha,37,50168,712,343859,Business,Approved,Mumbai
Fatima,24,110118,572,784543,Self-Employed,Rejected,Hyderabad
Aman,42,30302,589,836429,Business,Rejected,Kolkata
Rahul,56,29112,516,964400,Business,Rejected,Mumbai
Aditya,40,74895,552,998473,Self-Employed,Rejected,Ahmedabad
Aman,65,74170,621,434611,Business,Approved,Ahmedabad
Aditya,29,148588,627,804048,Self-Employed,Rejected,Bangalore
Sara,26,144715,680,754441,Salaried,Rejected,Chennai
Riya,22,131267,515,895389,Salaried,Approved,Bangalore
Rahul,25,45185,742,890388,Salaried,Rejected,Pune
Rohan,21,121534,624,962428,Business,Approved,Pune
Aisha,61,139478,619,874318,Business,Rejected,Pune
Arjun,29,51151,831,135097,Salaried,Rejected,Pune
Karan,21,81750,801,294397,Salaried,Rejected,Mumbai
Ananya,41,106979,721,251996,Self-Employed,Rejected,Bangalore
Rahul,59,117572,545,542002,Self-Employed,Rejected,Mumbai
Arjun,26,48049,551,326049,Salaried,Rejected,Bangalore
Zoya,33,49516,614,843023,Salaried,Approved,Delhi
Riya,59,79038,709,721712,Self-Employed,Approved,Bangalore
Neha,36,94540,453,736651,Business,Rejected,Hyderabad
Fatima,25,33076,482,567915,Self-Employed,Rejected,Mumbai
Arjun,26,113347,841,992292,Business,Approved,Kolkata
Aman,41,102088,844,429039,Business,Approved,Pune
Ananya,49,71938,830,900358,Self-Employed,Approved,Chennai
Riya,41,96554,831,249528,Salaried,Approved,Delhi
Rohan,47,85941,686,390124,Self-Employed,Rejected,Kolkata
Kabir,49,45012,522,823701,Self-Employed,Rejected,Ahmedabad
Neha,41,74998,773,206640,Self-Employed,Approved,Chennai
Kabir,30,102717,544,277534,Salaried,Rejected,Mumbai
Aditya,38,69212,551,72733,Self-Employed,Approved,Ahmedabad
Neha,35,49896,699,686302,Business,Approved,Kolkata
Ananya,52,112266,480,420534,Salaried,Rejected,Pune
Fatima,59,62921,522,296575,Business,Rejected,Kolkata
Fatima,52,26699,607,712184,Salaried,Rejected,Chennai
Riya,60,40970,756,185715,Business,Approved,Hyderabad
Rohan,65,138258,515,437519,Business,Approved,Kolkata
Aman,44,79657,576,269630,Self-Employed,Rejected,Bangalore
Aman,61,145027,693,875026,Self-Employed,Rejected,Chennai
Priya,65,50477,515,387466,Business,Rejected,Bangalore
Sara,36,89040,738,542571,Salaried,Approved,Chennai
Rohan,45,123329,525,703899,Self-Employed,Rejected,Pune
Imran,59,143021,822,328928,Salaried,Approved,Kolkata
Rahul,38,118311,523,431453,Salaried,Approved,Kolkata
Aman,41,71683,767,555993,Business,Rejected,Delhi
Imran,52,66178,759,976116,Business,Rejected,Bangalore
Imran,59,104309,511,359979,Business,Rejected,Mumbai
Rahul,54,129706,708,346176,Salaried,Approved,Ahmedabad
Fatima,40,59208,554,201057,Self-Employed,Approved,Mumbai
Neha,26,73317,688,863482,Salaried,Rejected,Kolkata
Imran,59,83214,838,379344,Salaried,Approved,Hyderabad
Rahul,59,84419,595,220814,Business,Approved,Delhi
Karan,28,31871,617,629417,Self-Employed,Approved,Chennai
Aman,56,28337,771,505354,Business,Approved,Chennai
Aisha,60,134585,839,86211,Business,Approved,Hyderabad
Arjun,53,32321,820,802112,Business,Approved,Delhi
Riya,29,44866,502,598175,Salaried,Approved,Bangalore
Aisha,43,69323,491,482686,Self-Employed,Rejected,Pune
Arjun,54,79572,778,878090,Self-Employed,Approved,Delhi
Rahul,34,83785,531,170847,Self-Employed,Approved,Bangalore
Priya,24,109266,807,286474,Self-Employed,Approved,Mumbai
Karan,30,139095,520,574900,Self-Employed,Rejected,Chennai
Fatima,22,91879,841,353708,Self-Employed,Approved,Mumbai
Ananya,56,33907,470,259845,Business,Approved,Mumbai
Neha,21,70794,809,134543,Business,Approved,Chennai
Riya,46,52889,527,612277,Salaried,Approved,Hyderabad
Aman,53,75910,531,925374,Salaried,Rejected,Hyderabad
Karan,37,76463,511,732059,Self-Employed,Approved,Kolkata
Imran,34,49226,507,93683,Self-Employed,Rejected,Pune
Imran,33,124583,741,821440,Business,Rejected,Hyderabad
Priya,58,132198,605,428471,Self-Employed,Rejected,Mumbai
Imran,57,141681,579,277337,Business,Approved,Mumbai
Rohan,32,137768,620,266376,Self-Employed,Rejected,Ahmedabad
Zoya,46,103880,835,223284,Self-Employed,Approved,Kolkata
Rahul,63,137375,577,131447,Business,Rejected,Pune
Neha,60,31557,455,337552,Salaried,Rejected,Hyderabad
Riya,27,32017,638,275767,Business,Rejected,Bangalore
Sara,25,61697,663,735376,Salaried,Rejected,Hyderabad
Rahul,40,43591,584,529123,Salaried,Rejected,Pune
Aditya,51,47882,457,168055,Salaried,Rejected,Bangalore
Kabir,38,27956,809,640590,Self-Employed,Rejected,Pune
Fatima,34,33540,653,760954,Self-Employed,Approved,Mumbai
Aditya,50,79057,539,63913,Business,Rejected,Mumbai
Imran,39,119223,695,262544,Self-Employed,Rejected,Mumbai
Fatima,36,115397,679,899717,Salaried,Rejected,Mumbai
Arjun,56,149799,809,562258,Salaried,Approved,Mumbai
Riya,59,73142,683,910581,Self-Employed,Approved,Delhi
Karan,56,95879,524,386290,Business,Rejected,Chennai
Ananya,44,86274,627,854586,Self-Employed,Rejected,Delhi
Kabir,64,96076,658,427832,Self-Employed,Rejected,Pune
Neha,42,146204,633,726818,Self-Employed,Rejected,Kolkata
Neha,23,70017,709,951472,Business,Rejected,Delhi
Fatima,57,43287,555,914745,Business,Approved,Ahmedabad
Aditya,28,90717,728,94017,Business,Rejected,Pune
Aman,56,112115,534,825643,Salaried,Rejected,Chennai
Riya,44,96886,652,598532,Business,Approved,Ahmedabad
Imran,47,115151,834,161596,Salaried,Approved,Kolkata
Arjun,21,142071,708,888792,Salaried,Approved,Kolkata
Sara,65,149532,606,303580,Self-Employed,Rejected,Hyderabad
Arjun,33,28080,458,82608,Self-Employed,Approved,Pune
Rahul,25,58218,681,174731,Self-Employed,Rejected,Chennai
Fatima,65,103323,603,409839,Self-Employed,Approved,Chennai
Aisha,60,102291,694,716076,Business,Rejected,Mumbai
Karan,52,66894,629,82548,Self-Employed,Rejected,Kolkata
Ananya,55,125897,500,493234,Business,Rejected,Chennai
Arjun,22,74803,469,561126,Salaried,Rejected,Kolkata
Aman,26,57163,820,920978,Business,Approved,Pune
Rohan,36,104116,690,86010,Self-Employed,Rejected,Hyderabad
Rahul,34,105441,660,149566,Salaried,Rejected,Delhi
Karan,53,83252,485,576461,Salaried,Rejected,Kolkata
Ananya,55,110682,820,101081,Self-Employed,Rejected,Pune
Aman,32,143261,681,357641,Salaried,Approved,Mumbai
Priya,48,39375,801,212315,Salaried,Approved,Bangalore
Aisha,21,75764,847,830697,Business,Rejected,Delhi
Rohan,40,48943,564,406589,Business,Approved,Kolkata
Rahul,65,149261,509,156470,Salaried,Approved,Delhi
Riya,49,90030,637,882923,Business,Approved,Ahmedabad
Fatima,61,96235,504,488959,Self-Employed,Rejected,Mumbai
Priya,25,33542,494,325540,Business,Rejected,Chennai
Rohan,29,40861,462,219864,Salaried,Rejected,Delhi
Neha,63,96554,641,634443,Self-Employed,Approved,Kolkata
Zoya,58,79166,509,636852,Salaried,Approved,Bangalore
Rahul,29,122863,809,459688,Salaried,Approved,Chennai
Kabir,28,93755,790,328803,Business,Approved,Mumbai
Ananya,41,145682,574,952389,Self-Employed,Approved,Bangalore
Arjun,51,87748,559,153858,Salaried,Rejected,Ahmedabad
Arjun,30,112435,515,949516,Business,Rejected,Delhi
Fatima,51,92290,487,643659,Salaried,Rejected,Bangalore
Fatima,61,72411,565,918195,Self-Employed,Approved,Ahmedabad
Riya,23,139120,614,868551,Self-Employed,Approved,Mumbai
Fatima,46,83959,760,927000,Salaried,Approved,Delhi
Zoya,62,139277,836,716206,Salaried,Approved,Bangalore
Arjun,52,126331,488,503762,Business,Rejected,Mumbai
Rohan,30,126307,778,91889,Self-Employed,Approved,Hyderabad
Ananya,62,130750,624,368239,Business,Rejected,Chennai
Arjun,53,88935,647,844210,Business,Rejected,Delhi
Aditya,65,89182,625,608617,Business,Approved,Pune
Aman,38,139655,597,673309,Business,Approved,Bangalore
Fatima,36,99188,547,415442,Self-Employed,Rejected,Bangalore
Kabir,38,59591,756,494436,Business,Rejected,Bangalore
Aman,65,63668,547,770480,Business,Rejected,Chennai
Zoya,34,129599,686,660008,Business,Approved,Delhi
Ananya,61,57378,555,677186,Business,Approved,Chennai
Rohan,44,57195,650,557870,Business,Rejected,Hyderabad
Karan,55,69747,524,317099,Business,Approved,Pune
Rohan,56,76521,451,119778,Salaried,Rejected,Hyderabad
Aisha,56,101491,591,585946,Business,Approved,Ahmedabad
Aman,48,107327,700,674187,Salaried,Approved,Kolkata
Arjun,28,43314,542,178887,Self-Employed,Approved,Mumbai
Fatima,38,39085,730,611221,Self-Employed,Rejected,Delhi
Aditya,34,30234,788,644088,Salaried,Approved,Mumbai
Riya,39,81335,573,291684,Salaried,Rejected,Hyderabad
Neha,36,44884,461,630607,Business,Rejected,Chennai
Aditya,45,51626,727,696233,Salaried,Approved,Delhi
Neha,52,41326,498,308152,Self-Employed,Approved,Bangalore
Zoya,32,145275,562,343046,Salaried,Approved,Mumbai
Sara,48,100974,757,940859,Self-Employed,Approved,Kolkata
Karan,26,78547,814,515707,Self-Employed,Rejected,Delhi
Ananya,60,123394,644,74145,Business,Approved,Hyderabad
Karan,48,128492,718,408915,Self-Employed,Approved,Mumbai
Karan,49,104502,555,441078,Salaried,Rejected,Pune
Aditya,31,128293,656,267192,Salaried,Approved,Chennai
Ananya,36,118707,598,992095,Salaried,Rejected,Ahmedabad
Rahul,22,114979,738,305928,Business,Approved,Pune
Rohan,45,99928,626,426984,Self-Employed,Rejected,Mumbai
Aditya,48,36725,673,317309,Self-Employed,Approved,Bangalore
Karan,51,45722,536,279781,Business,Rejected,Bangalore
Aisha,44,31288,839,289683,Salaried,Approved,Delhi
Fatima,37,35388,718,317539,Self-Employed,Approved,Delhi
Arjun,38,139164,545,290216,Self-Employed,Approved,Hyderabad
Ananya,35,139269,497,701107,Salaried,Rejected,Delhi
Arjun,48,142299,535,297721,Salaried,Rejected,Bangalore
Riya,25,126297,501,332113,Salaried,Rejected,Pune
Neha,32,45017,723,245881,Salaried,Approved,Mumbai
Neha,38,92272,460,575245,Business,Rejected,Mumbai
Riya,24,86481,529,937658,Salaried,Rejected,Bangalore
Sara,57,127650,592,534867,Salaried,Approved,Kolkata
Kabir,36,46245,777,685448,Salaried,Rejected,Pune
Karan,21,62644,685,604584,Self-Employed,Rejected,Ahmedabad
Fatima,54,86160,781,594898,Self-Employed,Rejected,Ahmedabad
Riya,31,90949,705,182372,Salaried,Approved,Bangalore
Riya,40,40143,759,998085,Self-Employed,Approved,Ahmedabad
Kabir,22,66228,699,258355,Salaried,Approved,Bangalore
Zoya,49,138403,752,878924,Business,Rejected,Delhi
Karan,46,57046,522,67173,Salaried,Approved,Kolkata
Aisha,50,118439,688,439616,Salaried,Approved,Kolkata
Aisha,36,149220,524,990613,Business,Approved,Pune
Zoya,43,85960,647,980135,Business,Approved,Ahmedabad
Ananya,43,132622,712,628401,Self-Employed,Rejected,Mumbai
Sara,25,71200,619,252877,Self-Employed,Approved,Delhi
Imran,30,122561,814,638869,Self-Employed,Approved,Mumbai
Rohan,61,93300,640,75312,Self-Employed,Approved,Ahmedabad
Sara,43,106496,617,348767,Self-Employed,Rejected,Mumbai
Arjun,49,124417,699,504461,Business,Rejected,Mumbai
Aditya,30,147283,643,396189,Business,Rejected,Kolkata
Priya,30,43639,840,255871,Salaried,Approved,Ahmedabad
Imran,23,30768,605,62703,Salaried,Rejected,Bangalore
Imran,47,129788,527,497649,Business,Rejected,Hyderabad
Arjun,21,33680,533,950559,Salaried,Rejected,Hyderabad
Rohan,35,86381,534,755284,Self-Employed,Approved,Pune
Aman,42,105844,822,440192,Self-Employed,Approved,Hyderabad
Priya,61,112155,617,602294,Salaried,Rejected,Hyderabad
Zoya,35,131814,461,504949,Self-Employed,Rejected,Hyderabad
Aditya,52,119932,657,103777,Business,Rejected,Hyderabad
Priya,27,133012,525,631974,Salaried,Rejected,Bangalore
Karan,50,143643,528,153386,Business,Rejected,Chennai
Ananya,47,99261,619,363612,Salaried,Approved,Bangalore
Fatima,63,33692,846,379207,Salaried,Approved,Ahmedabad
Priya,30,79293,692,82081,Self-Employed,Approved,Chennai
Priya,52,140226,701,465597,Business,Approved,Bangalore
Aman,39,56881,762,893610,Salaried,Approved,Chennai
Rahul,58,74394,492,155549,Salaried,Rejected,Pune
Rahul,30,95827,669,566579,Salaried,Rejected,Delhi
Riya,51,48274,466,189967,Self-Employed,Rejected,Chennai
Aisha,63,99972,494,92393,Salaried,Rejected,Hyderabad
Karan,58,35793,470,694206,Salaried,Rejected,Bangalore
Zoya,52,39095,586,672193,Self-Employed,Rejected,Pune
Sara,29,33512,686,685612,Self-Employed,Rejected,Delhi
Aman,52,104493,564,772502,Self-Employed,Rejected,Mumbai
Zoya,63,46339,805,545620,Self-Employed,Rejected,Chennai
Priya,39,110654,811,904209,Self-Employed,Rejected,Ahmedabad
Kabir,40,112327,617,270774,Salaried,Approved,Kolkata
Rohan,23,35414,480,666230,Salaried,Approved,Delhi
Priya,29,44572,820,127009,Self-Employed,Rejected,Chennai
Imran,51,82060,659,178574,Business,Rejected,Hyderabad
Arjun,51,111007,467,431901,Salaried,Approved,Ahmedabad
Karan,24,29112,579,458482,Salaried,Rejected,Kolkata
Neha,41,83931,518,905408,Self-Employed,Rejected,Ahmedabad
Aman,21,138924,534,312773,Self-Employed,Rejected,Pune
Imran,30,30508,521,301682,Business,Rejected,Kolkata
Riya,32,79771,469,858305,Salaried,Rejected,Chennai
Aman,42,25358,503,556250,Business,Approved,Bangalore
Imran,64,111332,827,830195,Business,Approved,Hyderabad
Zoya,48,125887,824,889153,Salaried,Rejected,Kolkata
Arjun,55,124060,683,96675,Self-Employed,Approved,Chennai
Priya,51,133731,663,536060,Business,Rejected,Bangalore
Aditya,49,59694,603,984819,Business,Rejected,Mumbai
Rohan,46,59782,452,606524,Salaried,Rejected,Mumbai
Aditya,36,77032,451,500898,Salaried,Rejected,Pune
Aisha,55,131748,729,486999,Salaried,Rejected,Hyderabad
Priya,52,101044,559,610033,Business,Rejected,Hyderabad
Fatima,45,98499,821,394548,Salaried,Approved,Bangalore
Aditya,26,68093,781,307526,Self-Employed,Approved,Mumbai
Fatima,31,111174,599,754444,Self-Employed,Approved,Ahmedabad
Arjun,34,120572,533,428986,Salaried,Rejected,Hyderabad
Aditya,25,45390,512,944467,Salaried,Approved,Bangalore
Rohan,32,39859,841,523213,Self-Employed,Approved,Pune
Riya,53,41003,696,750447,Business,Rejected,Hyderabad
Arjun,26,71299,540,456722,Salaried,Rejected,Hyderabad
Riya,25,46271,524,408719,Salaried,Rejected,Bangalore
Karan,22,69588,649,881169,Self-Employed,Rejected,Pune
Arjun,34,46957,547,701244,Business,Rejected,Kolkata
Riya,35,134381,786,868691,Self-Employed,Approved,Kolkata
Riya,33,142960,471,88146,Self-Employed,Approved,Bangalore
Rahul,22,112107,640,730228,Self-Employed,Rejected,Ahmedabad
Sara,41,137984,687,139365,Salaried,Rejected,Pune
Aisha,58,42795,692,568358,Business,Approved,Chennai
Sara,61,66558,575,377216,Business,Approved,Ahmedabad
Kabir,24,148082,603,747118,Salaried,Rejected,Hyderabad
Zoya,38,69556,660,128011,Business,Approved,Chennai
Arjun,40,78329,461,77417,Self-Employed,Approved,Chennai
Sara,29,147081,718,682193,Business,Approved,Pune
Arjun,37,125663,620,383774,Salaried,Rejected,Delhi
Zoya,35,31432,591,376619,Business,Rejected,Pune
Fatima,56,111232,602,155314,Self-Employed,Approved,Mumbai
Sara,26,111231,620,332117,Business,Approved,Mumbai
Riya,58,25525,504,984703,Self-Employed,Rejected,Mumbai
Neha,46,96036,504,327120,Salaried,Approved,Bangalore
Kabir,32,109998,741,784734,Salaried,Approved,Mumbai
Aditya,31,121713,799,584442,Salaried,Approved,Ahmedabad
Aisha,57,129157,823,863970,Salaried,Approved,Kolkata
Zoya,48,52657,763,749276,Self-Employed,Rejected,Bangalore
Sara,43,42853,657,669467,Self-Employed,Approved,Hyderabad
Karan,47,58423,781,684656,Self-Employed,Rejected,Mumbai
Sara,58,50056,832,315222,Business,Approved,Delhi
Aisha,63,57608,517,795609,Salaried,Rejected,Bangalore
Rahul,25,114662,652,189420,Salaried,Rejected,Hyderabad
Aman,62,52551,817,166155,Business,Approved,Mumbai
Aman,34,83598,523,204127,Business,Rejected,Pune
Imran,47,74640,787,594070,Business,Approved,Hyderabad
Priya,61,44125,555,458117,Self-Employed,Rejected,Bangalore
Rohan,52,89082,590,508700,Salaried,Approved,Hyderabad
Imran,31,33048,850,982117,Salaried,Approved,Kolkata
Rahul,47,39472,597,197532,Self-Employed,Approved,Hyderabad
Priya,51,127982,840,605317,Salaried,Approved,Kolkata
Aditya,49,51335,802,955810,Self-Employed,Rejected,Kolkata
Ananya,31,87960,562,509411,Salaried,Rejected,Mumbai
Riya,45,53688,732,584456,Business,Approved,Delhi
Rahul,54,58398,803,153635,Self-Employed,Rejected,Hyderabad
Neha,25,99338,504,302943,Self-Employed,Rejected,Hyderabad
Fatima,61,90147,720,53534,Salaried,Approved,Mumbai
Zoya,57,69734,450,554385,Salaried,Approved,Delhi
Riya,48,57921,806,893677,Self-Employed,Approved,Bangalore
Aman,27,74797,691,704960,Salaried,Approved,Bangalore
Fatima,43,86785,838,302882,Business,Approved,Chennai
Aisha,56,27153,803,129973,Salaried,Approved,Delhi
Rohan,34,86221,661,610967,Business,Approved,Pune
Aditya,29,53931,827,274954,Salaried,Approved,Chennai
Rohan,21,145350,750,479012,Salaried,Rejected,Hyderabad
Aditya,34,37252,624,298207,Business,Approved,Pune
Aditya,59,95371,832,709666,Salaried,Approved,Mumbai
Ananya,55,46893,786,844114,Business,Rejected,Mumbai
Priya,34,129296,660,980577,Self-Employed,Approved,Pune
Rohan,57,61394,450,497852,Business,Rejected,Chennai
Rahul,56,116218,534,78206,Business,Rejected,Pune
Neha,63,61078,548,230426,Salaried,Rejected,Bangalore
Rohan,33,133432,557,257245,Salaried,Rejected,Hyderabad
Zoya,35,106087,518,83020,Salaried,Rejected,Bangalore
Rahul,64,81599,528,771333,Salaried,Rejected,Delhi
Neha,31,74091,467,608922,Salaried,Approved,Ahmedabad
Neha,34,34596,528,485214,Salaried,Approved,Ahmedabad
Neha,38,118545,716,798392,Business,Rejected,Chennai
Rohan,59,94841,788,644850,Salaried,Approved,Kolkata
Zoya,38,66383,583,685732,Salaried,Approved,Mumbai
Kabir,45,126260,724,537449,Salaried,Rejected,Pune
Karan,24,55112,827,784285,Business,Approved,Pune
Priya,62,101108,814,823442,Salaried,Approved,Mumbai
Arjun,29,56520,475,583112,Business,Rejected,Pune
Kabir,42,93822,725,148080,Self-Employed,Approved,Hyderabad
Priya,32,30769,668,564335,Salaried,Rejected,Delhi
Arjun,65,108394,495,593115,Salaried,Approved,Kolkata
Rahul,41,85410,534,764435,Self-Employed,Approved,Chennai
Neha,22,126620,790,774443,Salaried,Approved,Mumbai
Sara,61,101787,491,136646,Business,Rejected,Bangalore
Rahul,49,127714,725,729002,Self-Employed,Rejected,Mumbai
Zoya,30,71312,610,447457,Business,Rejected,Pune
Ananya,39,59184,531,139171,Business,Rejected,Delhi
Zoya,39,89374,717,855292,Salaried,Approved,Delhi
Fatima,53,106481,471,379372,Self-Employed,Approved,Kolkata
Priya,50,28440,472,678318,Salaried,Rejected,Mumbai
Aditya,45,70265,775,408077,Salaried,Rejected,Chennai
Kabir,54,44655,657,446069,Business,Approved,Pune
Neha,38,92067,566,387264,Self-Employed,Rejected,Mumbai
Aisha,57,74194,823,93907,Business,Approved,Mumbai
Rahul,47,52252,573,480108,Business,Rejected,Kolkata
Aisha,60,127054,775,947744,Business,Approved,Delhi
Sara,38,130118,474,178356,Self-Employed,Rejected,Hyderabad
Aditya,56,144961,720,824379,Salaried,Rejected,Hyderabad
Karan,62,48258,730,546649,Self-Employed,Approved,Bangalore
Arjun,33,94248,781,117282,Self-Employed,Approved,Hyderabad
Zoya,30,116310,654,699146,Business,Rejected,Hyderabad
Kabir,47,64005,531,71715,Salaried,Rejected,Ahmedabad
Zoya,44,119666,821,936088,Business,Approved,Ahmedabad
Karan,37,35769,686,965872,Salaried,Approved,Ahmedabad
Priya,31,71488,834,441816,Self-Employed,Approved,Mumbai
Rahul,64,73371,624,619868,Business,Approved,Delhi
Zoya,63,36089,690,445597,Self-Employed,Rejected,Ahmedabad
Riya,53,100459,721,579757,Salaried,Rejected,Bangalore
Aditya,36,97887,807,575304,Business,Rejected,Delhi
Aman,42,120092,518,538303,Business,Rejected,Mumbai
Imran,23,62971,801,720125,Salaried,Approved,Hyderabad
Sara,34,125276,631,253768,Business,Rejected,Hyderabad
Rohan,46,120479,563,895891,Salaried,Approved,Pune
Imran,54,86138,819,971275,Salaried,Approved,Mumbai
Kabir,36,102767,496,711518,Business,Rejected,Bangalore
Arjun,46,109414,615,286682,Salaried,Rejected,Ahmedabad
Aman,26,145341,834,691597,Business,Rejected,Kolkata
Neha,45,37492,686,575004,Self-Employed,Approved,Mumbai
Fatima,34,132524,463,900067,Salaried,Rejected,Pune
Karan,28,97055,515,928283,Business,Approved,Mumbai
Sara,42,86901,776,786979,Self-Employed,Rejected,Hyderabad
Riya,47,145150,451,975138,Business,Rejected,Bangalore
Zoya,29,141114,479,129955,Self-Employed,Rejected,Pune
Aman,27,95677,599,286814,Salaried,Rejected,Ahmedabad
Neha,22,101881,521,843269,Self-Employed,Approved,Bangalore
Aditya,34,104504,758,580424,Salaried,Approved,Pune
Zoya,42,69262,664,130472,Salaried,Rejected,Hyderabad
Rahul,29,93115,724,477030,Business,Rejected,Mumbai
Aisha,42,56149,702,464708,Self-Employed,Rejected,Ahmedabad
Rahul,54,115922,499,172172,Business,Rejected,Delhi
Karan,23,148712,548,967324,Salaried,Rejected,Bangalore
Arjun,59,36584,840,78594,Self-Employed,Approved,Delhi
Aditya,41,148248,831,273193,Salaried,Rejected,Delhi
Sara,42,71634,476,907103,Self-Employed,Rejected,Delhi
Aditya,52,107100,698,495092,Business,Rejected,Delhi
Rahul,39,123259,470,171455,Salaried,Rejected,Hyderabad
Kabir,54,83645,849,253496,Self-Employed,Approved,Hyderabad
Sara,47,31045,558,295101,Business,Rejected,Chennai
Aisha,24,38431,791,438563,Self-Employed,Approved,Mumbai
Zoya,53,73266,739,659058,Business,Rejected,Pune
Neha,57,48826,458,799367,Self-Employed,Rejected,Hyderabad
Karan,46,124119,756,790464,Business,Rejected,Ahmedabad
Zoya,63,63851,732,722922,Business,Approved,Kolkata
Sara,30,95158,637,657418,Self-Employed,Approved,Bangalore
Imran,39,27788,845,574747,Self-Employed,Rejected,Bangalore
Fatima,27,49242,849,896282,Salaried,Rejected,Hyderabad
Ananya,46,98913,736,107433,Self-Employed,Rejected,Mumbai
Rahul,30,77165,777,173434,Self-Employed,Rejected,Ahmedabad
Priya,62,82932,539,835673,Salaried,Rejected,Hyderabad
Kabir,54,104525,562,391603,Business,Rejected,Chennai
Riya,63,142580,737,843784,Salaried,Rejected,Hyderabad
Kabir,47,141297,789,173527,Salaried,Approved,Ahmedabad
Aditya,46,102399,840,426147,Business,Approved,Delhi
Arjun,26,127708,731,451010,Business,Approved,Ahmedabad
Kabir,34,26957,737,555339,Self-Employed,Rejected,Pune
Sara,33,130805,720,378932,Business,Rejected,Chennai
Priya,37,135534,548,864972,Self-Employed,Rejected,Ahmedabad
Aisha,58,129370,845,375837,Business,Approved,Hyderabad
Fatima,22,134121,534,551656,Salaried,Approved,Mumbai
Karan,59,76206,649,115646,Salaried,Rejected,Pune
Aman,53,51484,488,135159,Business,Rejected,Bangalore
Aditya,22,31280,483,443416,Business,Rejected,Mumbai
Fatima,26,63408,772,685996,Salaried,Approved,Chennai
Kabir,32,138101,772,597155,Salaried,Rejected,Kolkata
Ananya,24,120679,638,281222,Business,Approved,Hyderabad
Rohan,49,83024,756,345175,Self-Employed,Approved,Delhi
Riya,29,120161,656,850028,Self-Employed,Rejected,Delhi
Aisha,22,97805,497,832094,Self-Employed,Rejected,Kolkata
Aditya,31,99110,808,681031,Salaried,Approved,Hyderabad
Kabir,25,50594,551,262511,Self-Employed,Approved,Bangalore
Karan,41,71907,816,229567,Salaried,Rejected,Chennai
Neha,27,86235,728,132995,Self-Employed,Approved,Mumbai
Priya,64,38324,490,682214,Salaried,Rejected,Mumbai
Riya,48,56191,712,752160,Self-Employed,Approved,Delhi
Zoya,45,40894,547,278855,Self-Employed,Rejected,Pune
Aman,40,59681,753,101573,Business,Rejected,Delhi
Sara,24,43461,652,358298,Business,Rejected,Mumbai
Aditya,48,61096,595,105469,Salaried,Approved,Kolkata
Ananya,27,77213,690,610130,Salaried,Rejected,Delhi
Arjun,63,92291,537,245714,Salaried,Rejected,Mumbai
Aditya,52,142213,751,612292,Salaried,Rejected,Pune
Ananya,54,146973,664,229956,Business,Rejected,Chennai
Priya,64,104494,674,295224,Self-Employed,Rejected,Bangalore
Aman,28,136159,713,235825,Business,Approved,Chennai
Fatima,35,100028,834,521485,Business,Approved,Mumbai
Ananya,46,114226,510,525606,Self-Employed,Rejected,Mumbai
Rahul,36,143005,657,593453,Salaried,Approved,Mumbai
Riya,45,95860,523,138450,Business,Approved,Delhi
Aman,41,113327,531,140375,Self-Employed,Approved,Chennai
Arjun,55,83626,503,770106,Self-Employed,Rejected,Ahmedabad
Karan,54,110367,844,232677,Salaried,Approved,Delhi
Zoya,50,123954,754,91350,Business,Approved,Hyderabad
Aisha,55,138780,458,216028,Salaried,Rejected,Mumbai
Aditya,59,115674,823,290961,Business,Rejected,Ahmedabad
Arjun,53,63255,781,186302,Self-Employed,Rejected,Chennai
Aisha,62,36011,595,413624,Self-Employed,Rejected,Kolkata
Karan,65,110830,675,146118,Self-Employed,Approved,Delhi
Rohan,49,76183,694,255509,Business,Approved,Delhi
Rohan,38,74866,849,131780,Business,Rejected,Pune
Fatima,52,105010,722,566393,Self-Employed,Rejected,Delhi
Imran,53,90172,817,936582,Salaried,Approved,Delhi
Rahul,52,123273,469,878928,Business,Rejected,Chennai
Aditya,46,109351,545,765484,Business,Rejected,Bangalore
Aman,22,111975,634,842269,Self-Employed,Rejected,Ahmedabad
Neha,64,84852,741,90177,Salaried,Approved,Pune
Karan,42,136736,641,331356,Self-Employed,Rejected,Delhi
Zoya,50,102803,651,255633,Salaried,Rejected,Chennai
Priya,32,108663,576,714743,Salaried,Rejected,Hyderabad
Arjun,33,96589,743,158110,Self-Employed,Approved,Ahmedabad
Ananya,64,114198,617,245666,Business,Rejected,Chennai
Priya,32,144793,625,457976,Salaried,Approved,Delhi
Sara,65,54133,625,605473,Business,Approved,Chennai
Ananya,56,118141,650,437167,Self-Employed,Rejected,Mumbai
Aman,54,59452,647,941417,Business,Approved,Chennai
Zoya,52,126319,798,351260,Self-Employed,Approved,Bangalore
Sara,61,106681,511,970387,Business,Rejected,Pune
Aman,51,103512,697,222820,Salaried,Rejected,Bangalore
Imran,58,55935,587,881994,Salaried,Rejected,Pune
Aman,46,65315,495,391045,Self-Employed,Approved,Kolkata
Imran,33,39053,560,814341,Salaried,Rejected,Chennai
Fatima,47,87371,822,936964,Business,Approved,Pune
Kabir,49,136615,612,98016,Salaried,Rejected,Hyderabad
Arjun,65,138280,779,891359,Salaried,Rejected,Hyderabad
Sara,23,126755,631,235938,Self-Employed,Rejected,Ahmedabad
Kabir,65,102559,718,545858,Business,Rejected,Mumbai
Riya,51,25881,589,428521,Salaried,Rejected,Bangalore
Aman,46,46337,520,396966,Business,Rejected,Ahmedabad
Neha,58,91380,662,880782,Self-Employed,Approved,Kolkata
Aditya,29,89580,811,404303,Business,Rejected,Chennai
Aman,55,107860,623,818488,Business,Rejected,Ahmedabad
Sara,60,62753,541,576417,Salaried,Rejected,Hyderabad
Rahul,26,131485,804,498903,Self-Employed,Approved,Mumbai
Priya,23,30619,529,890561,Self-Employed,Rejected,Chennai
Arjun,25,55988,517,723867,Salaried,Rejected,Chennai
Fatima,34,25730,615,406442,Self-Employed,Rejected,Mumbai
Karan,56,121751,543,765123,Salaried,Approved,Hyderabad
Priya,45,101865,767,801553,Self-Employed,Approved,Delhi
Kabir,48,83851,776,877145,Self-Employed,Rejected,Hyderabad
Zoya,21,42004,637,937056,Business,Rejected,Delhi
Sara,34,149479,485,601370,Salaried,Rejected,Delhi
Rahul,29,49959,482,182430,Salaried,Rejected,Delhi
Arjun,61,64959,769,147102,Salaried,Rejected,Ahmedabad
Rohan,54,57079,662,325136,Self-Employed,Approved,Delhi
Arjun,43,28175,722,223077,Self-Employed,Approved,Ahmedabad
Aman,63,84772,540,875148,Salaried,Rejected,Chennai
Karan,37,122888,635,639343,Business,Rejected,Hyderabad
Rohan,30,138080,742,84281,Self-Employed,Rejected,Delhi
Neha,45,142919,786,630701,Salaried,Approved,Pune
Imran,49,40850,780,541543,Salaried,Approved,Pune
Rahul,33,83051,817,813681,Salaried,Rejected,Delhi
Neha,41,48827,538,212730,Business,Rejected,Bangalore
Priya,27,121050,668,888234,Self-Employed,Rejected,Pune
Priya,56,97175,523,297940,Salaried,Rejected,Chennai
Sara,57,137158,726,263056,Self-Employed,Approved,Hyderabad
Karan,52,119999,780,535519,Business,Approved,Kolkata
Ananya,39,57392,460,648782,Self-Employed,Rejected,Hyderabad
Rohan,60,118780,821,172136,Salaried,Approved,Kolkata
Aman,21,49483,742,232798,Self-Employed,Approved,Pune
Imran,36,112388,755,541269,Business,Rejected,Kolkata
Rahul,52,117788,617,194992,Business,Approved,Bangalore
Aisha,64,123664,500,191260,Self-Employed,Rejected,Ahmedabad
Ananya,56,49699,538,89486,Salaried,Rejected,Hyderabad
Imran,59,131277,801,977806,Self-Employed,Approved,Kolkata
Karan,65,121990,819,789196,Self-Employed,Approved,Chennai
Zoya,24,129686,834,878727,Salaried,Approved,Bangalore
Arjun,36,145919,648,726758,Salaried,Approved,Chennai
Kabir,43,134469,533,270254,Business,Approved,Pune
Arjun,62,100653,535,867071,Business,Rejected,Chennai
Imran,40,51062,694,340648,Business,Approved,Bangalore
Ananya,21,100569,662,542932,Salaried,Rejected,Bangalore
Kabir,26,104783,508,202236,Self-Employed,Rejected,Mumbai
Kabir,28,52164,530,173815,Business,Rejected,Kolkata
Karan,24,40095,760,858847,Business,Approved,Pune
Aisha,46,38697,516,239485,Salaried,Rejected,Pune
Imran,49,42824,820,409597,Business,Rejected,Kolkata
Fatima,60,122881,823,274488,Salaried,Approved,Hyderabad
Zoya,45,69212,556,612192,Salaried,Rejected,Delhi
Zoya,54,38582,526,851489,Self-Employed,Approved,Delhi
Rahul,22,128525,735,766221,Self-Employed,Rejected,Delhi
Rahul,57,112152,617,191174,Salaried,Approved,Hyderabad
Arjun,58,50382,808,938010,Self-Employed,Rejected,Chennai
Ananya,62,25162,559,800437,Business,Approved,Chennai
Imran,22,126759,499,289980,Self-Employed,Approved,Pune
Kabir,48,147574,633,626396,Self-Employed,Approved,Chennai
Ananya,34,135931,463,321955,Salaried,Approved,Delhi
Ananya,24,80372,513,429398,Business,Rejected,Delhi
Arjun,38,32904,535,678167,Business,Rejected,Mumbai
Zoya,48,80862,752,73467,Self-Employed,Approved,Bangalore
Neha,54,110209,504,409022,Self-Employed,Rejected,Hyderabad
Aisha,64,107802,778,57945,Salaried,Approved,Hyderabad
Rohan,28,27209,765,430828,Self-Employed,Approved,Kolkata
Riya,44,80468,607,703164,Salaried,Rejected,Chennai
Sara,44,62361,667,934479,Salaried,Approved,Bangalore
Aisha,29,134677,578,534175,Self-Employed,Approved,Mumbai
Fatima,28,129498,713,178594,Salaried,Approved,Bangalore
Arjun,56,55127,501,521152,Self-Employed,Rejected,Hyderabad
Riya,52,46217,666,591358,Salaried,Rejected,Mumbai
Aisha,49,39077,525,671540,Salaried,Rejected,Pune
Priya,50,36067,550,583057,Salaried,Rejected,Ahmedabad
Zoya,24,85548,814,290322,Self-Employed,Rejected,Pune
Neha,44,94559,591,565934,Self-Employed,Rejected,Bangalore
Riya,28,117283,550,75994,Salaried,Approved,Ahmedabad
Imran,49,80824,810,500347,Business,Approved,Hyderabad
Neha,28,98565,452,399975,Salaried,Rejected,Bangalore
Kabir,49,145844,580,929053,Self-Employed,Rejected,Ahmedabad
Ananya,26,71299,749,117187,Business,Rejected,Bangalore
Zoya,22,29205,479,328925,Self-Employed,Rejected,Ahmedabad
Ananya,42,107160,751,76144,Salaried,Approved,Pune
Aditya,63,86257,513,314573,Salaried,Rejected,Mumbai
Aditya,58,55926,728,855592,Business,Rejected,Pune
Neha,57,25396,611,311400,Business,Approved,Pune
Zoya,23,58491,762,688424,Business,Rejected,Mumbai
Ananya,62,133806,756,911627,Self-Employed,Rejected,Ahmedabad
Sara,61,54318,781,118281,Salaried,Approved,Kolkata
Karan,47,75098,758,633576,Business,Approved,Hyderabad
Aditya,27,44456,560,558512,Self-Employed,Rejected,Mumbai
Zoya,36,55578,539,849219,Self-Employed,Approved,Ahmedabad
Aditya,58,99509,508,690204,Self-Employed,Approved,Mumbai
Rohan,31,140792,670,939319,Business,Approved,Delhi
Fatima,24,92576,685,909636,Business,Approved,Delhi
Aditya,24,135235,531,742852,Business,Rejected,Mumbai
Rohan,27,136361,729,888007,Salaried,Approved,Bangalore
Zoya,30,142630,507,137556,Self-Employed,Rejected,Mumbai
Zoya,63,91613,465,904923,Salaried,Rejected,Ahmedabad
Riya,55,43119,532,844645,Salaried,Rejected,Kolkata
Riya,54,92258,827,294462,Business,Rejected,Kolkata
Aditya,49,147225,455,615287,Salaried,Rejected,Mumbai
Neha,55,31137,664,547347,Self-Employed,Rejected,Kolkata
Arjun,33,74840,738,139263,Self-Employed,Approved,Ahmedabad
Fatima,31,91964,705,757097,Business,Rejected,Hyderabad
Ananya,56,143464,708,207744,Self-Employed,Rejected,Ahmedabad
Sara,63,108281,475,330110,Salaried,Approved,Chennai
Fatima,37,143583,495,878497,Business,Approved,Ahmedabad
Priya,23,89796,732,723528,Salaried,Approved,Delhi
Karan,42,119747,643,421240,Salaried,Rejected,Kolkata
Zoya,32,63384,777,97361,Business,Rejected,Ahmedabad
Fatima,60,74324,646,623359,Salaried,Rejected,Hyderabad
Rahul,22,59818,681,586556,Self-Employed,Approved,Delhi
Riya,30,98509,623,157174,Self-Employed,Approved,Delhi
Kabir,58,124621,574,915620,Business,Approved,Ahmedabad
Priya,21,90867,743,877687,Salaried,Approved,Hyderabad
Rohan,60,30385,673,194136,Self-Employed,Approved,Ahmedabad
Arjun,59,100464,484,495555,Salaried,Approved,Pune
Neha,34,133749,507,664987,Business,Rejected,Bangalore
Fatima,34,118681,658,163204,Salaried,Rejected,Bangalore
Sara,21,69791,545,310702,Salaried,Approved,Hyderabad
Riya,46,68574,849,920379,Business,Rejected,Mumbai
Sara,38,123366,604,569665,Salaried,Approved,Hyderabad
Fatima,48,66665,782,83099,Salaried,Approved,Hyderabad
Arjun,46,135772,482,542879,Business,Rejected,Kolkata
Rahul,54,41616,808,321258,Business,Approved,Mumbai
Aditya,46,85519,732,202526,Salaried,Approved,Hyderabad
Karan,47,92760,503,875519,Salaried,Rejected,Chennai
Karan,61,74352,585,622433,Self-Employed,Rejected,Bangalore
Arjun,65,106073,731,511736,Self-Employed,Rejected,Ahmedabad
Kabir,41,69601,751,323907,Self-Employed,Approved,Mumbai
Priya,59,114066,542,111434,Business,Rejected,Kolkata
Arjun,65,146732,645,982345,Business,Approved,Mumbai
Karan,51,35303,666,765932,Business,Approved,Mumbai
Aditya,34,80213,610,310626,Self-Employed,Approved,Delhi
Rahul,41,73809,756,108522,Self-Employed,Approved,Kolkata
Aditya,59,110991,783,650204,Self-Employed,Approved,Delhi
Fatima,32,31154,600,444616,Self-Employed,Rejected,Hyderabad
Rahul,48,90208,660,102431,Self-Employed,Approved,Ahmedabad
Aman,40,66254,666,957205,Self-Employed,Rejected,Kolkata
Priya,55,141976,464,648957,Self-Employed,Rejected,Hyderabad
Priya,33,127401,709,894381,Business,Approved,Mumbai
Neha,44,58828,657,968432,Self-Employed,Rejected,Delhi
Aman,47,69106,808,353238,Salaried,Approved,Pune
Fatima,59,104723,627,290021,Salaried,Rejected,Mumbai
Rohan,31,137141,545,174166,Salaried,Approved,Delhi
Kabir,48,140520,694,777658,Business,Approved,Kolkata
Aditya,41,105382,484,459095,Salaried,Approved,Pune
Karan,27,37097,640,943163,Business,Rejected,Hyderabad
Karan,24,25802,839,998371,Business,Approved,Mumbai
Neha,51,118187,703,635975,Salaried,Rejected,Bangalore
Fatima,57,103056,633,515660,Salaried,Rejected,Hyderabad
Sara,37,136770,534,719614,Self-Employed,Approved,Pune
Ananya,31,32008,554,604447,Self-Employed,Rejected,Bangalore
Aisha,42,54881,670,412512,Business,Rejected,Ahmedabad
Aditya,50,97627,629,908784,Business,Approved,Delhi
Aditya,53,47915,608,184130,Salaried,Rejected,Bangalore
Fatima,44,129453,835,331390,Salaried,Approved,Mumbai
Kabir,37,65042,784,435275,Self-Employed,Approved,Kolkata
Rohan,33,135822,489,166815,Salaried,Approved,Bangalore
Arjun,39,125892,725,694640,Business,Rejected,Kolkata
Neha,49,82460,846,467484,Salaried,Approved,Bangalore
Arjun,52,47245,465,250936,Business,Rejected,Ahmedabad
Arjun,51,71351,815,63228,Business,Rejected,Mumbai
Imran,59,127765,648,308933,Salaried,Approved,Hyderabad
Kabir,23,75674,761,881338,Salaried,Rejected,Chennai
Sara,38,106805,567,397103,Salaried,Approved,Hyderabad
Zoya,53,34060,816,964973,Self-Employed,Approved,Kolkata
Aditya,53,143620,484,933488,Self-Employed,Rejected,Chennai
Imran,37,58343,793,426925,Self-Employed,Approved,Hyderabad
Imran,55,140213,635,771875,Salaried,Rejected,Kolkata
Sara,49,117350,732,162358,Salaried,Approved,Chennai
Karan,30,95337,683,576740,Business,Rejected,Hyderabad
Aisha,60,99435,746,496258,Business,Rejected,Delhi
Sara,40,66222,696,656889,Business,Rejected,Delhi
Aisha,38,135067,680,764105,Salaried,Approved,Hyderabad
Neha,26,137964,823,677276,Business,Rejected,Ahmedabad
Neha,38,42327,554,922039,Business,Rejected,Bangalore
Ananya,54,55862,571,645604,Salaried,Rejected,Delhi
Aisha,22,76366,530,974386,Business,Rejected,Bangalore
Sara,57,98013,558,225933,Salaried,Approved,Pune
Karan,21,49263,567,234265,Salaried,Approved,Mumbai
Ananya,50,81881,644,170181,Salaried,Rejected,Mumbai
Karan,45,40951,455,624348,Salaried,Approved,Hyderabad
Priya,26,62848,481,809699,Salaried,Rejected,Hyderabad
Aditya,62,148654,493,668274,Business,Rejected,Mumbai
Zoya,47,127634,834,853664,Business,Approved,Delhi
Imran,47,138554,751,381761,Business,Approved,Pune
Aditya,22,84905,834,473915,Salaried,Approved,Mumbai
Aman,42,149845,830,666904,Self-Employed,Rejected,Kolkata
Karan,22,143350,802,98315,Self-Employed,Rejected,Ahmedabad
Zoya,48,60215,497,127411,Salaried,Rejected,Ahmedabad
Rohan,26,117924,496,788281,Salaried,Approved,Hyderabad
Ananya,55,67458,501,468196,Business,Rejected,Hyderabad
Imran,23,93523,764,65775,Self-Employed,Approved,Bangalore
Rohan,39,97608,522,446278,Business,Approved,Ahmedabad
Ananya,21,94200,569,616163,Self-Employed,Rejected,Pune
Rohan,60,34522,636,82122,Self-Employed,Approved,Ahmedabad
Priya,25,99625,682,990354,Self-Employed,Rejected,Mumbai
Neha,29,27919,494,189147,Self-Employed,Rejected,Chennai
Riya,45,26925,604,132480,Business,Rejected,Mumbai
Aman,29,148305,487,872046,Self-Employed,Rejected,Chennai
Kabir,28,85367,699,529113,Self-Employed,Rejected,Pune
Kabir,52,63901,647,681371,Salaried,Approved,Pune
Fatima,38,37045,761,797393,Business,Rejected,Ahmedabad
Arjun,38,48203,533,197758,Business,Rejected,Kolkata
Kabir,49,31998,812,974468,Self-Employed,Approved,Chennai
Aisha,27,132912,733,413448,Business,Approved,Hyderabad
Kabir,41,82031,849,580367,Salaried,Rejected,Mumbai
Aisha,29,135698,637,571084,Salaried,Rejected,Mumbai
Aisha,25,107853,654,280222,Business,Approved,Chennai
Ananya,50,47502,558,917466,Salaried,Rejected,Hyderabad
Aditya,32,90942,533,637192,Business,Rejected,Chennai
Aditya,21,32656,495,559057,Business,Approved,Delhi
Riya,49,56505,496,192868,Self-Employed,Rejected,Pune
Riya,21,88107,483,111779,Self-Employed,Approved,Mumbai
Arjun,21,105008,541,934830,Self-Employed,Rejected,Pune
Priya,41,49370,668,134799,Business,Rejected,Mumbai
Arjun,49,31978,741,192778,Salaried,Approved,Mumbai
Aditya,48,102810,610,763540,Salaried,Rejected,Mumbai
Aman,65,133786,784,140831,Business,Approved,Hyderabad
Rohan,65,63408,566,900110,Business,Rejected,Delhi
Aditya,47,102738,734,650922,Salaried,Approved,Ahmedabad
Kabir,38,86894,842,171180,Self-Employed,Rejected,Pune
Arjun,51,51500,609,900328,Business,Approved,Pune
Karan,23,58792,620,97609,Salaried,Rejected,Chennai
Riya,35,114732,543,122058,Self-Employed,Approved,Hyderabad
Kabir,49,58558,718,851050,Salaried,Rejected,Chennai
Fatima,47,94460,480,475335,Self-Employed,Approved,Ahmedabad
Imran,49,50396,751,624571,Salaried,Rejected,Hyderabad
Zoya,56,64798,540,383362,Salaried,Rejected,Ahmedabad
Rohan,46,144931,520,616432,Salaried,Rejected,Chennai
Aman,49,146505,591,788918,Salaried,Approved,Ahmedabad
Rahul,43,35493,636,466353,Salaried,Rejected,Bangalore
Zoya,59,29458,726,399497,Self-Employed,Approved,Pune
Sara,22,112304,757,156657,Salaried,Rejected,Pune
Zoya,50,127093,709,456742,Salaried,Approved,Mumbai
Rahul,49,114388,649,106605,Business,Approved,Delhi
Aditya,46,118989,767,438968,Salaried,Rejected,Chennai
Kabir,65,148272,492,765745,Salaried,Rejected,Mumbai
Aisha,32,82375,610,873062,Business,Rejected,Chennai
Sara,21,45697,663,846442,Business,Approved,Mumbai
Aman,42,53127,818,241986,Self-Employed,Approved,Hyderabad
Imran,23,82417,594,95954,Self-Employed,Rejected,Pune
Riya,29,85777,754,627497,Salaried,Rejected,Chennai
Karan,62,28676,568,748799,Salaried,Approved,Mumbai
Sara,39,113806,768,276735,Self-Employed,Approved,Mumbai
Zoya,21,61363,628,182179,Salaried,Approved,Bangalore
Aman,25,34438,727,364459,Business,Rejected,Pune
Priya,60,105818,539,621938,Self-Employed,Rejected,Chennai
Arjun,44,114918,740,407006,Salaried,Approved,Mumbai
Karan,23,32775,658,560544,Business,Rejected,Mumbai
Ananya,57,81160,730,111645,Salaried,Rejected,Ahmedabad
Kabir,37,30778,848,779234,Salaried,Approved,Kolkata
Riya,34,111797,549,647977,Self-Employed,Rejected,Hyderabad
Neha,35,27688,451,461702,Self-Employed,Rejected,Kolkata
Arjun,42,68003,454,278554,Salaried,Rejected,Chennai
Neha,52,52854,644,378312,Self-Employed,Rejected,Delhi
Neha,39,38863,685,613335,Self-Employed,Rejected,Delhi
Zoya,63,149128,743,786578,Salaried,Rejected,Bangalore
Fatima,42,137199,498,123131,Salaried,Rejected,Mumbai
Priya,64,31081,632,306151,Salaried,Rejected,Ahmedabad
Kabir,21,44853,509,142679,Self-Employed,Rejected,Ahmedabad
Rohan,60,146571,453,345268,Business,Rejected,Chennai
Neha,42,123859,738,633515,Business,Approved,Kolkata
Karan,26,47412,753,822744,Business,Approved,Ahmedabad
Kabir,23,55270,573,489437,Business,Rejected,Delhi
Rohan,50,73502,631,595952,Salaried,Approved,Pune
Riya,22,116082,755,182206,Salaried,Approved,Kolkata
Fatima,31,54576,815,838460,Business,Approved,Mumbai
Sara,65,47052,500,728465,Business,Approved,Delhi
Fatima,54,100084,700,807899,Salaried,Rejected,Chennai
Aman,27,126292,507,577573,Self-Employed,Rejected,Bangalore
Rohan,56,97168,491,815806,Business,Rejected,Chennai
Aisha,65,86662,535,788174,Business,Rejected,Pune
Imran,24,123358,845,406169,Salaried,Approved,Kolkata
Aditya,25,96760,642,688222,Salaried,Rejected,Kolkata
Kabir,42,140614,609,958310,Salaried,Rejected,Pune
Imran,31,119684,836,549931,Salaried,Approved,Mumbai
Kabir,60,63606,724,183652,Business,Approved,Bangalore
Imran,24,58025,495,340900,Self-Employed,Rejected,Kolkata
Riya,29,146183,833,952041,Business,Approved,Pune
Rahul,57,103963,813,255817,Business,Rejected,Mumbai
Kabir,29,29733,774,267954,Salaried,Rejected,Hyderabad
Kabir,35,136722,517,186927,Business,Rejected,Kolkata
Kabir,65,139794,502,305537,Self-Employed,Approved,Bangalore
Imran,53,37260,663,401760,Salaried,Approved,Ahmedabad
Rohan,21,114414,479,411165,Business,Rejected,Bangalore
Priya,50,85240,632,467211,Business,Rejected,Pune
Arjun,29,125650,486,767002,Salaried,Rejected,Delhi
Aisha,47,114474,801,828354,Salaried,Approved,Kolkata
Rahul,31,101289,833,606674,Salaried,Rejected,Pune
Karan,37,57498,829,617502,Self-Employed,Approved,Pune
Rahul,31,44770,740,135102,Salaried,Approved,Pune
Fatima,53,32323,637,475577,Business,Rejected,Chennai
Karan,46,85359,835,969614,Salaried,Approved,Ahmedabad
Zoya,30,36024,742,587022,Self-Employed,Approved,Chennai
Rohan,58,62609,848,850133,Self-Employed,Approved,Hyderabad
Fatima,48,76316,550,768125,Self-Employed,Rejected,Bangalore
Imran,43,26118,604,728662,Business,Approved,Ahmedabad
Sara,29,135953,536,454058,Salaried,Rejected,Ahmedabad
Aman,26,63734,525,318148,Salaried,Rejected,Ahmedabad
Aisha,62,97719,806,386133,Self-Employed,Approved,Delhi
Fatima,55,121331,702,672978,Business,Rejected,Pune
Karan,30,108816,572,809541,Self-Employed,Rejected,Pune
Zoya,37,53914,552,636893,Self-Employed,Rejected,Bangalore
Priya,50,49465,637,749096,Salaried,Rejected,Chennai
Riya,36,59175,553,904837,Salaried,Approved,Bangalore
Aditya,63,94337,705,475373,Salaried,Rejected,Chennai
Aditya,44,138189,689,866171,Business,Rejected,Ahmedabad
Aman,52,68361,682,470873,Business,Rejected,Hyderabad
Aditya,33,72250,572,507793,Self-Employed,Rejected,Kolkata
Arjun,46,75680,822,673532,Business,Rejected,Ahmedabad
Riya,48,52344,593,182616,Salaried,Approved,Delhi
Zoya,22,95187,807,58304,Business,Rejected,Chennai
Riya,53,36473,624,244369,Self-Employed,Approved,Delhi
Priya,57,74976,653,366761,Self-Employed,Approved,Delhi
Sara,21,84401,591,193349,Salaried,Rejected,Chennai
Aditya,38,48801,647,178492,Self-Employed,Rejected,Mumbai
Sara,62,96363,748,254905,Salaried,Rejected,Delhi
Aisha,40,126810,612,979175,Self-Employed,Rejected,Bangalore
Rahul,49,99261,661,280697,Business,Approved,Kolkata
Riya,22,95013,780,769594,Business,Approved,Pune
Aditya,31,43623,511,133257,Self-Employed,Approved,Kolkata
Neha,41,45502,557,430368,Business,Rejected,Hyderabad
Ananya,48,141546,708,886250,Self-Employed,Approved,Hyderabad
Rahul,24,39736,704,253419,Business,Rejected,Delhi
Rohan,65,94341,660,885329,Self-Employed,Approved,Delhi
Fatima,50,84371,517,655347,Self-Employed,Rejected,Ahmedabad
Aisha,33,50556,689,53570,Salaried,Rejected,Hyderabad
Arjun,61,116785,632,904894,Salaried,Rejected,Kolkata
Kabir,22,146578,638,391294,Business,Approved,Mumbai
Neha,51,137241,799,236836,Business,Approved,Delhi
Zoya,41,85701,789,937810,Salaried,Approved,Pune
Arjun,35,100191,804,880221,Salaried,Rejected,Bangalore
Riya,52,46558,467,258099,Salaried,Rejected,Bangalore
Rahul,43,117954,528,593264,Self-Employed,Rejected,Delhi
Riya,59,109525,545,653574,Business,Rejected,Kolkata
Kabir,29,119258,641,695262,Self-Employed,Rejected,Bangalore
Imran,31,44762,777,776899,Self-Employed,Rejected,Bangalore
Ananya,54,104087,761,232773,Salaried,Approved,Hyderabad
Priya,65,115897,850,921992,Salaried,Approved,Chennai
Arjun,48,80944,494,581917,Self-Employed,Rejected,Mumbai
Ananya,24,97250,685,97774,Business,Approved,Delhi
Sara,28,125203,708,896123,Salaried,Approved,Bangalore
Priya,21,89407,513,213547,Self-Employed,Rejected,Pune
Ananya,56,113836,736,712825,Salaried,Rejected,Pune
Aditya,63,129039,772,505859,Business,Approved,Hyderabad
Imran,46,87714,552,390065,Self-Employed,Approved,Hyderabad
Zoya,34,115551,528,198514,Salaried,Rejected,Mumbai
Neha,37,45180,627,637426,Business,Rejected,Delhi
Aman,32,121239,631,474701,Salaried,Approved,Ahmedabad
Ananya,34,73705,785,101704,Self-Employed,Rejected,Bangalore
Ananya,36,33738,781,170313,Business,Approved,Mumbai
Zoya,38,38702,570,56619,Self-Employed,Approved,Chennai
Arjun,28,110616,737,389695,Salaried,Rejected,Mumbai
Zoya,35,126550,647,232992,Self-Employed,Rejected,Mumbai
Karan,63,77336,567,648643,Business,Rejected,Kolkata
Aditya,25,66134,824,340297,Self-Employed,Approved,Mumbai
Fatima,57,34531,539,706627,Business,Rejected,Pune
Aditya,38,34439,489,643731,Business,Rejected,Chennai
Imran,22,99655,793,145760,Business,Approved,Ahmedabad
Aisha,58,67079,680,623698,Self-Employed,Rejected,Chennai
Fatima,51,130306,450,900608,Salaried,Rejected,Mumbai
Arjun,31,112380,457,124575,Business,Approved,Kolkata
Fatima,30,65302,487,261587,Business,Rejected,Bangalore
Ananya,60,77891,686,607821,Business,Approved,Kolkata
Neha,34,34724,534,497073,Self-Employed,Approved,Kolkata
Aman,29,82389,783,458319,Business,Approved,Mumbai
Fatima,65,100599,721,610741,Business,Rejected,Kolkata
Arjun,43,56094,776,268108,Business,Approved,Hyderabad
Aman,61,125920,645,394788,Self-Employed,Approved,Bangalore
Arjun,32,55562,513,201762,Salaried,Approved,Delhi
Aditya,43,135384,462,862222,Self-Employed,Rejected,Kolkata
Aisha,39,98798,777,528250,Self-Employed,Approved,Kolkata
Fatima,21,43386,665,638526,Self-Employed,Approved,Ahmedabad
Arjun,52,77548,602,650200,Self-Employed,Rejected,Kolkata
Aisha,47,131983,553,454390,Self-Employed,Rejected,Ahmedabad
Aman,37,137446,619,84630,Salaried,Approved,Ahmedabad
Fatima,65,53913,690,258855,Salaried,Rejected,Ahmedabad
Riya,60,49441,687,512819,Salaried,Rejected,Pune
Riya,29,99620,806,448623,Salaried,Approved,Chennai
Neha,58,86073,818,58343,Salaried,Approved,Chennai
Priya,54,46115,686,483612,Business,Approved,Bangalore
Riya,26,136847,610,693911,Self-Employed,Rejected,Chennai
Aditya,39,79256,786,505736,Salaried,Rejected,Hyderabad
Zoya,39,122691,563,372323,Business,Rejected,Hyderabad
Priya,60,40900,652,647043,Business,Rejected,Bangalore
Aditya,37,61148,746,522792,Self-Employed,Approved,Bangalore
Aisha,47,59576,458,601366,Business,Approved,Delhi
Imran,58,68016,706,490536,Salaried,Rejected,Kolkata
Neha,57,112688,722,723757,Business,Approved,Hyderabad
Neha,27,26045,839,648744,Self-Employed,Approved,Delhi
Riya,28,137777,695,848683,Salaried,Approved,Kolkata
Kabir,33,62626,772,794232,Self-Employed,Approved,Chennai
Fatima,29,29887,575,60654,Salaried,Approved,Hyderabad
Rahul,40,75004,482,205589,Business,Rejected,Bangalore
Sara,30,142602,827,967128,Self-Employed,Approved,Pune
Karan,34,121185,686,399509,Self-Employed,Rejected,Chennai
Fatima,33,68354,748,403770,Business,Rejected,Kolkata
Riya,26,145939,743,689090,Salaried,Approved,Pune
Priya,56,64104,546,321974,Business,Rejected,Chennai
Imran,26,34499,564,618369,Business,Approved,Chennai
Kabir,39,141686,543,249747,Self-Employed,Rejected,Delhi
Aditya,23,137456,577,254370,Self-Employed,Approved,Kolkata
Rohan,47,52251,785,163017,Salaried,Approved,Hyderabad
Rahul,58,79484,708,827468,Business,Rejected,Ahmedabad
Aditya,23,97373,783,379035,Business,Approved,Delhi
Ananya,45,123731,748,102557,Salaried,Rejected,Pune
Aisha,49,141558,596,117540,Self-Employed,Approved,Hyderabad
Riya,40,52241,613,111284,Salaried,Rejected,Bangalore
Aman,24,46413,532,904659,Business,Rejected,Hyderabad
Kabir,32,83779,834,403133,Business,Approved,Delhi
Kabir,54,45095,769,881738,Salaried,Approved,Mumbai
Priya,42,77595,743,163043,Salaried,Rejected,Bangalore
Sara,22,53765,551,315959,Self-Employed,Rejected,Kolkata
Rahul,63,143083,669,871363,Self-Employed,Rejected,Chennai
Aman,49,137184,668,198891,Self-Employed,Rejected,Chennai
Imran,36,142787,833,109418,Salaried,Approved,Hyderabad
Neha,24,35255,538,292043,Business,Rejected,Hyderabad
Zoya,36,28806,560,334010,Business,Approved,Delhi
Neha,50,33926,747,898821,Business,Approved,Mumbai
Fatima,31,111758,517,356891,Salaried,Approved,Chennai
Ananya,37,111580,729,535039,Business,Rejected,Pune
Neha,62,108369,803,569246,Self-Employed,Approved,Hyderabad
Rohan,37,31559,647,427236,Business,Rejected,Bangalore
Arjun,30,128365,796,541950,Business,Approved,Delhi
Zoya,32,45388,612,677884,Salaried,Approved,Chennai
Ananya,37,144912,709,809910,Business,Rejected,Delhi
Sara,36,107208,546,523295,Business,Rejected,Pune
Aisha,29,36080,494,99436,Salaried,Rejected,Kolkata
Aisha,36,116342,627,771797,Business,Rejected,Ahmedabad
Aisha,63,145105,487,526488,Salaried,Rejected,Kolkata
Aditya,61,147228,565,677325,Salaried,Approved,Chennai
Neha,65,71525,541,677234,Self-Employed,Rejected,Pune
Rohan,32,43625,702,456648,Business,Approved,Hyderabad
Karan,32,46436,460,428238,Self-Employed,Approved,Delhi
Karan,32,74398,797,386071,Business,Approved,Hyderabad
Imran,33,144114,549,825985,Business,Rejected,Mumbai
Ananya,33,62997,600,366713,Self-Employed,Approved,Mumbai
Neha,53,103541,747,396652,Salaried,Approved,Hyderabad
Riya,21,137745,641,693668,Business,Rejected,Ahmedabad
Rohan,25,105226,842,967457,Self-Employed,Rejected,Bangalore
Imran,52,58735,769,786090,Salaried,Approved,Ahmedabad
Neha,31,149207,756,827079,Self-Employed,Approved,Ahmedabad
Riya,49,145754,704,547198,Self-Employed,Approved,Delhi
Arjun,57,45134,458,488683,Salaried,Rejected,Ahmedabad
Neha,30,131105,759,190321,Salaried,Approved,Chennai
Fatima,30,102663,596,172710,Salaried,Rejected,Chennai
Karan,34,30510,527,670140,Self-Employed,Rejected,Chennai
Neha,35,82133,575,535776,Business,Rejected,Delhi
Arjun,60,119728,601,746338,Salaried,Rejected,Mumbai
Aman,42,111932,582,703789,Business,Rejected,Mumbai
Aisha,27,50497,554,809013,Salaried,Rejected,Bangalore
Arjun,23,60731,743,610393,Salaried,Approved,Delhi
Zoya,32,136477,527,148944,Salaried,Rejected,Pune
Fatima,53,111867,507,795777,Self-Employed,Rejected,Delhi
Sara,55,90470,655,362427,Salaried,Rejected,Pune
Zoya,54,67823,584,633293,Business,Rejected,Mumbai
Ananya,29,134729,794,51006,Salaried,Approved,Ahmedabad
Karan,49,108660,718,553779,Salaried,Approved,Chennai
Sara,61,77655,594,962487,Self-Employed,Rejected,Hyderabad
Sara,59,82061,820,185582,Salaried,Approved,Hyderabad
Neha,60,43469,816,507303,Salaried,Approved,Delhi
Aditya,22,65060,803,117070,Salaried,Approved,Hyderabad
Sara,55,53437,507,345074,Business,Rejected,Kolkata
Aditya,26,86742,764,518203,Salaried,Approved,Ahmedabad
Imran,57,115525,719,151224,Business,Approved,Delhi
Fatima,28,121384,731,70869,Salaried,Rejected,Bangalore
Aisha,47,27744,827,771618,Business,Rejected,Delhi
Karan,21,70591,550,834330,Salaried,Approved,Chennai
Neha,33,139421,499,54035,Self-Employed,Rejected,Mumbai
Neha,38,57017,721,992821,Salaried,Rejected,Mumbai
Karan,47,135421,765,229218,Business,Approved,Mumbai
Priya,55,116423,671,221981,Self-Employed,Rejected,Ahmedabad
Imran,32,135603,734,982745,Salaried,Rejected,Ahmedabad
Sara,34,131765,697,477304,Business,Approved,Pune
Sara,61,96084,834,917331,Self-Employed,Approved,Delhi
Imran,36,81892,732,369504,Salaried,Rejected,Mumbai
Kabir,30,112008,708,879530,Salaried,Rejected,Bangalore
Neha,27,113214,726,940396,Business,Approved,Bangalore
Rahul,50,121622,757,813701,Salaried,Approved,Kolkata
Fatima,46,149868,696,566956,Self-Employed,Rejected,Pune
Sara,61,119811,639,915622,Business,Approved,Delhi
Rohan,62,131590,586,309378,Salaried,Rejected,Delhi
Fatima,47,40306,685,577609,Business,Approved,Pune
Ananya,58,136834,723,724498,Salaried,Approved,Hyderabad
Karan,32,121262,795,67444,Business,Rejected,Delhi
Riya,44,116217,654,609799,Self-Employed,Rejected,Delhi
Neha,57,133715,498,195087,Self-Employed,Approved,Kolkata
Rahul,42,67749,564,681603,Self-Employed,Rejected,Ahmedabad
Ananya,49,121753,602,979661,Salaried,Rejected,Mumbai
Rohan,30,125248,766,482019,Self-Employed,Approved,Hyderabad
Rohan,57,106098,652,557962,Salaried,Rejected,Mumbai
Zoya,40,114915,798,572222,Self-Employed,Rejected,Chennai
Rohan,46,61149,488,583786,Salaried,Approved,Hyderabad
Sara,36,62876,684,594197,Business,Approved,Chennai
Aman,45,63399,847,662661,Business,Approved,Mumbai
Aman,21,128852,759,224761,Business,Rejected,Ahmedabad
Aisha,31,40501,466,221994,Self-Employed,Rejected,Delhi
Neha,46,77456,598,629733,Business,Approved,Mumbai
Rahul,38,95076,579,425987,Business,Rejected,Pune
Aisha,56,139984,726,650974,Business,Rejected,Bangalore
Ananya,42,88237,606,749145,Business,Rejected,Bangalore
Priya,37,134236,830,161134,Business,Approved,Chennai
Imran,21,44579,678,876595,Self-Employed,Approved,Mumbai
Riya,23,114084,626,805188,Self-Employed,Approved,Ahmedabad
Aditya,62,51647,458,424799,Self-Employed,Approved,Hyderabad
Aisha,57,50111,674,617659,Business,Approved,Hyderabad
Neha,53,124768,695,806037,Salaried,Rejected,Pune
Imran,47,140105,779,892683,Salaried,Approved,Mumbai
Zoya,48,73806,802,178844,Salaried,Approved,Bangalore
Aditya,40,149478,579,187915,Business,Rejected,Mumbai
Aisha,63,69950,666,635761,Self-Employed,Approved,Chennai
Fatima,45,43581,848,182168,Salaried,Rejected,Chennai
Neha,51,42947,611,496137,Salaried,Rejected,Delhi
Zoya,28,104821,454,397902,Salaried,Rejected,Bangalore
Karan,49,128956,465,321182,Self-Employed,Rejected,Hyderabad
Fatima,40,95934,597,767995,Self-Employed,Rejected,Chennai
Ananya,41,47376,499,939300,Salaried,Rejected,Bangalore
Neha,26,42980,597,399193,Business,Approved,Chennai
Neha,65,133645,755,109094,Salaried,Approved,Bangalore
Kabir,26,146964,484,801966,Self-Employed,Rejected,Bangalore
Priya,61,85727,703,214681,Self-Employed,Rejected,Hyderabad
Neha,60,70417,734,386577,Business,Approved,Chennai
Aman,32,101605,792,370102,Salaried,Approved,Chennai
Arjun,27,78225,509,576759,Self-Employed,Rejected,Kolkata
Arjun,49,33724,478,402309,Salaried,Rejected,Mumbai
Riya,37,83751,682,372181,Self-Employed,Approved,Kolkata
Zoya,61,53157,632,859896,Salaried,Rejected,Hyderabad
Rohan,28,134217,686,174867,Self-Employed,Rejected,Hyderabad
Priya,33,59073,598,938568,Business,Approved,Bangalore
Imran,52,91918,723,81756,Salaried,Approved,Bangalore
Neha,47,35898,485,771819,Salaried,Rejected,Bangalore
Arjun,48,147727,469,587898,Self-Employed,Rejected,Delhi
Zoya,43,129124,539,553231,Business,Approved,Kolkata
Sara,56,81989,544,381318,Business,Approved,Pune
Priya,49,115637,606,478441,Self-Employed,Rejected,Bangalore
Ananya,51,131452,712,102431,Salaried,Approved,Pune
Ananya,33,63343,592,961586,Self-Employed,Approved,Kolkata
Arjun,49,122295,643,220483,Business,Rejected,Ahmedabad
Aditya,40,54423,557,903155,Self-Employed,Rejected,Delhi
Rahul,45,107458,670,324719,Self-Employed,Rejected,Mumbai
Rahul,65,29840,507,100566,Business,Rejected,Chennai
Arjun,55,143740,569,923107,Business,Approved,Chennai
Neha,55,102915,659,745804,Business,Rejected,Hyderabad
Rohan,62,63641,649,340387,Business,Rejected,Hyderabad
Ananya,58,73589,674,228988,Business,Rejected,Chennai
Sara,42,108245,813,648752,Self-Employed,Rejected,Delhi
Rohan,58,31729,541,200427,Salaried,Rejected,Kolkata
Zoya,55,104849,788,990776,Business,Rejected,Pune
Rohan,54,95837,546,720352,Business,Rejected,Kolkata
Aditya,21,146402,618,837074,Business,Rejected,Hyderabad
Neha,42,131284,500,878278,Self-Employed,Rejected,Bangalore
Rahul,54,76277,717,159902,Salaried,Rejected,Delhi
Priya,34,94227,707,408318,Self-Employed,Rejected,Pune
Rahul,60,89446,725,133662,Self-Employed,Rejected,Chennai
Rohan,60,111073,818,650685,Business,Rejected,Delhi
Fatima,50,100640,474,438399,Self-Employed,Rejected,Delhi
Aman,48,101703,556,281746,Self-Employed,Rejected,Pune
Rahul,53,95577,834,71671,Business,Rejected,Kolkata
Sara,63,66735,549,182683,Business,Approved,Ahmedabad
Kabir,28,100454,573,875506,Business,Approved,Pune
Priya,57,87168,607,190929,Business,Approved,Chennai
Sara,48,30539,743,111940,Business,Rejected,Chennai
Kabir,53,119002,512,94791,Self-Employed,Approved,Chennai
Aman,40,52810,815,533433,Salaried,Approved,Ahmedabad
Kabir,65,129212,721,570292,Salaried,Rejected,Ahmedabad
Imran,49,35337,561,773734,Self-Employed,Rejected,Ahmedabad
Aman,43,56718,766,113285,Business,Rejected,Mumbai
Arjun,48,36842,637,713611,Self-Employed,Rejected,Kolkata
Neha,62,68818,647,910263,Self-Employed,Rejected,Bangalore
Aisha,43,70444,509,156180,Self-Employed,Approved,Hyderabad
Rahul,63,42566,710,301641,Self-Employed,Approved,Kolkata
Aman,31,96395,754,492314,Business,Approved,Ahmedabad
Aditya,36,63664,540,596559,Salaried,Rejected,Ahmedabad
Sara,25,132085,810,766133,Self-Employed,Approved,Pune
Zoya,60,116300,686,389035,Business,Approved,Bangalore
Rahul,47,133558,585,94935,Self-Employed,Approved,Pune
Imran,29,89279,559,58674,Self-Employed,Rejected,Delhi
Aditya,48,42605,710,964738,Salaried,Rejected,Hyderabad
Imran,50,40212,720,841651,Business,Rejected,Bangalore
Aditya,22,100411,660,653070,Salaried,Rejected,Ahmedabad
Neha,65,124112,787,952055,Business,Approved,Mumbai
Aman,53,95330,840,949883,Self-Employed,Rejected,Kolkata
Ananya,43,39665,811,298648,Self-Employed,Approved,Kolkata
Fatima,28,84442,586,981414,Salaried,Rejected,Mumbai
Aditya,56,98393,511,877154,Salaried,Rejected,Ahmedabad
Imran,23,51620,606,268381,Business,Rejected,Pune
Priya,56,86589,676,733566,Business,Rejected,Chennai
Aditya,35,53108,657,347758,Self-Employed,Approved,Kolkata
Sara,27,55480,817,58838,Business,Approved,Mumbai
Neha,43,50297,712,916023,Business,Rejected,Ahmedabad
Aisha,55,41740,652,189712,Self-Employed,Rejected,Hyderabad
Aisha,37,33889,785,938544,Salaried,Rejected,Bangalore
Aditya,62,71674,680,534258,Salaried,Approved,Mumbai
Aditya,25,27579,478,791632,Business,Rejected,Kolkata
Priya,27,99059,560,217311,Self-Employed,Rejected,Chennai
Zoya,56,109311,488,112387,Business,Rejected,Kolkata
Ananya,27,108137,523,201202,Self-Employed,Approved,Kolkata
Neha,30,122571,649,318183,Business,Approved,Ahmedabad
Rahul,44,35240,703,932882,Self-Employed,Approved,Delhi
Sara,37,134101,805,727051,Business,Approved,Bangalore
Fatima,27,94936,768,104125,Salaried,Approved,Bangalore
Karan,27,115117,645,275561,Salaried,Approved,Kolkata
Aisha,49,116024,784,228085,Salaried,Rejected,Delhi
Fatima,59,68938,849,880915,Salaried,Rejected,Ahmedabad
Rahul,29,34185,742,427897,Salaried,Rejected,Ahmedabad
Sara,21,69428,688,548908,Business,Approved,Chennai
Rohan,52,56902,519,399740,Business,Approved,Mumbai
Neha,34,105653,686,143821,Salaried,Rejected,Mumbai
Ananya,31,37258,505,264112,Business,Rejected,Ahmedabad
Aditya,25,110863,649,569689,Salaried,Approved,Delhi
Ananya,41,139050,813,861046,Self-Employed,Rejected,Ahmedabad
Rohan,28,99642,535,623736,Salaried,Rejected,Kolkata
Zoya,37,65159,575,476835,Salaried,Rejected,Delhi
Karan,39,137306,517,242588,Self-Employed,Approved,Delhi
Kabir,21,43883,625,239880,Salaried,Rejected,Hyderabad
Rohan,63,120738,458,661677,Self-Employed,Rejected,Hyderabad
Neha,51,140776,542,444083,Business,Approved,Mumbai
Kabir,47,109089,770,420275,Self-Employed,Approved,Pune
Rahul,51,78605,490,733195,Self-Employed,Rejected,Hyderabad
Riya,64,42555,588,411702,Business,Rejected,Chennai
Sara,28,75104,468,187796,Salaried,Rejected,Pune
Karan,41,146915,724,659686,Salaried,Rejected,Delhi
Fatima,65,62425,825,686118,Business,Approved,Ahmedabad
Aisha,53,113403,665,183066,Salaried,Approved,Kolkata
Priya,21,90562,719,332312,Self-Employed,Approved,Kolkata
Ananya,49,132592,786,634570,Salaried,Approved,Pune
Aisha,39,106226,740,186974,Salaried,Approved,Ahmedabad
Kabir,46,99878,827,811370,Business,Approved,Bangalore
Aditya,33,127946,616,291656,Self-Employed,Rejected,Hyderabad
Fatima,49,148803,470,578660,Salaried,Approved,Pune
Neha,41,60955,671,246599,Salaried,Approved,Mumbai
Riya,33,122449,822,565551,Business,Rejected,Delhi
Rahul,42,25195,556,848346,Salaried,Approved,Mumbai
Sara,56,93025,642,310746,Self-Employed,Rejected,Ahmedabad
Sara,60,25632,451,591230,Business,Approved,Pune
Kabir,46,129637,451,74266,Business,Rejected,Pune
Rohan,36,43201,800,568491,Salaried,Rejected,Kolkata
Arjun,60,30862,648,59339,Business,Approved,Chennai
Rahul,56,80739,695,320546,Self-Employed,Approved,Bangalore
Sara,59,131946,751,590069,Self-Employed,Approved,Bangalore
Arjun,27,119766,575,517318,Salaried,Rejected,Pune
Aman,41,37119,789,683475,Business,Rejected,Chennai
Imran,53,43549,838,651181,Self-Employed,Rejected,Delhi
Priya,61,59049,790,62623,Salaried,Approved,Chennai
Aditya,38,79116,660,81427,Self-Employed,Approved,Chennai
Aisha,39,101284,810,336615,Self-Employed,Approved,Ahmedabad
Arjun,27,32675,731,194649,Self-Employed,Rejected,Mumbai
Zoya,65,91452,527,194465,Business,Rejected,Bangalore
Arjun,21,44567,650,197574,Salaried,Rejected,Chennai
Riya,52,59351,802,390537,Salaried,Approved,Kolkata
Rohan,61,50251,660,376708,Salaried,Approved,Bangalore
Kabir,22,26103,600,141425,Salaried,Rejected,Pune
Arjun,56,116910,619,162389,Business,Rejected,Pune
Karan,61,48159,773,393266,Self-Employed,Approved,Mumbai
Aditya,28,140785,466,113787,Self-Employed,Approved,Delhi
Kabir,48,78529,462,106394,Salaried,Rejected,Delhi
Kabir,50,36359,465,144089,Business,Approved,Delhi
Rahul,57,121338,771,497968,Salaried,Approved,Chennai
Fatima,62,143547,585,608211,Business,Approved,Chennai
Aisha,48,123491,616,285288,Business,Approved,Hyderabad
Priya,40,110864,540,987252,Salaried,Rejected,Kolkata
Aman,61,64301,646,915303,Salaried,Rejected,Pune
Zoya,36,25897,637,573470,Business,Rejected,Bangalore
Fatima,52,135800,526,322077,Salaried,Rejected,Chennai
Sara,26,89378,659,610734,Salaried,Rejected,Delhi
Rahul,64,41543,684,750635,Salaried,Approved,Ahmedabad
Karan,53,76378,664,787770,Self-Employed,Rejected,Chennai
Fatima,30,137187,516,339471,Salaried,Rejected,Kolkata
Arjun,55,82933,711,947852,Self-Employed,Approved,Hyderabad
Aisha,63,45924,746,113008,Business,Approved,Bangalore
Ananya,47,147244,505,895442,Business,Rejected,Hyderabad
Zoya,40,44080,514,296723,Self-Employed,Rejected,Hyderabad
Sara,24,65270,821,489642,Business,Approved,Ahmedabad
Riya,30,36387,622,879035,Business,Rejected,Ahmedabad
Aditya,31,71781,581,652755,Salaried,Rejected,Mumbai
Ananya,39,109255,495,853644,Salaried,Rejected,Pune
Rahul,33,96657,731,134208,Business,Approved,Delhi
Zoya,63,81234,569,371622,Salaried,Rejected,Chennai
Aditya,53,139613,707,895457,Salaried,Approved,Pune
Rahul,58,130037,664,612917,Salaried,Approved,Ahmedabad
Neha,43,135984,500,906223,Salaried,Approved,Mumbai
Neha,44,65763,550,738402,Business,Approved,Hyderabad
Fatima,36,138140,465,174218,Business,Approved,Ahmedabad
Karan,21,132976,572,570797,Salaried,Rejected,Pune
Rohan,24,32661,553,221081,Salaried,Approved,Bangalore
Aditya,56,133537,753,703155,Business,Approved,Mumbai
Priya,23,147992,456,270050,Self-Employed,Rejected,Kolkata
Rohan,27,123331,803,570494,Business,Approved,Pune
Karan,62,97715,662,97801,Business,Rejected,Pune
Aditya,30,124688,631,766956,Business,Rejected,Mumbai
Aman,27,101262,781,348734,Business,Rejected,Kolkata
Rohan,44,145751,454,709225,Salaried,Rejected,Pune
Neha,42,54288,622,605859,Salaried,Approved,Pune
Rohan,56,94269,796,959354,Self-Employed,Approved,Mumbai
Fatima,59,124674,478,799793,Salaried,Approved,Kolkata
Ananya,27,80935,464,629364,Business,Rejected,Pune
Ananya,30,42010,553,759724,Business,Approved,Ahmedabad
Fatima,28,95185,551,558732,Self-Employed,Approved,Bangalore
Rahul,56,138153,504,993372,Salaried,Rejected,Delhi
Aisha,64,119738,816,625711,Self-Employed,Approved,Chennai
Kabir,21,47245,783,319372,Business,Approved,Hyderabad
Aisha,34,139863,652,245268,Salaried,Approved,Pune
Aditya,45,103966,792,850502,Self-Employed,Rejected,Chennai
Riya,46,112343,691,70890,Self-Employed,Rejected,Kolkata
Riya,25,82269,767,773615,Salaried,Approved,Bangalore
Fatima,65,123116,522,143787,Self-Employed,Rejected,Mumbai
Rahul,40,132931,524,457261,Salaried,Rejected,Mumbai
Neha,34,50903,636,98675,Business,Rejected,Hyderabad
Priya,39,136219,558,786956,Business,Rejected,Pune
Rahul,57,42950,597,618149,Self-Employed,Approved,Pune
Aman,40,144652,504,824467,Self-Employed,Rejected,Pune
Riya,35,31140,525,155836,Self-Employed,Rejected,Pune
Aman,56,75873,807,354927,Self-Employed,Approved,Bangalore
Sara,35,65613,731,145121,Salaried,Approved,Mumbai
Fatima,38,144548,705,491042,Self-Employed,Approved,Delhi
Sara,28,66950,691,308769,Business,Approved,Chennai
Sara,29,96566,844,130069,Self-Employed,Approved,Kolkata
Aman,29,55698,753,440191,Business,Approved,Kolkata
Rohan,44,59025,529,444663,Business,Rejected,Mumbai
Zoya,31,54764,825,451974,Salaried,Approved,Delhi
Rohan,48,124402,827,933504,Self-Employed,Approved,Hyderabad
Rohan,50,43526,468,425498,Salaried,Approved,Kolkata
Aditya,34,33014,706,536377,Salaried,Approved,Chennai
Aisha,62,88004,722,722365,Salaried,Rejected,Kolkata
Neha,34,37806,699,383499,Self-Employed,Rejected,Bangalore
Neha,49,63863,487,931366,Self-Employed,Rejected,Chennai
Karan,45,31528,532,639952,Salaried,Approved,Chennai
Zoya,64,94216,656,204665,Self-Employed,Rejected,Delhi
Karan,23,83811,663,499430,Self-Employed,Approved,Delhi
Imran,64,52115,523,551465,Salaried,Rejected,Bangalore
Kabir,56,145697,655,549004,Self-Employed,Approved,Delhi
Fatima,34,142062,720,502185,Business,Rejected,Kolkata
Priya,63,115974,465,886062,Self-Employed,Rejected,Ahmedabad
Riya,32,32541,805,400862,Self-Employed,Approved,Bangalore
Fatima,22,115086,718,924768,Business,Approved,Delhi
Rahul,26,143594,617,675141,Self-Employed,Rejected,Ahmedabad
Aisha,41,50146,799,738115,Business,Approved,Chennai
Riya,51,90561,754,974671,Self-Employed,Rejected,Kolkata
Aditya,37,45812,673,941854,Salaried,Approved,Mumbai
Kabir,30,135766,542,550020,Salaried,Rejected,Ahmedabad
Kabir,50,120504,555,239018,Salaried,Approved,Delhi
Ananya,51,38538,504,848571,Salaried,Rejected,Kolkata
Zoya,48,104527,511,565710,Salaried,Approved,Ahmedabad
Karan,31,105843,728,440016,Salaried,Approved,Hyderabad
Fatima,57,97542,569,83954,Self-Employed,Rejected,Delhi
Neha,58,26030,556,662907,Salaried,Approved,Delhi
Karan,47,99532,731,64590,Salaried,Approved,Hyderabad
Rohan,38,89940,489,113491,Self-Employed,Rejected,Mumbai
Imran,50,140807,838,70265,Salaried,Approved,Pune
Zoya,49,141273,848,91248,Self-Employed,Rejected,Mumbai
Aditya,58,50989,556,243724,Self-Employed,Approved,Kolkata
Aditya,45,100703,564,944237,Salaried,Approved,Kolkata
Aisha,49,81784,573,632176,Salaried,Rejected,Bangalore
Aman,46,124120,616,322744,Salaried,Rejected,Delhi
Neha,27,116603,759,279621,Business,Approved,Bangalore
Sara,52,48616,726,953011,Salaried,Rejected,Delhi
Fatima,45,54125,628,733899,Salaried,Rejected,Hyderabad
Aman,24,41441,670,803429,Self-Employed,Approved,Kolkata
Imran,31,84456,535,629825,Business,Rejected,Hyderabad
Rahul,58,89127,585,703712,Business,Approved,Chennai
Ananya,53,137612,729,505972,Self-Employed,Approved,Mumbai
Rahul,44,123767,661,937606,Salaried,Approved,Delhi
Arjun,63,118699,502,642492,Salaried,Approved,Mumbai
Aisha,44,126794,603,974966,Salaried,Approved,Mumbai
Priya,58,54513,538,992410,Salaried,Rejected,Chennai
Kabir,34,47716,453,225922,Salaried,Approved,Chennai
Aisha,44,143733,783,894481,Self-Employed,Rejected,Chennai
Aisha,28,106027,823,287232,Self-Employed,Approved,Hyderabad
Imran,35,137108,657,659112,Business,Rejected,Hyderabad
Zoya,60,50380,836,863448,Salaried,Rejected,Bangalore
Rahul,36,76657,533,670857,Self-Employed,Approved,Delhi
Aditya,43,98967,832,826385,Business,Approved,Bangalore
Aman,38,36857,532,972436,Business,Rejected,Mumbai
Sara,59,76487,610,967048,Business,Rejected,Delhi
Zoya,30,56814,704,470991,Salaried,Approved,Pune
Aditya,58,73718,592,217827,Salaried,Approved,Mumbai
Sara,62,37177,739,263017,Self-Employed,Rejected,Chennai
Sara,58,42359,542,464736,Self-Employed,Rejected,Pune
Aditya,51,73808,568,807645,Self-Employed,Rejected,Delhi
Sara,51,66746,527,750217,Business,Approved,Ahmedabad
Priya,30,116910,463,983606,Business,Approved,Ahmedabad
Kabir,22,25591,742,671901,Salaried,Approved,Hyderabad
Priya,38,33006,547,224289,Business,Approved,Pune
Kabir,42,71481,455,383232,Salaried,Rejected,Hyderabad
Aisha,27,101269,777,160171,Self-Employed,Rejected,Bangalore
Aditya,54,136588,676,558679,Business,Rejected,Kolkata
Kabir,50,104359,514,442546,Business,Rejected,Hyderabad
Aman,26,90761,729,297743,Business,Rejected,Hyderabad
Rahul,65,147129,726,879651,Salaried,Rejected,Delhi
Karan,40,126143,727,556569,Self-Employed,Approved,Mumbai
Fatima,57,50988,556,973404,Salaried,Rejected,Delhi
Rohan,43,37487,633,964994,Business,Approved,Mumbai
Aman,55,112230,598,504338,Self-Employed,Rejected,Mumbai
Neha,61,90989,633,820955,Business,Rejected,Bangalore
Neha,41,116681,673,795119,Self-Employed,Approved,Delhi
Neha,22,121948,710,329052,Self-Employed,Approved,Kolkata
Arjun,44,64995,560,954148,Business,Rejected,Chennai
Riya,58,76352,536,632430,Salaried,Approved,Delhi
Karan,21,123956,504,609188,Salaried,Rejected,Chennai
Aditya,31,124212,603,518946,Salaried,Approved,Ahmedabad
Aditya,32,109688,456,145042,Salaried,Rejected,Delhi
Fatima,26,62679,741,651251,Salaried,Rejected,Mumbai
Rahul,46,47313,805,514921,Salaried,Approved,Delhi
Neha,37,145397,625,918253,Salaried,Rejected,Chennai
Arjun,25,87549,595,728445,Salaried,Rejected,Mumbai
Imran,24,121642,839,138502,Business,Approved,Bangalore
Arjun,55,106158,540,191000,Salaried,Rejected,Hyderabad
Fatima,26,149470,753,282986,Self-Employed,Rejected,Mumbai
Aman,22,147128,720,200540,Self-Employed,Rejected,Kolkata
Aisha,46,61829,654,166284,Business,Rejected,Ahmedabad
Riya,51,82137,516,459911,Self-Employed,Rejected,Bangalore
Aditya,21,26930,743,391379,Salaried,Approved,Kolkata
Sara,48,36813,677,916294,Self-Employed,Rejected,Delhi
Aditya,34,138684,551,874705,Self-Employed,Approved,Pune
Sara,39,118395,497,506416,Self-Employed,Rejected,Delhi
Imran,45,70739,591,993643,Self-Employed,Rejected,Pune
Ananya,50,48419,687,542692,Business,Rejected,Ahmedabad
Zoya,47,142217,835,83183,Self-Employed,Rejected,Bangalore
Ananya,32,106746,473,908562,Self-Employed,Rejected,Ahmedabad
Arjun,41,137505,624,154948,Business,Approved,Kolkata
Neha,52,106228,765,642059,Salaried,Approved,Delhi
Aditya,23,140632,536,350973,Business,Rejected,Bangalore
Fatima,38,35193,843,570314,Salaried,Approved,Bangalore
Rahul,42,129350,550,575318,Self-Employed,Rejected,Hyderabad
Karan,31,72046,600,860246,Business,Rejected,Chennai
Neha,29,79790,736,645402,Salaried,Rejected,Hyderabad
Rahul,33,92596,672,819594,Business,Approved,Hyderabad
Aman,21,103069,623,288169,Business,Rejected,Chennai
Priya,51,122244,587,232851,Salaried,Rejected,Ahmedabad
Priya,41,127266,752,682716,Salaried,Approved,Mumbai
Ananya,51,94944,489,324569,Business,Approved,Ahmedabad
Aditya,62,108242,660,822841,Salaried,Approved,Hyderabad
Rohan,38,52823,684,103717,Self-Employed,Approved,Ahmedabad
Rohan,62,137215,629,971142,Self-Employed,Rejected,Hyderabad
Arjun,29,114055,648,841694,Salaried,Rejected,Ahmedabad
Aisha,44,111392,602,975125,Business,Rejected,Pune
Sara,24,44549,681,548469,Business,Rejected,Delhi
Karan,21,126852,714,373030,Self-Employed,Rejected,Mumbai
Aisha,22,63018,570,430990,Self-Employed,Approved,Ahmedabad
Priya,35,117522,576,515784,Self-Employed,Rejected,Ahmedabad
Rahul,34,28545,652,556511,Business,Rejected,Kolkata
Neha,46,86735,808,879904,Salaried,Approved,Delhi
Rahul,47,78780,693,652549,Business,Rejected,Hyderabad
Aman,53,84260,710,728473,Business,Approved,Ahmedabad
Imran,64,103354,473,456019,Self-Employed,Rejected,Bangalore
Rahul,40,114094,536,780202,Business,Rejected,Kolkata
Kabir,41,129702,776,388326,Salaried,Approved,Hyderabad
Arjun,28,116025,683,111533,Self-Employed,Rejected,Ahmedabad
Karan,55,138287,655,765961,Business,Approved,Kolkata
Rahul,34,49486,481,849577,Salaried,Rejected,Ahmedabad
Neha,51,50120,747,659594,Salaried,Rejected,Pune
Imran,52,40728,737,211395,Self-Employed,Rejected,Chennai
Zoya,35,85771,496,529766,Business,Rejected,Mumbai
Imran,60,59395,537,474909,Business,Approved,Hyderabad
Arjun,65,102510,724,770333,Business,Rejected,Bangalore
Riya,64,126067,571,392711,Self-Employed,Approved,Mumbai
Arjun,57,105018,664,521482,Salaried,Rejected,Ahmedabad
Neha,60,69561,725,510523,Salaried,Approved,Mumbai
Priya,38,55408,737,587531,Business,Rejected,Hyderabad
Sara,24,116406,525,870835,Business,Rejected,Pune
Aditya,47,86797,707,951809,Salaried,Rejected,Ahmedabad
Aditya,63,54070,797,169430,Self-Employed,Approved,Mumbai
Imran,58,145718,820,740141,Salaried,Approved,Pune
Kabir,49,126542,473,169996,Self-Employed,Rejected,Mumbai
Aisha,47,107681,602,94597,Self-Employed,Approved,Mumbai
Neha,54,108967,483,526327,Salaried,Approved,Ahmedabad
Aman,59,148976,662,626997,Salaried,Rejected,Hyderabad
Neha,22,111574,459,529873,Salaried,Rejected,Chennai
Rahul,62,109783,689,712014,Self-Employed,Approved,Pune
Neha,48,147822,753,768718,Salaried,Rejected,Ahmedabad
Rahul,51,78234,650,188864,Salaried,Rejected,Mumbai
Fatima,36,106906,511,528454,Salaried,Rejected,Delhi
Karan,33,113148,585,344241,Self-Employed,Approved,Bangalore
Ananya,61,110322,544,723107,Self-Employed,Rejected,Chennai
Kabir,21,35646,541,61484,Business,Rejected,Hyderabad
Rahul,40,46273,786,969501,Self-Employed,Approved,Bangalore
Neha,58,36799,529,283653,Self-Employed,Approved,Chennai
Aisha,56,144206,586,647558,Self-Employed,Rejected,Ahmedabad
Zoya,36,104959,642,730552,Self-Employed,Approved,Mumbai
Riya,36,74208,612,189416,Business,Approved,Hyderabad
Rohan,35,116540,841,495554,Self-Employed,Approved,Pune
Aditya,44,127089,592,762685,Salaried,Rejected,Bangalore
Priya,53,96668,525,174630,Self-Employed,Rejected,Kolkata
Imran,54,73423,591,796900,Self-Employed,Approved,Ahmedabad
Fatima,29,55254,669,90307,Self-Employed,Rejected,Ahmedabad
Ananya,39,101717,487,185630,Self-Employed,Rejected,Hyderabad
Neha,63,143630,539,191440,Business,Rejected,Mumbai
Kabir,59,93738,648,243482,Salaried,Rejected,Ahmedabad
Fatima,21,75309,663,467495,Salaried,Rejected,Kolkata
Priya,32,49791,626,445266,Business,Rejected,Delhi
Karan,34,67023,834,629701,Business,Rejected,Kolkata
Riya,56,92471,687,794610,Self-Employed,Rejected,Kolkata
Aisha,48,26619,604,177316,Salaried,Rejected,Hyderabad
Imran,54,149194,578,988698,Business,Approved,Bangalore
Kabir,59,94190,831,248809,Business,Approved,Pune
Rohan,46,26290,465,54633,Salaried,Rejected,Hyderabad
Zoya,46,44240,765,809564,Business,Rejected,Pune
Arjun,62,111682,566,944337,Salaried,Rejected,Hyderabad
Ananya,34,64389,510,67493,Salaried,Rejected,Kolkata
Karan,29,29347,752,692669,Business,Rejected,Ahmedabad
Rahul,40,45941,830,874080,Business,Approved,Delhi
Priya,42,106406,813,730488,Salaried,Approved,Mumbai
Fatima,42,134006,568,82485,Business,Rejected,Kolkata
Aisha,59,148523,502,702618,Self-Employed,Approved,Ahmedabad
Arjun,62,137368,639,471840,Business,Rejected,Delhi
Fatima,51,111360,636,307954,Business,Rejected,Mumbai
Kabir,47,38173,719,501530,Business,Rejected,Chennai
Zoya,62,144977,825,723138,Self-Employed,Approved,Mumbai
Arjun,52,58767,511,795350,Salaried,Approved,Chennai
Sara,63,50450,696,742559,Business,Rejected,Chennai
Arjun,21,31793,704,564003,Self-Employed,Rejected,Bangalore
Neha,52,70824,481,286722,Self-Employed,Rejected,Pune
Ananya,23,44216,805,399727,Business,Approved,Pune
Zoya,33,52520,685,92273,Salaried,Rejected,Hyderabad
Ananya,40,61052,679,350533,Business,Rejected,Mumbai
Priya,48,28364,677,836214,Business,Rejected,Ahmedabad
Arjun,41,33609,452,775434,Self-Employed,Rejected,Ahmedabad
Priya,51,107558,467,771484,Business,Approved,Chennai
Karan,63,46818,725,671899,Self-Employed,Approved,Pune
Riya,33,58527,468,684407,Salaried,Rejected,Chennai
Rohan,43,96382,829,132893,Business,Approved,Pune
Priya,37,60553,817,889664,Business,Approved,Ahmedabad
Rahul,59,112347,509,467722,Salaried,Rejected,Kolkata
Aman,24,62362,455,666386,Salaried,Rejected,Mumbai
Kabir,40,40365,726,339712,Salaried,Rejected,Bangalore
Karan,32,35673,726,75305,Business,Rejected,Bangalore
Karan,31,125555,828,816912,Salaried,Approved,Bangalore
Rahul,64,149324,592,708864,Business,Rejected,Mumbai
Karan,30,76346,614,215096,Business,Approved,Chennai
Priya,39,115708,673,793748,Business,Rejected,Bangalore
Rohan,42,119481,663,188570,Salaried,Rejected,Mumbai
Fatima,40,59556,460,577577,Business,Rejected,Mumbai
Aisha,52,30579,708,804800,Business,Rejected,Kolkata
Arjun,59,47044,471,762506,Business,Rejected,Pune
Arjun,55,134981,820,912269,Business,Rejected,Hyderabad
Sara,26,51174,798,947747,Salaried,Approved,Ahmedabad
Karan,42,95400,591,630433,Self-Employed,Approved,Mumbai
Rohan,36,49441,786,175100,Salaried,Approved,Ahmedabad
Ananya,64,113111,531,203868,Salaried,Approved,Chennai
Zoya,64,25918,693,550597,Self-Employed,Rejected,Chennai
Imran,51,120211,807,878332,Salaried,Rejected,Delhi
Aman,26,83168,834,116609,Self-Employed,Rejected,Ahmedabad
Kabir,36,100573,589,491685,Self-Employed,Rejected,Ahmedabad
Riya,47,48567,577,392587,Business,Rejected,Ahmedabad
Zoya,35,26783,520,835425,Self-Employed,Rejected,Pune
Karan,22,42005,641,559777,Business,Approved,Kolkata
Karan,54,77597,474,396705,Salaried,Rejected,Ahmedabad
Arjun,46,56287,672,919515,Salaried,Approved,Chennai
Imran,62,108006,669,328902,Salaried,Approved,Pune
Priya,58,30741,753,174010,Salaried,Rejected,Mumbai
Aman,61,28776,523,432558,Salaried,Rejected,Mumbai
Riya,31,115250,552,854669,Self-Employed,Rejected,Chennai
Aisha,35,137390,507,652383,Business,Rejected,Delhi
Rohan,24,106694,816,609358,Self-Employed,Approved,Mumbai
Aditya,43,145223,702,359619,Business,Approved,Chennai
Zoya,61,102402,520,95974,Self-Employed,Rejected,Hyderabad
Rahul,65,62396,618,286064,Business,Approved,Pune
Riya,61,98539,511,803261,Business,Rejected,Ahmedabad
Karan,54,52703,595,979368,Self-Employed,Rejected,Chennai
Ananya,31,138633,535,676123,Business,Approved,Chennai
Priya,60,89886,476,380193,Business,Rejected,Ahmedabad
Rahul,47,38441,665,931177,Salaried,Rejected,Hyderabad
Karan,49,26374,601,520715,Business,Rejected,Delhi
Rahul,22,42181,550,420482,Salaried,Rejected,Chennai
Arjun,25,74081,551,763970,Salaried,Rejected,Pune
Rohan,48,90149,498,381385,Self-Employed,Rejected,Mumbai
Imran,57,33105,641,185212,Salaried,Approved,Hyderabad
Karan,36,102428,617,372532,Self-Employed,Approved,Hyderabad
Aman,37,120934,831,433114,Salaried,Approved,Pune
Sara,65,148072,689,661869,Salaried,Rejected,Chennai
Zoya,57,147365,826,133835,Business,Approved,Ahmedabad
Priya,46,101118,559,500557,Self-Employed,Rejected,Ahmedabad
Rohan,33,140488,615,798141,Business,Approved,Kolkata
Neha,46,96688,453,442435,Business,Approved,Kolkata
Priya,36,122791,805,551501,Self-Employed,Approved,Pune
Riya,21,130606,778,155131,Business,Approved,Delhi
Ananya,48,89077,573,277555,Salaried,Rejected,Delhi
Aisha,34,128040,799,189734,Salaried,Approved,Ahmedabad
Karan,32,138846,737,189850,Self-Employed,Rejected,Bangalore
Rohan,50,74291,766,951215,Business,Approved,Delhi
Aman,51,145382,571,702161,Business,Approved,Delhi
Sara,62,43440,473,193299,Salaried,Approved,Delhi
Neha,37,115274,450,118428,Self-Employed,Rejected,Bangalore
Arjun,54,61556,600,195018,Salaried,Rejected,Hyderabad
Ananya,59,102462,718,206605,Business,Rejected,Mumbai
Aman,42,132463,614,953891,Salaried,Rejected,Chennai
Arjun,29,142532,649,110375,Self-Employed,Approved,Chennai
Karan,33,97235,563,180355,Salaried,Rejected,Mumbai
Fatima,39,57224,559,756147,Salaried,Rejected,Delhi
Rohan,61,119988,848,207860,Salaried,Approved,Kolkata
Karan,34,51706,488,484286,Business,Rejected,Mumbai
Riya,40,120697,694,79650,Self-Employed,Approved,Mumbai
Neha,24,56200,643,886313,Salaried,Rejected,Chennai
Aisha,60,90984,605,191843,Business,Approved,Hyderabad
Ananya,61,86986,812,361963,Business,Approved,Mumbai
Riya,38,27425,795,729481,Self-Employed,Rejected,Kolkata
Rahul,53,46889,669,525469,Self-Employed,Approved,Delhi
Imran,48,133843,531,64463,Salaried,Rejected,Bangalore
Arjun,53,111816,632,715104,Self-Employed,Rejected,Hyderabad
Imran,39,100192,679,330248,Self-Employed,Rejected,Kolkata
Aditya,27,93513,561,665592,Business,Rejected,Kolkata
Aman,59,128493,489,320204,Business,Approved,Ahmedabad
Fatima,41,26862,594,676225,Business,Approved,Bangalore
Aditya,48,63875,560,183755,Salaried,Rejected,Bangalore
Sara,45,38294,516,155742,Salaried,Rejected,Pune
Rahul,42,105729,597,639703,Self-Employed,Approved,Bangalore
Neha,65,34598,543,768333,Self-Employed,Rejected,Ahmedabad
Zoya,29,144225,548,906288,Business,Rejected,Hyderabad
Ananya,32,133358,776,219466,Self-Employed,Rejected,Ahmedabad
Kabir,25,136050,712,861966,Business,Rejected,Delhi
Zoya,34,84015,719,724192,Business,Approved,Kolkata
Imran,25,75847,717,101879,Self-Employed,Rejected,Pune
Rohan,65,119809,580,653491,Business,Rejected,Chennai
Aman,57,103572,724,962093,Self-Employed,Approved,Ahmedabad
Karan,53,81148,801,515381,Business,Approved,Hyderabad
Rohan,33,140814,797,617884,Salaried,Rejected,Mumbai
Aisha,30,51388,652,893039,Salaried,Rejected,Mumbai
Rahul,57,140350,522,487445,Salaried,Rejected,Ahmedabad
Fatima,27,79879,615,423637,Self-Employed,Rejected,Kolkata
Riya,38,68325,705,747837,Business,Approved,Ahmedabad
Rahul,52,71145,501,230510,Self-Employed,Rejected,Kolkata
Fatima,21,31855,647,599217,Self-Employed,Rejected,Chennai
Fatima,54,137176,517,355314,Business,Rejected,Mumbai
Aditya,45,71255,580,390887,Salaried,Approved,Delhi
Rahul,40,59080,485,857235,Business,Rejected,Kolkata
Fatima,30,130077,553,261383,Business,Rejected,Ahmedabad
Arjun,22,92182,847,294717,Self-Employed,Rejected,Kolkata
Zoya,49,27605,575,478038,Salaried,Rejected,Mumbai
Aisha,38,45169,558,587599,Business,Approved,Ahmedabad
Aditya,65,68618,824,100867,Business,Approved,Bangalore
Fatima,25,52864,587,750420,Business,Rejected,Mumbai
Ananya,61,33678,760,548734,Business,Rejected,Kolkata
Riya,29,135192,589,402987,Salaried,Approved,Hyderabad
Aisha,45,104874,588,602208,Salaried,Approved,Hyderabad
Rahul,50,51823,631,840113,Self-Employed,Approved,Kolkata
Rahul,57,67187,705,721319,Business,Rejected,Bangalore
Fatima,42,101608,771,848247,Business,Approved,Mumbai
Aisha,21,47096,817,696962,Self-Employed,Approved,Hyderabad
Aditya,35,36799,631,606213,Business,Approved,Delhi
Priya,60,135301,458,541408,Salaried,Approved,Hyderabad
Fatima,27,98861,830,511392,Business,Approved,Kolkata
Fatima,50,72523,762,433044,Salaried,Approved,Hyderabad
Kabir,38,144151,801,598070,Business,Approved,Delhi
Fatima,59,66943,778,595259,Self-Employed,Approved,Hyderabad
Fatima,31,57072,781,853684,Salaried,Rejected,Delhi
Aditya,22,121577,779,428110,Business,Rejected,Ahmedabad
Imran,31,85194,665,929381,Self-Employed,Rejected,Hyderabad
Neha,27,136320,677,251819,Business,Approved,Mumbai
Arjun,58,53001,786,723439,Business,Approved,Pune
Riya,50,95894,706,206847,Self-Employed,Rejected,Delhi
Kabir,42,98810,609,484445,Business,Rejected,Mumbai
Sara,36,42500,685,810147,Salaried,Rejected,Bangalore
Priya,49,106877,707,657410,Salaried,Rejected,Delhi
Aditya,51,114038,743,109364,Salaried,Approved,Ahmedabad
Rohan,55,107272,776,519784,Salaried,Rejected,Hyderabad
Aman,58,67331,810,322095,Salaried,Approved,Kolkata
Imran,41,51545,753,600325,Salaried,Rejected,Mumbai
Aisha,50,92395,483,419877,Business,Rejected,Pune
Imran,56,101156,604,437547,Business,Approved,Ahmedabad
Rahul,53,59547,731,586584,Self-Employed,Approved,Ahmedabad
Karan,30,27214,800,552253,Self-Employed,Approved,Pune
Aman,64,39257,542,170079,Business,Rejected,Mumbai
Sara,26,96720,729,154614,Salaried,Rejected,Ahmedabad
Karan,53,125534,518,905092,Salaried,Approved,Kolkata
Aisha,45,118751,839,941090,Business,Rejected,Mumbai
Kabir,50,101826,517,280105,Self-Employed,Rejected,Delhi
Fatima,45,97519,760,986866,Salaried,Approved,Bangalore
Aman,63,64818,761,995941,Self-Employed,Approved,Mumbai
Priya,23,80145,701,393831,Self-Employed,Rejected,Ahmedabad
Rohan,33,69344,631,774059,Self-Employed,Rejected,Mumbai
Aman,36,121958,501,853148,Salaried,Approved,Bangalore
Aisha,42,107853,471,764442,Self-Employed,Rejected,Kolkata
Priya,43,41643,779,148161,Business,Approved,Kolkata
Riya,54,60893,813,912105,Self-Employed,Approved,Hyderabad
Ananya,53,95437,557,159755,Salaried,Approved,Hyderabad
Aman,24,110380,809,157377,Salaried,Rejected,Bangalore
Karan,24,51011,655,611778,Self-Employed,Approved,Pune
Rohan,55,103871,488,829778,Salaried,Rejected,Kolkata
Zoya,60,83511,725,106032,Salaried,Rejected,Bangalore
Ananya,61,59997,632,497062,Business,Approved,Hyderabad
Fatima,57,131195,600,75941,Salaried,Rejected,Ahmedabad
Aman,40,131745,461,119618,Self-Employed,Rejected,Bangalore
Riya,51,53656,838,572829,Business,Rejected,Bangalore
Kabir,58,148850,705,433832,Self-Employed,Rejected,Delhi
Imran,63,82564,569,159534,Business,Rejected,Ahmedabad
Zoya,23,42918,739,920177,Salaried,Approved,Chennai
Riya,62,46453,566,287648,Salaried,Approved,Hyderabad
Fatima,25,97088,627,707277,Business,Rejected,Hyderabad
Ananya,45,28141,688,267373,Self-Employed,Rejected,Hyderabad
Riya,37,75957,540,812477,Salaried,Rejected,Chennai
Sara,55,62150,782,136330,Business,Approved,Kolkata
Neha,48,33341,676,53080,Self-Employed,Rejected,Mumbai
Zoya,25,92321,790,148611,Self-Employed,Rejected,Pune
Aisha,27,54874,840,364417,Self-Employed,Approved,Kolkata
Zoya,58,58442,737,263275,Business,Rejected,Kolkata
Zoya,22,121461,515,670223,Business,Rejected,Delhi
Riya,63,108482,573,261059,Salaried,Rejected,Delhi
Neha,22,100384,821,727180,Business,Rejected,Ahmedabad
Karan,28,98115,546,485805,Self-Employed,Rejected,Kolkata
Karan,47,79245,672,131746,Salaried,Rejected,Delhi
Kabir,36,61422,539,900717,Salaried,Rejected,Delhi
Imran,29,114135,807,280875,Self-Employed,Approved,Mumbai
Rahul,49,80492,733,281428,Self-Employed,Approved,Kolkata
Zoya,27,87174,681,694106,Salaried,Approved,Chennai
Neha,38,131725,656,176141,Self-Employed,Approved,Hyderabad
Karan,34,57153,847,950041,Self-Employed,Approved,Pune
Karan,44,81922,607,196918,Self-Employed,Approved,Mumbai
Riya,36,89174,834,184470,Self-Employed,Approved,Bangalore
Neha,62,74989,763,714488,Self-Employed,Approved,Chennai
Aditya,61,48947,698,768598,Self-Employed,Rejected,Ahmedabad
Aman,26,64142,761,97166,Salaried,Rejected,Bangalore
Imran,21,48448,830,890519,Self-Employed,Approved,Chennai
Neha,38,127168,597,766540,Self-Employed,Rejected,Ahmedabad
Priya,55,144354,724,289802,Business,Approved,Mumbai
Arjun,35,33664,579,428742,Self-Employed,Rejected,Ahmedabad
Arjun,44,114998,696,356614,Business,Approved,Bangalore
Rohan,28,59172,806,869637,Business,Approved,Kolkata
Rahul,58,132990,612,274034,Salaried,Rejected,Delhi
Fatima,39,26830,748,387883,Self-Employed,Approved,Bangalore
Aisha,48,37420,713,253758,Salaried,Approved,Chennai
Imran,27,119776,806,611946,Self-Employed,Approved,Bangalore
Ananya,58,36050,616,146573,Salaried,Approved,Hyderabad
Arjun,55,79074,537,711973,Salaried,Rejected,Mumbai
Aman,56,84782,499,97539,Business,Rejected,Ahmedabad
Rahul,48,64477,515,396731,Self-Employed,Rejected,Mumbai
Arjun,30,138210,669,911896,Business,Approved,Bangalore
Aisha,44,148478,584,237910,Business,Approved,Bangalore
Aman,24,49207,549,106864,Salaried,Rejected,Ahmedabad
Sara,65,27472,795,392298,Salaried,Approved,Delhi
Sara,27,62915,528,78635,Self-Employed,Rejected,Ahmedabad
Karan,41,34881,581,385291,Business,Approved,Delhi
Kabir,48,142025,577,265803,Business,Approved,Delhi
Neha,38,29896,466,385036,Salaried,Approved,Delhi
Aisha,24,73816,643,196630,Business,Approved,Mumbai
Sara,25,39925,838,267825,Self-Employed,Approved,Hyderabad
Sara,33,54861,778,232776,Self-Employed,Approved,Delhi
Fatima,34,45751,574,818540,Business,Approved,Hyderabad
Karan,64,62133,620,182372,Salaried,Approved,Hyderabad
Neha,40,126255,602,689014,Self-Employed,Rejected,Ahmedabad
Aisha,37,101500,712,500938,Self-Employed,Approved,Bangalore
Ananya,58,149617,632,309540,Self-Employed,Rejected,Kolkata
Ananya,61,143608,574,340170,Business,Approved,Chennai
Karan,35,71689,657,925392,Salaried,Rejected,Chennai
Karan,46,73618,620,640055,Salaried,Rejected,Hyderabad
Fatima,31,73461,576,964712,Business,Rejected,Mumbai
Karan,47,64340,503,329551,Self-Employed,Approved,Chennai
Aditya,58,116484,639,216989,Self-Employed,Rejected,Kolkata
Fatima,46,81924,818,383217,Business,Approved,Bangalore
Kabir,29,124862,774,973476,Business,Rejected,Chennai
Kabir,39,51548,812,841652,Self-Employed,Rejected,Kolkata
Fatima,40,38534,623,547885,Salaried,Rejected,Delhi
Zoya,33,122641,770,623625,Salaried,Approved,Chennai
Rahul,47,96896,618,574509,Business,Approved,Ahmedabad
Ananya,47,127864,501,462401,Business,Rejected,Delhi
Riya,58,108743,571,695829,Business,Rejected,Pune
Imran,35,113317,706,137348,Salaried,Rejected,Ahmedabad
Imran,65,85542,495,80646,Salaried,Rejected,Mumbai
Rahul,51,42144,644,111793,Self-Employed,Rejected,Delhi
Rahul,27,60896,724,693348,Self-Employed,Rejected,Kolkata
Sara,56,142471,521,455376,Business,Rejected,Hyderabad
Rohan,29,41054,596,467576,Salaried,Rejected,Hyderabad
Neha,46,49109,615,723651,Self-Employed,Rejected,Delhi
Imran,45,135421,809,360942,Self-Employed,Approved,Ahmedabad
Karan,59,39271,685,195431,Business,Approved,Hyderabad
Sara,57,59375,708,937599,Business,Rejected,Pune
Arjun,32,109152,661,786641,Self-Employed,Rejected,Hyderabad
Priya,60,78739,681,754889,Salaried,Rejected,Ahmedabad
Karan,34,68075,562,679231,Salaried,Approved,Mumbai
Priya,27,47257,629,873412,Business,Approved,Mumbai
Arjun,57,103857,589,816909,Business,Rejected,Mumbai
Fatima,33,54677,568,335396,Self-Employed,Rejected,Bangalore
Aditya,51,111086,555,768957,Self-Employed,Approved,Pune
Aisha,26,120468,481,124615,Self-Employed,Rejected,Kolkata
Zoya,25,57905,728,145568,Salaried,Approved,Ahmedabad
Aisha,58,110780,813,668990,Business,Rejected,Pune
Fatima,40,111003,532,987041,Salaried,Rejected,Delhi
Arjun,47,146350,510,473832,Business,Rejected,Mumbai
Imran,60,103934,470,308419,Self-Employed,Approved,Delhi
Aisha,37,90790,830,395114,Self-Employed,Rejected,Hyderabad
Sara,34,66844,551,128315,Self-Employed,Rejected,Mumbai
Aman,52,134750,752,154531,Salaried,Approved,Ahmedabad
Kabir,51,37960,809,976689,Salaried,Approved,Kolkata
Rohan,27,101410,799,374468,Salaried,Approved,Delhi
Sara,63,138696,452,219420,Business,Rejected,Pune
Ananya,29,135150,723,531691,Business,Approved,Hyderabad
Riya,65,34841,845,687085,Salaried,Approved,Ahmedabad
Priya,52,74881,600,951970,Self-Employed,Rejected,Bangalore
Sara,56,128365,490,89331,Business,Rejected,Kolkata
Kabir,63,74669,512,870466,Business,Approved,Hyderabad
Arjun,28,70659,595,969578,Salaried,Rejected,Pune
Neha,42,53546,619,103895,Self-Employed,Rejected,Ahmedabad
Aman,45,33707,658,624480,Self-Employed,Approved,Chennai
Rahul,32,124308,785,570983,Business,Rejected,Hyderabad
Rohan,29,107968,636,346742,Self-Employed,Rejected,Pune
Riya,58,96146,755,789022,Business,Approved,Hyderabad
Rahul,48,76174,759,346040,Business,Rejected,Bangalore
Riya,44,38889,752,709206,Business,Approved,Chennai
Zoya,63,145194,655,268321,Self-Employed,Rejected,Chennai
Karan,30,136638,544,520029,Business,Rejected,Pune
Aditya,46,42467,839,735150,Self-Employed,Approved,Ahmedabad
Aditya,45,139552,454,549553,Salaried,Approved,Mumbai
Aditya,28,134947,563,55341,Self-Employed,Rejected,Ahmedabad
Rahul,23,128213,808,586819,Self-Employed,Rejected,Pune
Sara,61,131526,660,479054,Business,Rejected,Mumbai
Imran,52,42770,724,197554,Salaried,Approved,Kolkata
Kabir,53,119386,506,177627,Self-Employed,Approved,Delhi
Aditya,56,44409,542,233489,Business,Approved,Delhi
Zoya,51,67826,529,601560,Salaried,Rejected,Chennai
Sara,23,25168,589,146751,Salaried,Rejected,Hyderabad
Riya,35,73893,850,156723,Business,Rejected,Pune
Rohan,63,28893,846,379691,Salaried,Rejected,Chennai
Rahul,30,46591,842,724369,Business,Rejected,Delhi
Aisha,48,62914,510,720623,Business,Rejected,Chennai
Rahul,59,124506,687,599653,Salaried,Approved,Mumbai
Aman,25,28110,603,157297,Business,Rejected,Hyderabad
Sara,36,64489,489,693054,Self-Employed,Rejected,Delhi
Zoya,62,59424,597,542338,Business,Rejected,Ahmedabad
Priya,61,41894,731,88181,Salaried,Rejected,Pune
Rahul,22,75531,563,842732,Self-Employed,Rejected,Kolkata
Sara,64,54798,687,635431,Business,Rejected,Pune
Priya,35,132991,788,700709,Business,Approved,Kolkata
Riya,46,103153,744,64408,Self-Employed,Approved,Chennai
Rahul,52,127792,640,671130,Business,Rejected,Hyderabad
Fatima,55,124557,592,245635,Business,Rejected,Mumbai
Fatima,57,108575,475,772962,Self-Employed,Rejected,Chennai
Rohan,21,74448,484,813245,Salaried,Rejected,Ahmedabad
Aisha,36,55609,681,842876,Self-Employed,Approved,Chennai
Priya,26,77307,612,200891,Self-Employed,Approved,Ahmedabad
Priya,47,112016,736,122469,Self-Employed,Approved,Mumbai
Neha,61,27686,712,343971,Salaried,Rejected,Kolkata
Ananya,61,105330,653,360127,Self-Employed,Approved,Hyderabad
Kabir,32,67350,454,607322,Self-Employed,Rejected,Delhi
Aditya,37,47820,558,366126,Business,Rejected,Mumbai
Aman,26,84555,813,182140,Self-Employed,Rejected,Pune
Aman,36,148508,653,679515,Salaried,Rejected,Chennai
Karan,50,61934,749,80192,Self-Employed,Rejected,Delhi
Imran,21,46253,592,222535,Self-Employed,Approved,Kolkata
Priya,35,111135,523,700728,Self-Employed,Rejected,Hyderabad
Aditya,26,67225,777,613945,Salaried,Approved,Ahmedabad
Arjun,22,144491,521,684494,Self-Employed,Approved,Ahmedabad
Kabir,49,45700,500,558950,Self-Employed,Rejected,Delhi
Riya,22,64588,494,477054,Self-Employed,Rejected,Delhi
Ananya,64,56554,752,234646,Self-Employed,Rejected,Ahmedabad
Sara,21,76932,563,182332,Self-Employed,Rejected,Mumbai
Riya,35,101856,530,574405,Salaried,Rejected,Hyderabad
Aisha,21,49241,527,97273,Self-Employed,Rejected,Pune
Priya,27,100557,572,724220,Salaried,Rejected,Bangalore
Rahul,52,104193,699,138869,Business,Approved,Mumbai
Kabir,32,117895,747,729509,Self-Employed,Approved,Ahmedabad
Arjun,32,135321,624,444865,Business,Rejected,Hyderabad
Rohan,53,121988,638,421088,Business,Approved,Hyderabad
Riya,58,106480,523,287926,Salaried,Rejected,Hyderabad
Rohan,34,42919,830,295715,Salaried,Approved,Ahmedabad
Zoya,50,145068,850,610437,Salaried,Approved,Hyderabad
Sara,49,121195,597,928567,Salaried,Approved,Kolkata
Rohan,60,63759,837,419878,Salaried,Rejected,Pune
Neha,52,81086,665,796060,Self-Employed,Approved,Chennai
Neha,63,86725,781,989870,Self-Employed,Approved,Pune
Fatima,56,36343,808,729480,Self-Employed,Approved,Kolkata
Arjun,63,34722,819,705305,Salaried,Approved,Delhi
Ananya,64,39926,650,551702,Business,Approved,Kolkata
Ananya,61,81043,554,401587,Salaried,Approved,Delhi
Karan,28,95667,632,664228,Salaried,Rejected,Pune
Ananya,61,92740,818,348302,Business,Approved,Chennai
Aisha,26,35895,596,936888,Salaried,Approved,Hyderabad
Priya,22,148071,832,306734,Self-Employed,Rejected,Chennai
Arjun,57,123610,725,642025,Business,Rejected,Delhi
Imran,34,43769,582,508598,Self-Employed,Rejected,Ahmedabad
Imran,29,87750,836,611378,Business,Approved,Hyderabad
Aman,64,90133,661,409135,Business,Rejected,Pune
Aditya,34,145501,718,196235,Salaried,Approved,Pune
Fatima,63,139137,465,904091,Self-Employed,Approved,Chennai
Riya,46,63382,544,502022,Self-Employed,Rejected,Bangalore
Riya,25,130576,523,561549,Salaried,Rejected,Hyderabad
Karan,35,130879,577,562763,Self-Employed,Approved,Ahmedabad
Fatima,60,86507,660,322816,Business,Rejected,Kolkata
Sara,31,46585,592,903693,Business,Rejected,Hyderabad
Fatima,22,65216,658,705857,Salaried,Approved,Chennai
Aman,58,41988,740,489150,Self-Employed,Approved,Ahmedabad
Fatima,28,43742,794,106871,Self-Employed,Rejected,Delhi
Rohan,52,48504,755,292656,Business,Rejected,Chennai
Arjun,58,126925,560,319904,Business,Rejected,Hyderabad
Neha,29,100435,506,365791,Self-Employed,Rejected,Chennai
Rahul,30,128208,550,356925,Self-Employed,Rejected,Kolkata
Kabir,39,144368,626,566682,Business,Rejected,Kolkata
Imran,44,40232,716,355457,Business,Approved,Mumbai
Kabir,35,110161,762,605430,Salaried,Approved,Pune
Aditya,36,50305,677,726444,Business,Rejected,Delhi
Rohan,41,33392,817,463880,Self-Employed,Rejected,Ahmedabad
Fatima,21,76829,550,476766,Business,Rejected,Bangalore
Aisha,33,25569,507,120635,Salaried,Approved,Delhi
Aditya,64,92894,599,577831,Self-Employed,Approved,Delhi
Karan,55,51678,554,839303,Salaried,Rejected,Ahmedabad
Arjun,22,149124,710,224467,Business,Approved,Ahmedabad
Zoya,65,52111,645,59150,Self-Employed,Rejected,Hyderabad
Aditya,48,139911,756,189545,Salaried,Rejected,Chennai
Riya,57,118741,476,169248,Salaried,Rejected,Delhi
Rahul,26,144026,738,275600,Self-Employed,Rejected,Mumbai
Aisha,25,39192,619,355946,Self-Employed,Rejected,Pune
Arjun,55,140051,474,277265,Business,Rejected,Mumbai
Karan,24,61942,481,335148,Salaried,Rejected,Pune
Sara,53,69555,488,770480,Salaried,Approved,Chennai
Riya,38,92508,780,277794,Self-Employed,Approved,Hyderabad
Karan,53,31545,550,94106,Business,Approved,Mumbai
Rohan,54,147080,612,449961,Self-Employed,Approved,Kolkata
Rohan,56,59375,468,145641,Business,Approved,Mumbai
Sara,63,38462,657,991052,Business,Rejected,Bangalore
Fatima,48,37243,504,433583,Business,Rejected,Ahmedabad
Imran,28,36165,741,649037,Self-Employed,Approved,Ahmedabad
Aman,63,51110,531,483925,Salaried,Rejected,Kolkata
Arjun,22,68625,724,267453,Self-Employed,Approved,Bangalore
Priya,58,70583,666,393040,Self-Employed,Rejected,Delhi
Karan,44,149761,572,309485,Business,Approved,Delhi
Aisha,46,111436,522,148843,Self-Employed,Rejected,Kolkata
Ananya,25,114301,619,615629,Self-Employed,Rejected,Ahmedabad
Aman,59,138902,556,54509,Salaried,Approved,Mumbai
Priya,34,45655,686,237453,Self-Employed,Approved,Ahmedabad
Kabir,37,66504,485,718961,Self-Employed,Approved,Mumbai
Rohan,54,73577,603,497185,Salaried,Approved,Bangalore
Rahul,33,148388,453,611167,Business,Approved,Kolkata
Ananya,61,84857,841,918903,Salaried,Rejected,Delhi
Zoya,51,84753,832,842375,Salaried,Rejected,Pune
Karan,29,66817,515,776971,Business,Rejected,Kolkata
Arjun,33,25143,849,681808,Salaried,Approved,Mumbai
Zoya,30,34592,474,917466,Salaried,Approved,Hyderabad
Ananya,64,63045,700,277128,Business,Approved,Mumbai
Ananya,65,111797,678,542464,Salaried,Rejected,Ahmedabad
Karan,27,74309,636,794254,Business,Approved,Ahmedabad
Karan,46,125881,683,476476,Self-Employed,Rejected,Mumbai
Riya,54,137026,570,254232,Self-Employed,Approved,Hyderabad
Riya,30,46165,594,195133,Business,Rejected,Ahmedabad
Arjun,33,127279,684,704461,Salaried,Approved,Delhi
Riya,58,34953,839,320923,Salaried,Approved,Mumbai
Sara,65,62291,694,754393,Salaried,Approved,Ahmedabad
Aman,42,89597,777,665245,Salaried,Rejected,Pune
Kabir,23,122677,809,150854,Salaried,Approved,Pune
Imran,47,26168,465,578397,Salaried,Rejected,Delhi
Imran,63,59295,689,402598,Business,Rejected,Kolkata
Arjun,35,66765,597,582257,Business,Approved,Bangalore
Arjun,59,49496,505,347468,Business,Rejected,Ahmedabad
Karan,37,75384,574,989782,Business,Rejected,Ahmedabad
Arjun,39,113968,572,901771,Salaried,Rejected,Mumbai
Kabir,52,115790,521,906987,Business,Rejected,Ahmedabad
Neha,54,43610,608,461928,Business,Approved,Chennai
Kabir,52,112793,515,354190,Salaried,Rejected,Mumbai
Karan,22,96578,650,746328,Salaried,Approved,Pune
Kabir,22,66894,494,667850,Salaried,Rejected,Chennai
Imran,52,140004,508,470106,Business,Rejected,Bangalore
Imran,36,66978,665,936063,Business,Approved,Bangalore
Priya,21,36719,479,109626,Business,Rejected,Mumbai
Zoya,25,97488,677,596351,Salaried,Rejected,Mumbai
Aditya,55,30879,538,602313,Business,Rejected,Bangalore
Aisha,25,68922,728,973565,Business,Rejected,Delhi
Fatima,60,121940,567,101767,Self-Employed,Rejected,Bangalore
Rahul,48,36602,574,857733,Self-Employed,Approved,Ahmedabad
Riya,53,128398,492,197147,Salaried,Rejected,Ahmedabad
Rahul,57,64727,849,531153,Business,Rejected,Hyderabad
Riya,43,144453,817,280988,Salaried,Approved,Pune
Fatima,64,96890,558,757100,Business,Approved,Bangalore
Sara,52,146879,553,684032,Self-Employed,Rejected,Hyderabad
Priya,56,101615,513,833282,Self-Employed,Rejected,Delhi
Sara,51,78502,825,955460,Self-Employed,Rejected,Mumbai
Ananya,46,131469,698,497889,Self-Employed,Approved,Pune
Priya,46,138997,514,740174,Business,Rejected,Bangalore
Karan,48,96401,719,747094,Business,Approved,Chennai
Fatima,61,46163,685,471022,Salaried,Approved,Delhi
Imran,48,83176,713,921159,Business,Rejected,Mumbai
Rahul,49,109355,653,139784,Self-Employed,Approved,Chennai
Sara,50,63198,747,662087,Salaried,Approved,Chennai
Fatima,29,67396,624,702724,Self-Employed,Rejected,Kolkata
Imran,41,104070,703,448649,Self-Employed,Rejected,Mumbai
Arjun,56,73412,829,608053,Salaried,Approved,Chennai
Imran,39,41357,845,512229,Salaried,Approved,Ahmedabad
Arjun,57,34171,521,668902,Self-Employed,Rejected,Ahmedabad
Zoya,55,94845,675,134178,Business,Rejected,Pune
Rahul,54,81168,470,108806,Business,Rejected,Chennai
Rohan,59,49069,584,332874,Business,Rejected,Delhi
Priya,56,134480,701,416562,Business,Rejected,Kolkata
Sara,62,27183,846,198159,Business,Approved,Bangalore
Aisha,30,69550,774,63833,Salaried,Rejected,Ahmedabad
Riya,52,61075,537,649387,Salaried,Rejected,Ahmedabad
Sara,30,48744,532,288091,Salaried,Rejected,Ahmedabad
Ananya,61,98504,458,453116,Salaried,Approved,Mumbai
Fatima,61,50633,460,192712,Self-Employed,Rejected,Delhi
Ananya,29,59021,809,894030,Business,Approved,Kolkata
Arjun,61,62785,462,781157,Self-Employed,Rejected,Kolkata
Ananya,62,124960,591,369894,Self-Employed,Rejected,Chennai
Riya,37,31514,818,448909,Business,Rejected,Kolkata
Arjun,62,64836,579,440780,Salaried,Approved,Hyderabad
Imran,38,74914,785,499983,Business,Approved,Ahmedabad
Priya,63,122981,587,581288,Salaried,Rejected,Hyderabad
Fatima,63,148178,630,736727,Business,Rejected,Ahmedabad
Rahul,52,53289,672,460661,Self-Employed,Approved,Chennai
Zoya,63,131352,685,545727,Self-Employed,Approved,Kolkata
Imran,36,45849,845,976754,Business,Rejected,Ahmedabad
Fatima,63,133674,782,314054,Self-Employed,Rejected,Bangalore
Zoya,59,115506,622,958612,Business,Approved,Mumbai
Aditya,41,129819,480,428722,Business,Rejected,Mumbai
Aditya,46,85749,534,818413,Salaried,Rejected,Mumbai
Rohan,32,145293,838,682824,Salaried,Approved,Mumbai
Riya,35,144888,828,563825,Salaried,Approved,Chennai
Kabir,63,107429,801,55019,Salaried,Approved,Mumbai
Rahul,42,98281,629,165279,Self-Employed,Rejected,Mumbai
Aman,40,70022,461,739893,Salaried,Rejected,Pune
Priya,35,140961,483,196034,Self-Employed,Rejected,Hyderabad
Sara,35,123382,701,700579,Self-Employed,Approved,Bangalore
Neha,28,43643,572,738726,Self-Employed,Approved,Mumbai
Fatima,46,71919,544,977905,Self-Employed,Approved,Hyderabad
Aisha,64,74847,543,895282,Business,Approved,Chennai
Riya,54,72641,703,284298,Business,Rejected,Bangalore
Arjun,43,63345,625,134145,Self-Employed,Rejected,Ahmedabad
Zoya,58,55428,615,148321,Salaried,Rejected,Kolkata
Aisha,43,133632,633,377852,Business,Rejected,Bangalore
Imran,47,42788,692,245535,Business,Approved,Pune
Aman,36,82968,578,453986,Salaried,Rejected,Delhi
Aditya,51,74093,666,804074,Business,Rejected,Delhi
Rohan,27,47780,835,494926,Salaried,Approved,Hyderabad
Priya,46,45943,457,667774,Business,Rejected,Mumbai
Aman,26,104102,670,302181,Salaried,Rejected,Bangalore
Aman,25,82124,831,568071,Salaried,Approved,Hyderabad
Fatima,60,132676,752,616076,Salaried,Rejected,Delhi
Imran,49,54827,796,892875,Salaried,Rejected,Delhi
Riya,38,127451,567,917995,Business,Approved,Mumbai
Priya,26,111189,599,731797,Salaried,Approved,Mumbai
Priya,46,64030,637,98442,Business,Rejected,Delhi
Rohan,27,57285,580,188951,Self-Employed,Rejected,Chennai
Aman,45,86152,544,685833,Business,Approved,Pune
Arjun,39,102394,462,834845,Self-Employed,Approved,Hyderabad
Riya,54,136521,812,262990,Business,Approved,Hyderabad
Ananya,35,144976,493,979666,Salaried,Rejected,Delhi
Kabir,51,40558,797,723727,Salaried,Approved,Chennai
Aman,64,101617,508,755845,Self-Employed,Rejected,Delhi
Kabir,25,144236,681,274006,Salaried,Rejected,Pune
Kabir,64,105528,492,829762,Salaried,Approved,Kolkata
Arjun,31,37838,753,626659,Salaried,Approved,Ahmedabad
Sara,41,83019,561,762399,Self-Employed,Rejected,Ahmedabad
Rohan,22,72052,520,642319,Business,Rejected,Kolkata
Imran,62,63275,627,941753,Business,Approved,Pune
Neha,24,58331,590,383233,Salaried,Rejected,Mumbai
Aisha,21,42161,847,727591,Self-Employed,Approved,Bangalore
Aman,34,122619,608,718940,Self-Employed,Approved,Mumbai
Aisha,53,77398,681,848210,Self-Employed,Approved,Mumbai
Rohan,38,26115,759,868802,Business,Approved,Bangalore
Fatima,64,70611,602,705814,Salaried,Approved,Delhi
Kabir,55,91189,499,96822,Salaried,Rejected,Bangalore
Aditya,49,47612,486,100822,Self-Employed,Approved,Pune
Sara,45,32878,501,621989,Self-Employed,Approved,Delhi
Neha,36,95178,786,623471,Salaried,Rejected,Chennai
Karan,23,126049,731,826189,Salaried,Rejected,Pune
Rahul,54,40932,820,867611,Business,Approved,Ahmedabad
Ananya,36,95447,739,759609,Business,Rejected,Pune
Zoya,36,121767,644,679389,Salaried,Rejected,Kolkata
Riya,62,88713,669,555563,Salaried,Approved,Mumbai
Ananya,29,35589,581,782691,Business,Rejected,Pune
Rahul,21,84867,508,504769,Salaried,Rejected,Hyderabad
Imran,62,112987,722,928654,Business,Approved,Chennai
Arjun,50,25841,720,439351,Salaried,Rejected,Pune
Fatima,60,59711,779,368696,Self-Employed,Rejected,Hyderabad
Sara,59,86946,522,696798,Self-Employed,Rejected,Chennai
Rohan,59,49387,682,498566,Self-Employed,Approved,Pune
Fatima,64,131283,509,771523,Business,Rejected,Ahmedabad
Karan,36,101631,631,470260,Salaried,Rejected,Delhi
Rohan,49,96290,562,76486,Self-Employed,Rejected,Chennai
Aisha,27,50637,728,937165,Business,Rejected,Kolkata
Arjun,31,120608,521,277976,Business,Rejected,Hyderabad
Imran,40,63944,650,978772,Self-Employed,Rejected,Delhi
Fatima,34,25111,601,763007,Salaried,Rejected,Pune
Zoya,27,114679,602,232573,Business,Approved,Pune
Fatima,53,54722,507,680157,Self-Employed,Approved,Ahmedabad
Karan,37,87809,463,932606,Self-Employed,Rejected,Ahmedabad
Priya,58,91914,697,72908,Salaried,Rejected,Ahmedabad
Priya,21,28710,592,617577,Salaried,Rejected,Kolkata
Neha,46,120543,566,773617,Salaried,Rejected,Chennai
Aisha,30,127165,811,672706,Salaried,Approved,Delhi
Aditya,45,68231,756,283889,Self-Employed,Approved,Pune
Rohan,24,74429,830,768894,Salaried,Approved,Pune
Imran,31,41814,712,214498,Self-Employed,Approved,Kolkata
Ananya,22,36469,724,169760,Self-Employed,Rejected,Ahmedabad
Ananya,42,113754,679,601362,Business,Rejected,Hyderabad
Kabir,39,101236,764,520596,Business,Approved,Mumbai
Fatima,27,89268,513,165740,Self-Employed,Rejected,Ahmedabad
Rahul,43,92735,827,149531,Business,Rejected,Pune
Priya,48,35088,702,271521,Business,Approved,Chennai
Riya,27,78468,552,919364,Salaried,Rejected,Delhi
Zoya,43,83803,541,831028,Self-Employed,Rejected,Pune
Imran,59,78807,561,561708,Business,Approved,Pune
Neha,54,136797,803,795041,Business,Approved,Mumbai
Fatima,65,31207,508,850702,Salaried,Rejected,Mumbai
Priya,52,70620,546,883979,Business,Approved,Delhi
Aman,65,50489,665,176389,Salaried,Approved,Pune
Aisha,38,100811,468,840954,Salaried,Rejected,Hyderabad
Riya,36,87419,794,221276,Business,Rejected,Chennai
Priya,54,126780,620,577981,Salaried,Rejected,Chennai
Aditya,64,103341,750,624786,Salaried,Approved,Delhi
Aman,34,104135,773,211614,Salaried,Rejected,Chennai
Arjun,27,82402,589,123127,Business,Approved,Delhi
Sara,61,121869,580,922490,Self-Employed,Rejected,Ahmedabad
Karan,32,117624,546,475528,Salaried,Rejected,Pune
Imran,35,99900,756,323804,Self-Employed,Approved,Hyderabad
Aisha,56,57989,612,295109,Salaried,Approved,Chennai
Aman,59,56766,454,988219,Self-Employed,Rejected,Ahmedabad
Rohan,60,31047,783,665664,Self-Employed,Approved,Hyderabad
Rohan,29,107527,592,814810,Salaried,Rejected,Delhi
Arjun,51,108368,847,985366,Salaried,Approved,Chennai
Ananya,47,77489,710,117498,Salaried,Approved,Bangalore
Sara,33,147461,669,524817,Salaried,Rejected,Kolkata
Neha,51,111096,565,790936,Self-Employed,Rejected,Mumbai
Aditya,40,42380,783,229988,Business,Rejected,Delhi
Aisha,27,115222,765,600723,Business,Rejected,Bangalore
Zoya,47,113304,575,243805,Business,Rejected,Bangalore
Neha,21,37339,728,154729,Business,Approved,Hyderabad
Rahul,39,124716,733,965003,Self-Employed,Rejected,Delhi
Zoya,31,115849,593,306534,Self-Employed,Rejected,Mumbai
Fatima,49,78916,629,785630,Salaried,Rejected,Pune
Zoya,63,33536,622,486761,Self-Employed,Rejected,Mumbai
Rohan,27,65491,703,418630,Salaried,Rejected,Pune
Aman,23,66932,609,921175,Business,Approved,Delhi
Arjun,26,114702,774,703880,Salaried,Approved,Delhi
Aman,63,143203,849,124028,Salaried,Approved,Bangalore
Neha,60,60018,542,835749,Business,Approved,Delhi
Fatima,36,87951,645,795668,Self-Employed,Rejected,Ahmedabad
Karan,59,47710,846,226035,Business,Approved,Chennai
Rahul,26,99538,578,147376,Salaried,Rejected,Bangalore
Kabir,60,128946,568,871498,Self-Employed,Approved,Delhi
Imran,39,25288,643,495267,Business,Rejected,Delhi
Aditya,38,78754,547,261363,Self-Employed,Rejected,Bangalore
Aditya,34,86949,639,157507,Business,Approved,Ahmedabad
Priya,23,91549,672,863743,Self-Employed,Approved,Hyderabad
Rohan,56,48146,646,700350,Salaried,Approved,Chennai
Riya,38,51765,624,911082,Salaried,Approved,Chennai
Fatima,59,60648,695,934503,Business,Approved,Mumbai
Sara,59,139507,666,347144,Self-Employed,Approved,Bangalore
Imran,51,78065,618,96977,Self-Employed,Approved,Kolkata
Rohan,21,29932,840,670670,Business,Approved,Chennai
Fatima,34,147494,590,348636,Business,Rejected,Ahmedabad
Fatima,48,83978,751,615071,Business,Approved,Hyderabad
Fatima,65,38958,684,784296,Business,Rejected,Mumbai
Arjun,58,31748,493,937388,Self-Employed,Rejected,Kolkata
Rohan,22,124446,560,887204,Business,Rejected,Hyderabad
Aman,27,69134,650,553772,Self-Employed,Approved,Ahmedabad
Sara,21,110540,623,130293,Business,Rejected,Ahmedabad
Imran,45,89408,789,356741,Self-Employed,Approved,Delhi
Aditya,44,105045,777,506064,Business,Approved,Chennai
Priya,41,124545,458,727079,Self-Employed,Rejected,Ahmedabad
Fatima,52,69978,609,97774,Salaried,Rejected,Hyderabad
Rohan,25,86817,809,613147,Business,Rejected,Delhi
Priya,28,64408,467,935506,Salaried,Approved,Chennai
Zoya,55,67431,811,564328,Self-Employed,Rejected,Delhi
Zoya,53,128492,486,709748,Self-Employed,Rejected,Bangalore
Imran,57,57046,838,835021,Self-Employed,Approved,Mumbai
Arjun,41,92128,629,281457,Salaried,Approved,Pune
Imran,30,82576,731,656187,Self-Employed,Approved,Chennai
Ananya,21,124495,600,723920,Business,Approved,Chennai
Karan,50,70911,718,444314,Self-Employed,Rejected,Mumbai
Zoya,41,79388,525,104112,Salaried,Approved,Ahmedabad
Karan,64,61865,558,709415,Business,Rejected,Hyderabad
Riya,36,55491,503,613312,Salaried,Approved,Delhi
Priya,49,114080,665,143089,Self-Employed,Approved,Mumbai
Fatima,28,141117,678,366096,Self-Employed,Approved,Chennai
Karan,32,113500,661,983434,Salaried,Approved,Ahmedabad
Aditya,49,95540,610,780459,Salaried,Rejected,Kolkata
Zoya,52,126368,641,693066,Self-Employed,Rejected,Hyderabad
Rohan,53,118436,621,195057,Business,Rejected,Chennai
Rohan,50,128181,579,970835,Salaried,Rejected,Bangalore
Rahul,47,98082,693,345061,Salaried,Rejected,Hyderabad
Riya,51,80214,689,421920,Salaried,Rejected,Hyderabad
Imran,33,64065,495,129724,Self-Employed,Rejected,Kolkata
Aditya,24,106525,751,111015,Salaried,Approved,Mumbai
Kabir,23,129373,659,440700,Self-Employed,Rejected,Chennai
Aman,36,122630,598,807440,Self-Employed,Approved,Chennai
Imran,62,111143,666,433209,Salaried,Rejected,Chennai
Aisha,64,42056,660,500717,Salaried,Rejected,Mumbai
Priya,37,86133,464,947022,Business,Approved,Pune
Karan,40,101665,835,748010,Self-Employed,Approved,Ahmedabad
Rohan,41,35531,494,624219,Salaried,Rejected,Chennai
Fatima,38,77663,668,130216,Self-Employed,Approved,Hyderabad
Rahul,26,91941,779,851232,Business,Approved,Ahmedabad
Karan,38,119443,686,818687,Business,Approved,Ahmedabad
Kabir,56,141056,525,792569,Business,Rejected,Mumbai
Arjun,44,77968,625,679563,Business,Approved,Chennai
Neha,38,119152,534,785454,Salaried,Approved,Bangalore
Aman,57,117323,545,570491,Self-Employed,Rejected,Hyderabad
Kabir,38,134861,696,763460,Salaried,Approved,Ahmedabad
Karan,25,58210,478,421776,Salaried,Rejected,Bangalore
Imran,45,29224,607,558091,Self-Employed,Rejected,Kolkata
Rohan,56,102434,496,315636,Self-Employed,Approved,Chennai
Aditya,40,138343,604,917815,Salaried,Approved,Mumbai
Priya,39,38515,458,990773,Business,Rejected,Delhi
Fatima,53,88026,780,286621,Self-Employed,Approved,Pune
Imran,47,65644,704,552337,Self-Employed,Approved,Pune
Riya,44,35007,708,757071,Salaried,Approved,Mumbai
Riya,33,60066,664,859968,Self-Employed,Approved,Pune
Aisha,61,46992,805,174704,Self-Employed,Approved,Chennai
Karan,57,93487,605,790170,Business,Rejected,Pune
Neha,42,72317,715,930282,Salaried,Approved,Ahmedabad
Arjun,34,95521,555,945289,Salaried,Approved,Bangalore
Arjun,56,141854,816,852610,Salaried,Rejected,Mumbai
Neha,37,138527,647,248263,Self-Employed,Rejected,Delhi
Priya,40,144895,530,157789,Business,Rejected,Chennai
Aman,24,135155,750,821233,Salaried,Approved,Delhi
Karan,30,86889,548,359531,Salaried,Approved,Pune
Aisha,26,50774,577,137920,Self-Employed,Approved,Chennai
Zoya,25,67038,564,90885,Salaried,Rejected,Mumbai
Fatima,21,83953,675,608706,Salaried,Rejected,Pune
Fatima,44,105466,731,367801,Business,Approved,Chennai
Zoya,48,56113,833,889091,Self-Employed,Rejected,Chennai
Aditya,28,127640,735,828025,Salaried,Approved,Pune
Sara,42,45014,478,487231,Self-Employed,Rejected,Pune
Karan,22,79965,503,778523,Business,Rejected,Ahmedabad
Aditya,65,105721,497,68108,Salaried,Approved,Delhi
Kabir,29,129865,828,179496,Self-Employed,Approved,Delhi
Karan,30,115048,492,713559,Self-Employed,Rejected,Chennai
Rahul,31,110247,850,449537,Business,Rejected,Ahmedabad
Rahul,54,50369,773,334153,Self-Employed,Rejected,Pune
Kabir,43,99541,567,195911,Business,Rejected,Chennai
Rahul,56,107221,683,101544,Business,Approved,Bangalore
Kabir,23,109592,788,535807,Self-Employed,Approved,Chennai
Riya,37,130521,547,633533,Self-Employed,Approved,Pune
Rahul,26,63697,621,245314,Business,Approved,Mumbai
Aisha,30,144737,773,591074,Self-Employed,Rejected,Mumbai
Riya,39,97406,464,231930,Salaried,Approved,Hyderabad
Aman,40,141183,694,326289,Self-Employed,Rejected,Ahmedabad
Aman,23,119111,746,74425,Self-Employed,Rejected,Pune
Karan,48,76398,802,322194,Salaried,Approved,Mumbai
Ananya,42,107182,631,502371,Salaried,Rejected,Bangalore
Priya,54,91670,711,514306,Business,Approved,Ahmedabad
Kabir,25,52001,649,741013,Salaried,Rejected,Ahmedabad
Rahul,58,28018,495,152432,Business,Rejected,Bangalore
Arjun,38,88175,751,340554,Business,Rejected,Kolkata
Sara,57,105661,457,274729,Business,Approved,Mumbai
Zoya,37,137307,716,665370,Self-Employed,Rejected,Bangalore
Aisha,40,34623,751,795849,Salaried,Approved,Hyderabad
Arjun,44,55586,607,511897,Salaried,Rejected,Bangalore
Kabir,47,87158,560,720674,Salaried,Rejected,Chennai
Karan,63,120702,651,567392,Salaried,Rejected,Hyderabad
Kabir,61,94300,833,857637,Self-Employed,Approved,Chennai
Neha,58,141774,535,435414,Business,Rejected,Delhi
Sara,54,143781,534,801728,Business,Rejected,Mumbai
Aman,54,53617,528,307393,Self-Employed,Approved,Bangalore
Fatima,48,95146,822,362502,Business,Approved,Ahmedabad
Priya,61,89908,707,69369,Business,Approved,Ahmedabad
Ananya,51,60232,825,344362,Business,Rejected,Chennai
Ananya,42,44209,490,292274,Self-Employed,Approved,Bangalore
Neha,41,142600,626,766889,Business,Rejected,Chennai
Arjun,53,116753,768,562276,Self-Employed,Rejected,Kolkata
Neha,64,33437,811,717013,Self-Employed,Rejected,Ahmedabad
Ananya,48,83164,615,847560,Salaried,Rejected,Pune
Aman,48,58708,621,284901,Self-Employed,Approved,Ahmedabad
Sara,25,125598,633,866473,Business,Approved,Ahmedabad
Rahul,60,77861,675,605103,Business,Approved,Ahmedabad
Sara,24,99150,555,418010,Business,Approved,Delhi
Aman,46,127797,548,927787,Salaried,Rejected,Pune
Kabir,57,87311,783,720356,Salaried,Rejected,Delhi
Neha,29,93724,593,846209,Business,Approved,Bangalore
Aisha,51,75013,660,630174,Salaried,Approved,Hyderabad
Imran,26,130442,774,966712,Business,Approved,Mumbai
Aman,33,144274,603,630437,Salaried,Rejected,Pune
Ananya,35,82492,832,303766,Self-Employed,Approved,Ahmedabad
Rahul,27,146706,627,392146,Self-Employed,Approved,Hyderabad
Fatima,43,57118,749,211733,Self-Employed,Rejected,Mumbai
Aisha,52,137170,586,834060,Self-Employed,Rejected,Delhi
Arjun,61,68615,833,266227,Self-Employed,Approved,Hyderabad
Kabir,27,103551,803,210596,Business,Approved,Chennai
Riya,53,72766,827,94641,Salaried,Rejected,Pune
Rahul,41,119719,782,929158,Business,Approved,Bangalore
Neha,64,90159,682,406708,Self-Employed,Approved,Delhi
Aditya,45,48906,663,322442,Salaried,Approved,Chennai
Aman,39,123092,652,52650,Self-Employed,Rejected,Mumbai
Arjun,26,112333,850,987123,Business,Approved,Pune
Aditya,50,88343,641,438314,Salaried,Rejected,Delhi
Sara,40,37579,607,683355,Salaried,Approved,Chennai
Priya,48,145278,591,700025,Business,Rejected,Delhi
Rohan,54,127317,779,402682,Business,Approved,Kolkata
Riya,48,70941,644,868027,Self-Employed,Rejected,Mumbai
Zoya,41,64713,821,692522,Self-Employed,Approved,Bangalore
Fatima,35,125379,671,613130,Self-Employed,Approved,Kolkata
Aisha,57,47901,522,811186,Salaried,Rejected,Hyderabad
Riya,52,78073,805,302697,Self-Employed,Approved,Pune
Aman,58,85792,688,181060,Salaried,Approved,Mumbai
Aditya,62,58064,686,526949,Salaried,Rejected,Hyderabad
Ananya,36,111928,486,908413,Business,Rejected,Hyderabad
Sara,29,47668,630,433026,Self-Employed,Approved,Chennai
Karan,35,69906,588,729642,Business,Approved,Kolkata
Aman,55,68096,782,442264,Self-Employed,Approved,Bangalore
Rahul,30,56167,524,612463,Self-Employed,Rejected,Chennai
Zoya,64,123287,748,873925,Self-Employed,Rejected,Kolkata
Kabir,52,72464,706,152467,Business,Approved,Ahmedabad
Fatima,54,126372,584,708578,Business,Rejected,Pune
Zoya,31,56239,559,827690,Business,Rejected,Hyderabad
Sara,22,85950,502,313845,Self-Employed,Rejected,Kolkata
Priya,37,120621,702,751959,Business,Rejected,Kolkata
Aisha,39,41316,734,416267,Business,Rejected,Chennai
Karan,54,118437,560,573568,Self-Employed,Rejected,Chennai
Arjun,23,41077,686,76632,Salaried,Approved,Ahmedabad
Rohan,50,70604,765,760729,Salaried,Rejected,Mumbai
Ananya,23,148223,646,532357,Business,Rejected,Hyderabad
Sara,55,81685,808,676400,Salaried,Approved,Chennai
Priya,46,143471,810,213678,Salaried,Approved,Chennai
Priya,63,97047,844,879907,Business,Approved,Ahmedabad
Riya,43,50944,669,560454,Salaried,Rejected,Chennai
Kabir,54,102902,658,97684,Self-Employed,Approved,Mumbai
Riya,55,95560,559,333210,Salaried,Approved,Bangalore
Aisha,27,123734,549,691824,Salaried,Approved,Pune
Priya,59,86354,608,222982,Self-Employed,Rejected,Hyderabad
Fatima,48,78108,794,285946,Self-Employed,Rejected,Kolkata
Rahul,49,125745,482,778240,Self-Employed,Approved,Mumbai
Fatima,63,31756,683,756262,Business,Rejected,Bangalore
Aman,44,98494,528,458768,Salaried,Rejected,Delhi
Aditya,32,149332,792,485243,Salaried,Rejected,Kolkata
Sara,25,43545,709,955952,Business,Approved,Ahmedabad
Neha,26,131200,514,754872,Salaried,Rejected,Bangalore
Karan,25,59583,770,739622,Salaried,Rejected,Chennai
Zoya,26,146015,505,664026,Self-Employed,Rejected,Delhi
Aditya,46,124381,838,383943,Self-Employed,Approved,Hyderabad
Aman,45,144893,640,784072,Salaried,Approved,Delhi
Aman,38,62540,489,164688,Business,Rejected,Pune
Kabir,26,53027,645,522011,Salaried,Rejected,Mumbai
Imran,24,52010,732,915630,Business,Rejected,Pune
Aditya,49,134772,819,499670,Business,Rejected,Hyderabad
Arjun,52,148089,491,322808,Self-Employed,Approved,Delhi
Aisha,37,111753,717,305674,Salaried,Approved,Bangalore
Rahul,27,39587,544,514430,Salaried,Rejected,Bangalore
Ananya,33,25212,710,555081,Self-Employed,Approved,Hyderabad
Priya,23,120985,743,61080,Self-Employed,Approved,Kolkata
Fatima,50,74442,523,826431,Business,Approved,Chennai
Sara,62,88278,802,929060,Salaried,Approved,Ahmedabad
Zoya,52,44304,471,345634,Business,Rejected,Ahmedabad
Neha,27,90667,649,903459,Business,Approved,Bangalore
Fatima,45,135749,602,736126,Self-Employed,Approved,Ahmedabad
Aman,50,64126,505,667424,Business,Rejected,Pune
Aditya,64,123662,568,688819,Business,Rejected,Mumbai
Priya,57,29350,739,804259,Business,Rejected,Kolkata
Rohan,40,42129,622,903908,Business,Rejected,Pune
Sara,64,31957,513,629140,Salaried,Rejected,Chennai
Rahul,33,77049,728,199109,Business,Approved,Ahmedabad
Priya,50,61342,539,173591,Self-Employed,Approved,Bangalore
Karan,61,143138,653,814019,Salaried,Rejected,Chennai
Rohan,21,43428,539,168574,Self-Employed,Rejected,Mumbai
Priya,44,128896,591,589386,Salaried,Rejected,Delhi
Arjun,33,126279,638,621721,Salaried,Approved,Hyderabad
Ananya,21,78510,635,520427,Salaried,Rejected,Chennai
Riya,40,69311,579,445713,Business,Rejected,Bangalore
Arjun,28,28407,533,820079,Salaried,Approved,Hyderabad
Riya,30,144391,728,306422,Salaried,Rejected,Pune
Rahul,53,149716,775,661221,Business,Approved,Kolkata
Ananya,35,69416,838,954211,Business,Approved,Kolkata
Fatima,26,137331,698,783226,Salaried,Approved,Bangalore
Aditya,53,84231,479,986642,Business,Approved,Hyderabad
Priya,65,75067,452,395987,Salaried,Rejected,Ahmedabad
Karan,61,107732,734,669285,Self-Employed,Approved,Bangalore
Karan,56,58930,509,842780,Business,Rejected,Kolkata
Priya,50,85920,791,506742,Salaried,Approved,Mumbai
Priya,40,67545,785,933731,Business,Rejected,Kolkata
Neha,26,108761,840,545367,Salaried,Approved,Mumbai
Ananya,37,101040,665,834771,Business,Approved,Kolkata
Aisha,37,138807,624,171960,Salaried,Rejected,Hyderabad
Arjun,58,64776,808,965664,Self-Employed,Rejected,Bangalore
Aisha,43,75727,460,948048,Self-Employed,Approved,Hyderabad
Zoya,50,102902,849,939936,Business,Rejected,Chennai
Ananya,51,79205,510,160295,Salaried,Rejected,Mumbai
Rohan,46,65196,680,429644,Self-Employed,Approved,Chennai
Imran,30,92074,739,878635,Self-Employed,Approved,Delhi
Rahul,39,91441,622,331399,Business,Rejected,Mumbai
Rahul,59,91515,582,768569,Self-Employed,Rejected,Chennai
Fatima,48,74670,820,668799,Business,Rejected,Delhi
Rohan,25,53637,715,188639,Self-Employed,Approved,Kolkata
Imran,49,141702,683,510359,Business,Approved,Chennai
Neha,57,99055,658,201325,Self-Employed,Rejected,Bangalore
Priya,49,34143,793,873472,Salaried,Rejected,Mumbai
Aisha,43,41148,516,630804,Business,Approved,Ahmedabad
Imran,47,95731,784,226082,Self-Employed,Approved,Bangalore
Priya,64,148422,847,303604,Salaried,Approved,Delhi
Karan,37,61690,644,73653,Self-Employed,Rejected,Mumbai
Riya,57,58893,812,287571,Business,Approved,Mumbai
Kabir,62,42106,547,407589,Self-Employed,Approved,Ahmedabad
Aisha,59,65045,496,193172,Business,Approved,Chennai
Aman,23,127953,645,953333,Self-Employed,Rejected,Hyderabad
Rahul,39,94692,695,867755,Self-Employed,Approved,Bangalore
Rahul,37,46852,635,417067,Self-Employed,Rejected,Delhi
Rahul,41,57450,677,480122,Self-Employed,Approved,Delhi
Rahul,51,98024,667,627396,Business,Rejected,Kolkata
Priya,64,48648,471,289793,Business,Approved,Delhi
Fatima,25,145199,696,85843,Salaried,Rejected,Chennai
Ananya,34,149704,753,863365,Business,Approved,Delhi
Arjun,57,93745,847,557548,Salaried,Approved,Kolkata
Neha,37,130046,530,894696,Self-Employed,Rejected,Chennai
Sara,57,132142,507,546909,Business,Rejected,Ahmedabad
Rahul,48,26093,570,254155,Salaried,Rejected,Mumbai
Arjun,41,35299,809,93334,Salaried,Approved,Kolkata
Rahul,30,148076,460,204287,Business,Rejected,Delhi
Arjun,26,119785,700,428381,Self-Employed,Rejected,Chennai
Arjun,46,61100,721,572494,Business,Rejected,Delhi
Aman,24,138828,587,475502,Self-Employed,Rejected,Delhi
Rohan,62,121956,459,867804,Salaried,Approved,Chennai
Karan,37,61146,537,915323,Salaried,Rejected,Bangalore
Imran,24,88082,723,854260,Self-Employed,Rejected,Hyderabad
Priya,33,26755,743,440555,Business,Approved,Kolkata
Arjun,65,97796,560,467224,Business,Rejected,Mumbai
Ananya,37,68984,678,673293,Salaried,Approved,Bangalore
Sara,25,60113,829,745897,Business,Approved,Chennai
Sara,60,108134,685,57305,Salaried,Approved,Chennai
Kabir,57,81660,704,688901,Self-Employed,Approved,Delhi
Kabir,43,34648,742,187044,Salaried,Rejected,Pune
Kabir,56,119872,819,419970,Salaried,Approved,Bangalore
Aman,57,83977,451,921723,Self-Employed,Rejected,Bangalore
Sara,53,46171,753,158150,Self-Employed,Rejected,Chennai
Neha,25,81276,558,891033,Business,Approved,Kolkata
Sara,22,143494,688,400483,Self-Employed,Rejected,Hyderabad
Fatima,40,144896,543,363552,Business,Rejected,Kolkata
Priya,31,75525,516,412625,Business,Rejected,Pune
Priya,65,34186,541,364970,Business,Rejected,Kolkata
Aditya,62,81917,812,877749,Self-Employed,Approved,Kolkata
Rohan,40,50070,775,370567,Salaried,Rejected,Chennai
Aman,54,89934,534,682921,Self-Employed,Rejected,Chennai
Aisha,46,123655,814,942767,Self-Employed,Rejected,Bangalore
Rahul,31,105397,742,99152,Salaried,Rejected,Hyderabad
Rahul,62,63905,514,357244,Self-Employed,Rejected,Ahmedabad
Riya,24,99399,596,59944,Business,Rejected,Pune
Karan,51,54891,694,485368,Salaried,Rejected,Hyderabad
Kabir,45,116032,848,777577,Salaried,Approved,Delhi
Arjun,23,53943,661,869871,Business,Approved,Bangalore
Priya,38,145973,772,111496,Salaried,Approved,Chennai
Karan,27,148761,813,169169,Self-Employed,Rejected,Delhi
Rahul,40,144464,483,321187,Self-Employed,Rejected,Chennai
Priya,21,108117,483,597045,Self-Employed,Rejected,Delhi
Zoya,34,68248,762,603111,Business,Approved,Hyderabad
Aman,31,45698,744,614872,Business,Rejected,Bangalore
Arjun,60,79690,800,485618,Business,Rejected,Kolkata
Neha,43,57662,754,70844,Salaried,Approved,Delhi
Aisha,40,85944,823,867231,Salaried,Approved,Ahmedabad
Aisha,33,43776,759,640104,Salaried,Rejected,Mumbai
Rohan,48,64402,682,476329,Salaried,Approved,Hyderabad
Aisha,53,89079,577,932937,Business,Approved,Chennai
Kabir,39,48073,778,310659,Salaried,Approved,Ahmedabad
Priya,24,121299,671,514387,Self-Employed,Rejected,Hyderabad
Aditya,60,50749,606,292428,Business,Rejected,Ahmedabad
Riya,41,136892,558,825255,Business,Rejected,Delhi
Imran,32,92290,690,635038,Business,Approved,Bangalore
Ananya,36,133427,711,153397,Salaried,Approved,Bangalore
Priya,35,61337,624,310625,Business,Approved,Bangalore
Ananya,48,65661,501,936187,Salaried,Rejected,Delhi
Rohan,37,27836,774,647747,Business,Approved,Chennai
Arjun,31,32204,573,291331,Self-Employed,Approved,Mumbai
Rahul,46,31317,514,310611,Salaried,Approved,Chennai
Ananya,52,117890,495,433398,Self-Employed,Rejected,Chennai
Kabir,24,130378,750,329731,Business,Approved,Mumbai
Arjun,62,132193,801,757897,Self-Employed,Approved,Chennai
Kabir,26,102821,767,213860,Self-Employed,Rejected,Chennai
Arjun,41,55483,711,889683,Salaried,Rejected,Kolkata
Riya,58,36944,577,912239,Business,Rejected,Chennai
Arjun,35,120581,802,375121,Business,Rejected,Hyderabad
Aman,60,118447,690,165422,Self-Employed,Rejected,Kolkata
Neha,43,90034,512,987570,Self-Employed,Rejected,Ahmedabad
Fatima,53,107811,782,187846,Self-Employed,Approved,Ahmedabad
Fatima,28,122646,660,190643,Salaried,Rejected,Chennai
Arjun,36,66411,517,59707,Salaried,Rejected,Kolkata
Karan,41,30444,598,211315,Salaried,Rejected,Chennai
Rohan,53,130994,633,750076,Business,Rejected,Ahmedabad
Aisha,25,65117,547,769153,Salaried,Approved,Ahmedabad
Fatima,58,29973,505,96275,Salaried,Rejected,Hyderabad
Sara,27,136356,475,818270,Salaried,Rejected,Delhi
Karan,55,102843,556,90123,Self-Employed,Rejected,Ahmedabad
Riya,36,97726,717,169413,Self-Employed,Rejected,Kolkata
Aisha,26,94132,800,420379,Self-Employed,Rejected,Mumbai
Neha,63,102491,645,400299,Self-Employed,Approved,Delhi
Rahul,54,29492,456,552443,Salaried,Approved,Kolkata
Imran,61,97610,507,755932,Business,Rejected,Hyderabad
Priya,50,52627,630,490375,Self-Employed,Rejected,Mumbai
Riya,22,94922,563,102131,Self-Employed,Rejected,Kolkata
Arjun,27,109088,580,413519,Self-Employed,Rejected,Bangalore
Karan,37,75794,696,326232,Business,Rejected,Mumbai
Aman,54,92515,820,488154,Self-Employed,Approved,Chennai
Aisha,52,142075,501,138081,Self-Employed,Rejected,Hyderabad
Zoya,43,112665,761,884252,Self-Employed,Approved,Ahmedabad
Rohan,36,146389,834,143747,Business,Rejected,Mumbai
Riya,34,102145,525,67047,Business,Approved,Mumbai
Ananya,48,68421,838,879431,Salaried,Rejected,Bangalore
Ananya,51,129150,573,69323,Business,Approved,Bangalore
Sara,65,98034,696,163524,Business,Rejected,Delhi
Sara,44,62115,730,553826,Business,Approved,Delhi
Zoya,30,59422,790,110373,Salaried,Rejected,Chennai
Aisha,42,67106,462,740156,Salaried,Rejected,Chennai
Ananya,53,122566,818,88249,Business,Approved,Bangalore
Karan,46,107719,684,298409,Business,Approved,Kolkata
Priya,27,76344,559,63830,Salaried,Approved,Hyderabad
Aman,63,32790,464,81361,Business,Rejected,Pune
Aditya,31,105620,607,698503,Salaried,Rejected,Mumbai
Aditya,27,82367,740,643906,Business,Approved,Ahmedabad
Riya,47,123906,648,210016,Business,Rejected,Kolkata
Kabir,27,93402,760,887232,Self-Employed,Approved,Delhi
Kabir,49,126972,617,712528,Self-Employed,Approved,Mumbai
Rohan,36,29896,516,285357,Self-Employed,Rejected,Mumbai
Aisha,49,136819,502,243412,Self-Employed,Rejected,Pune
Rahul,37,38407,714,942171,Business,Rejected,Delhi
Sara,42,34102,661,472101,Self-Employed,Rejected,Mumbai
Ananya,32,53509,746,183263,Self-Employed,Rejected,Hyderabad
Fatima,61,105505,467,662057,Business,Rejected,Ahmedabad
Zoya,26,67779,521,546642,Self-Employed,Rejected,Chennai
Aditya,40,64705,529,65532,Salaried,Rejected,Delhi
Arjun,65,97787,526,313257,Business,Approved,Ahmedabad
Aisha,36,138810,686,296106,Self-Employed,Approved,Pune
Karan,35,148603,487,928285,Salaried,Rejected,Mumbai
Priya,64,74892,773,665682,Salaried,Rejected,Hyderabad
Rohan,63,100202,659,56712,Self-Employed,Approved,Pune
Kabir,26,139472,706,645445,Business,Rejected,Pune
Ananya,41,136017,643,739729,Business,Rejected,Delhi
Aisha,47,98426,732,751581,Salaried,Approved,Hyderabad
Sara,35,59319,490,344548,Salaried,Rejected,Bangalore
Aman,28,148714,737,714260,Salaried,Approved,Hyderabad
Rohan,26,116410,810,292699,Salaried,Approved,Chennai
Riya,58,112623,451,374762,Self-Employed,Approved,Kolkata
Karan,47,25178,743,831021,Self-Employed,Rejected,Mumbai
Arjun,50,38118,601,742670,Business,Rejected,Kolkata
Ananya,22,50943,503,325435,Self-Employed,Rejected,Ahmedabad
Ananya,29,149042,841,209872,Self-Employed,Approved,Chennai
Imran,59,60231,477,527095,Business,Approved,Hyderabad
Priya,49,59802,582,698268,Business,Approved,Kolkata
Zoya,36,104751,504,792411,Salaried,Rejected,Ahmedabad
Karan,26,49356,772,474170,Self-Employed,Approved,Pune
Arjun,22,54379,535,497351,Self-Employed,Approved,Chennai
Karan,65,109659,734,97682,Self-Employed,Rejected,Kolkata
Karan,36,36480,800,927150,Salaried,Approved,Pune
Karan,62,68553,601,476774,Salaried,Approved,Delhi
Karan,23,75921,597,72353,Salaried,Rejected,Hyderabad
Aditya,50,103570,603,969406,Business,Rejected,Ahmedabad
Priya,53,58072,714,122704,Self-Employed,Rejected,Mumbai
Rahul,46,130922,504,76584,Salaried,Rejected,Kolkata
Zoya,25,83263,698,852390,Salaried,Approved,Kolkata
Sara,59,50856,553,905505,Salaried,Rejected,Kolkata
Aisha,25,82979,504,651604,Business,Rejected,Ahmedabad
Arjun,38,105751,462,228489,Salaried,Rejected,Hyderabad
Priya,43,68802,753,493415,Self-Employed,Approved,Hyderabad
Aman,63,111766,715,367758,Business,Rejected,Ahmedabad
Rahul,44,148223,532,289926,Business,Rejected,Pune
Aisha,34,120275,569,427689,Salaried,Rejected,Mumbai
Karan,40,105896,805,885680,Business,Approved,Delhi
Ananya,43,53107,818,454663,Business,Rejected,Pune
Zoya,62,133982,683,296790,Salaried,Approved,Kolkata
Kabir,48,116025,529,336309,Business,Rejected,Kolkata
Karan,33,128911,832,901220,Business,Rejected,Chennai
Karan,42,111671,574,926183,Business,Rejected,Delhi
Priya,56,84406,789,146981,Self-Employed,Rejected,Pune
Karan,38,100563,552,879456,Salaried,Rejected,Kolkata
Sara,49,147844,467,501329,Salaried,Rejected,Chennai
Sara,51,139388,567,914819,Self-Employed,Rejected,Kolkata
Imran,28,75932,519,405468,Salaried,Rejected,Ahmedabad
Rohan,44,123319,584,462242,Self-Employed,Approved,Ahmedabad
Rahul,21,38320,601,744809,Business,Approved,Chennai
Sara,35,103551,817,298865,Self-Employed,Approved,Delhi
Kabir,55,76789,653,833667,Business,Approved,Delhi
Neha,59,134281,782,107420,Self-Employed,Approved,Mumbai
Sara,45,32024,453,100237,Business,Rejected,Pune
Fatima,63,126019,833,108073,Salaried,Approved,Chennai
Arjun,25,135898,749,532002,Salaried,Rejected,Hyderabad
Kabir,29,149198,494,946968,Salaried,Approved,Mumbai
Aisha,62,125110,548,606642,Self-Employed,Rejected,Ahmedabad
Imran,64,114993,812,909746,Business,Approved,Ahmedabad
Sara,64,147181,561,127150,Salaried,Rejected,Hyderabad
Riya,52,113639,688,708607,Salaried,Rejected,Ahmedabad
Arjun,41,119979,664,123617,Business,Approved,Delhi
Arjun,54,96689,519,971474,Salaried,Rejected,Mumbai
Arjun,54,120320,653,911874,Self-Employed,Rejected,Pune
Fatima,61,107535,771,802651,Salaried,Approved,Mumbai
Fatima,37,125214,509,773808,Business,Rejected,Ahmedabad
Rohan,53,49808,612,706068,Business,Rejected,Pune
Arjun,48,60902,457,927239,Salaried,Rejected,Delhi
Kabir,57,121229,566,740580,Salaried,Approved,Chennai
Priya,61,130518,655,894149,Self-Employed,Approved,Pune
Neha,50,101437,583,684402,Business,Rejected,Chennai
Aditya,32,66028,544,694770,Self-Employed,Approved,Hyderabad
Sara,36,130045,832,710386,Self-Employed,Approved,Ahmedabad
Rahul,25,65515,850,283374,Salaried,Approved,Mumbai
Aman,59,117737,716,75712,Self-Employed,Approved,Kolkata
Karan,41,117075,628,672678,Business,Rejected,Mumbai
Aisha,65,141493,535,867887,Self-Employed,Rejected,Kolkata
Aditya,31,145886,632,655161,Salaried,Approved,Delhi
Karan,45,55851,689,226474,Salaried,Approved,Ahmedabad
Zoya,46,120007,461,276874,Salaried,Rejected,Bangalore
Ananya,25,95148,453,233720,Business,Rejected,Chennai
Riya,50,125868,566,806530,Self-Employed,Rejected,Bangalore
Kabir,52,136767,746,381189,Self-Employed,Approved,Pune
Ananya,37,119347,681,332520,Business,Approved,Pune
Fatima,64,53386,650,528202,Salaried,Rejected,Bangalore
Neha,30,71549,651,734653,Self-Employed,Approved,Ahmedabad
Rahul,44,149266,734,355831,Business,Approved,Delhi
Kabir,21,96177,471,429053,Self-Employed,Approved,Bangalore
Priya,57,46774,771,315023,Business,Approved,Delhi
Rohan,31,129775,506,91225,Self-Employed,Approved,Bangalore
Rahul,35,118882,668,420296,Self-Employed,Approved,Chennai
Zoya,51,42528,453,117164,Business,Rejected,Kolkata
Neha,29,96404,690,315692,Business,Approved,Pune
Neha,52,105356,807,500763,Salaried,Approved,Ahmedabad
Rahul,60,120861,824,393133,Self-Employed,Approved,Chennai
Aditya,22,72635,491,83933,Business,Rejected,Pune
Rahul,29,41884,669,969720,Salaried,Rejected,Bangalore
Aisha,34,79832,455,523743,Salaried,Rejected,Delhi
Imran,30,122756,784,604641,Salaried,Rejected,Mumbai
Rohan,63,60614,799,199260,Business,Approved,Hyderabad
Kabir,42,130759,554,652213,Salaried,Rejected,Ahmedabad
Fatima,56,28949,760,167290,Self-Employed,Approved,Ahmedabad
Zoya,48,105244,647,926765,Business,Rejected,Kolkata
Aditya,21,57601,555,949812,Salaried,Rejected,Hyderabad
Rohan,25,148583,459,458456,Salaried,Rejected,Ahmedabad
Aman,21,29014,801,623146,Self-Employed,Rejected,Hyderabad
Zoya,56,28600,501,395188,Business,Rejected,Pune
Kabir,30,101035,661,920460,Business,Rejected,Delhi
Fatima,39,37568,510,426087,Salaried,Rejected,Chennai
Neha,60,100123,811,485895,Salaried,Approved,Bangalore
Aisha,42,73821,531,782043,Salaried,Approved,Delhi
Priya,41,90957,730,252486,Self-Employed,Rejected,Kolkata
Karan,43,145747,588,826124,Salaried,Rejected,Hyderabad
Aisha,32,148000,624,832397,Business,Rejected,Bangalore
Fatima,27,36395,509,395623,Salaried,Rejected,Chennai
Priya,32,85687,678,788327,Business,Approved,Delhi
Rahul,26,83345,591,607343,Business,Rejected,Mumbai
Ananya,37,144075,633,891316,Business,Rejected,Mumbai
Kabir,28,134677,728,502739,Salaried,Rejected,Hyderabad
Zoya,32,104842,562,435850,Business,Rejected,Chennai
Riya,63,120792,636,675221,Salaried,Approved,Mumbai
Arjun,57,78315,676,386776,Self-Employed,Rejected,Kolkata
Zoya,27,114210,546,873399,Self-Employed,Approved,Bangalore
Sara,42,86307,660,199732,Self-Employed,Approved,Hyderabad
Rohan,26,75994,450,626184,Business,Rejected,Chennai
Imran,23,129594,837,164325,Self-Employed,Approved,Delhi
Imran,33,74665,813,597029,Business,Approved,Ahmedabad
Priya,38,85097,671,763827,Business,Approved,Pune
Priya,21,115027,703,344401,Self-Employed,Rejected,Pune
Aman,57,104206,836,720093,Self-Employed,Approved,Delhi
Ananya,65,76635,474,871187,Salaried,Rejected,Bangalore
Karan,55,140596,715,759493,Self-Employed,Approved,Delhi
Rohan,53,110453,503,622625,Self-Employed,Rejected,Bangalore
Ananya,46,116314,574,103634,Business,Rejected,Mumbai
Aman,36,90069,750,348390,Business,Rejected,Hyderabad
Aisha,50,114652,778,741480,Self-Employed,Approved,Hyderabad
Aman,49,77820,747,999618,Salaried,Approved,Ahmedabad
Sara,39,110746,568,362180,Self-Employed,Rejected,Chennai
Imran,65,76249,465,889209,Business,Rejected,Hyderabad
Fatima,60,92597,618,707116,Business,Rejected,Mumbai
Ananya,44,91359,610,522320,Business,Rejected,Bangalore
Zoya,42,79609,790,886101,Business,Approved,Pune
Rohan,34,65184,796,90834,Self-Employed,Approved,Bangalore
Karan,62,112808,500,895540,Business,Rejected,Kolkata
Rahul,27,140364,801,717755,Salaried,Rejected,Chennai
Imran,52,91566,723,278497,Self-Employed,Approved,Delhi
Aman,53,67145,594,64317,Salaried,Rejected,Bangalore
Kabir,29,97656,620,765252,Salaried,Approved,Delhi
Aman,64,130009,651,380365,Salaried,Approved,Delhi
Kabir,65,112945,813,397093,Salaried,Approved,Hyderabad
Priya,37,102887,803,106235,Salaried,Rejected,Delhi
Aman,38,88186,699,128471,Self-Employed,Rejected,Ahmedabad
Rohan,23,101698,574,794867,Self-Employed,Rejected,Chennai
Aditya,23,144701,526,88532,Salaried,Approved,Ahmedabad
Ananya,25,50501,664,374186,Self-Employed,Rejected,Chennai
Arjun,46,39569,842,217895,Salaried,Rejected,Bangalore
Aman,61,44329,694,759886,Business,Rejected,Mumbai
Kabir,22,82357,826,474905,Salaried,Approved,Delhi
Zoya,55,110079,571,738091,Business,Rejected,Mumbai
Aditya,39,79951,735,778733,Self-Employed,Rejected,Bangalore
Fatima,44,73459,615,900687,Self-Employed,Approved,Chennai
Zoya,34,117496,620,499528,Salaried,Rejected,Kolkata
Imran,34,55420,780,193548,Self-Employed,Rejected,Ahmedabad
Neha,57,119787,757,114714,Self-Employed,Approved,Ahmedabad
Kabir,65,122233,575,469752,Business,Rejected,Ahmedabad
Rohan,48,141626,738,68215,Salaried,Approved,Delhi
Aisha,44,149373,622,759397,Salaried,Approved,Ahmedabad
Sara,48,109320,686,74911,Business,Rejected,Pune
Aisha,32,30068,478,267271,Business,Rejected,Bangalore
Arjun,50,82202,756,548727,Salaried,Approved,Pune
Arjun,56,110072,549,769183,Salaried,Rejected,Bangalore
Aman,59,45650,745,446282,Business,Approved,Delhi
Aisha,35,28262,695,139170,Salaried,Rejected,Delhi
Rohan,24,142665,736,182040,Salaried,Rejected,Bangalore
Aman,38,48832,682,867264,Salaried,Approved,Chennai
Kabir,52,121382,727,611457,Self-Employed,Rejected,Delhi
Neha,24,77458,549,208047,Salaried,Rejected,Mumbai
Fatima,47,100618,733,105591,Self-Employed,Approved,Hyderabad
Rahul,44,90964,746,389784,Salaried,Approved,Hyderabad
Aditya,57,79651,804,911840,Salaried,Rejected,Ahmedabad
Rohan,49,45398,805,708114,Self-Employed,Approved,Chennai
Aditya,34,84381,731,538401,Business,Approved,Hyderabad
Ananya,21,82870,451,899832,Business,Rejected,Hyderabad
Rohan,50,85050,847,959668,Salaried,Approved,Ahmedabad
Kabir,30,96533,606,212595,Self-Employed,Rejected,Mumbai
Karan,53,129418,525,986987,Self-Employed,Rejected,Pune
Ananya,37,40666,674,78149,Salaried,Approved,Chennai
Karan,25,109603,714,494853,Salaried,Approved,Chennai
Karan,55,92542,455,883511,Salaried,Rejected,Pune
Kabir,45,65057,691,962203,Business,Rejected,Chennai
Aditya,50,101366,718,250181,Salaried,Rejected,Delhi
Aditya,29,97960,800,428497,Salaried,Rejected,Chennai
Arjun,26,134897,654,880265,Salaried,Rejected,Pune
Rahul,60,97924,798,324403,Business,Approved,Mumbai
Sara,65,40532,691,51231,Business,Approved,Ahmedabad
Aisha,44,47354,470,552832,Self-Employed,Rejected,Pune
Riya,51,133397,596,111043,Self-Employed,Approved,Bangalore
Zoya,49,103263,644,525017,Business,Rejected,Delhi
Rahul,47,35910,792,106317,Self-Employed,Approved,Pune
Riya,24,113642,690,103473,Salaried,Rejected,Kolkata
Zoya,22,120225,540,62394,Self-Employed,Approved,Mumbai
Neha,57,87069,533,769404,Business,Rejected,Bangalore
Ananya,23,35735,456,757349,Salaried,Rejected,Kolkata
Fatima,38,109989,685,757200,Business,Rejected,Chennai
Neha,41,102988,833,523227,Business,Approved,Hyderabad
Neha,43,44837,646,745317,Business,Rejected,Hyderabad
Imran,24,61868,492,474110,Self-Employed,Rejected,Pune
Imran,49,63236,470,881882,Business,Approved,Chennai
Karan,36,85107,849,692367,Salaried,Rejected,Kolkata
Karan,57,126115,801,687455,Self-Employed,Approved,Ahmedabad
Rohan,21,134770,721,385786,Self-Employed,Rejected,Kolkata
Karan,40,103474,786,98681,Self-Employed,Approved,Hyderabad
Imran,54,91733,490,338392,Self-Employed,Rejected,Mumbai
Rohan,42,90970,655,229217,Self-Employed,Rejected,Mumbai
Aditya,37,59803,619,78111,Business,Approved,Ahmedabad
Sara,44,125250,574,382752,Salaried,Rejected,Kolkata
Riya,27,143143,509,144926,Business,Rejected,Mumbai
Aman,65,137931,486,610182,Self-Employed,Rejected,Ahmedabad
Fatima,59,54146,534,130084,Salaried,Rejected,Chennai
Imran,28,90546,790,269828,Salaried,Rejected,Kolkata
Aisha,62,61044,804,942780,Business,Rejected,Mumbai
Ananya,30,44372,786,950124,Self-Employed,Approved,Hyderabad
Neha,63,147215,518,59072,Self-Employed,Rejected,Chennai
Kabir,57,92769,697,880141,Business,Rejected,Pune
Aditya,25,136917,838,893438,Self-Employed,Rejected,Kolkata
Zoya,59,120531,726,343644,Self-Employed,Approved,Hyderabad
Aditya,32,101529,576,527801,Salaried,Rejected,Kolkata
Neha,64,87185,542,134519,Self-Employed,Approved,Ahmedabad
Neha,52,69033,724,99722,Self-Employed,Rejected,Chennai
Rohan,48,83459,669,699774,Business,Rejected,Kolkata
Zoya,51,68338,600,342322,Self-Employed,Rejected,Hyderabad
Imran,25,55880,592,54478,Salaried,Rejected,Delhi
Rohan,47,141722,451,774834,Self-Employed,Approved,Ahmedabad
Priya,42,111964,482,782214,Business,Rejected,Bangalore
Zoya,54,104011,463,166266,Salaried,Rejected,Hyderabad
Arjun,39,87720,759,304176,Self-Employed,Approved,Chennai
Priya,44,78685,733,892339,Self-Employed,Rejected,Delhi
Aditya,24,148455,688,79593,Business,Approved,Ahmedabad
Kabir,54,28965,611,293338,Salaried,Approved,Ahmedabad
Rohan,49,108317,603,302992,Salaried,Approved,Mumbai
Neha,64,48102,783,800228,Self-Employed,Approved,Pune
Arjun,39,64092,683,964573,Self-Employed,Approved,Ahmedabad
Neha,27,42047,770,130213,Salaried,Approved,Mumbai
Aman,56,143499,699,615797,Salaried,Approved,Ahmedabad
Karan,65,140606,602,413558,Business,Rejected,Chennai
Rahul,35,71352,671,391944,Business,Approved,Hyderabad
Arjun,31,107375,732,763725,Business,Approved,Delhi
Aisha,31,144913,789,598731,Business,Approved,Ahmedabad
Neha,41,134337,764,335746,Self-Employed,Approved,Hyderabad
Aisha,65,135192,722,350478,Self-Employed,Approved,Mumbai
Rohan,36,35386,792,280916,Business,Rejected,Delhi
Rahul,26,128896,825,841292,Salaried,Rejected,Bangalore
Kabir,34,138699,671,450173,Business,Rejected,Ahmedabad
Aman,49,146827,833,553872,Business,Approved,Ahmedabad
Priya,32,86760,523,604889,Self-Employed,Rejected,Ahmedabad
Rohan,30,25824,708,556585,Self-Employed,Rejected,Bangalore
Aditya,26,122436,453,476455,Salaried,Rejected,Bangalore
Aman,61,108007,627,902771,Business,Rejected,Chennai
Aisha,48,47738,548,731966,Salaried,Rejected,Kolkata
Ananya,24,58382,619,273310,Self-Employed,Rejected,Chennai
Kabir,34,32981,514,863641,Self-Employed,Rejected,Bangalore
Neha,31,97188,626,905443,Self-Employed,Approved,Mumbai
Zoya,37,30473,840,812126,Salaried,Approved,Chennai
Rohan,47,93315,759,811733,Business,Rejected,Bangalore
Arjun,50,110097,469,357412,Salaried,Rejected,Pune
Rohan,44,128378,748,491792,Business,Approved,Hyderabad
Zoya,35,94159,650,932281,Self-Employed,Rejected,Ahmedabad
Priya,38,92488,793,991387,Self-Employed,Approved,Ahmedabad
Neha,34,49564,814,236977,Business,Rejected,Pune
Rohan,39,96350,758,396338,Self-Employed,Rejected,Kolkata
Aditya,22,26385,787,940256,Self-Employed,Approved,Delhi
Aisha,41,101373,753,760398,Self-Employed,Approved,Delhi
Arjun,52,79077,462,717083,Business,Approved,Chennai
Rahul,29,148739,817,99491,Salaried,Approved,Bangalore
Karan,65,40378,573,806380,Business,Approved,Kolkata
Aisha,30,96342,564,309785,Self-Employed,Rejected,Ahmedabad
Rahul,41,141797,730,862710,Salaried,Approved,Mumbai
Imran,28,72969,561,266747,Self-Employed,Rejected,Hyderabad
Rohan,41,77913,684,72204,Salaried,Approved,Kolkata
Riya,25,66781,645,433584,Business,Rejected,Ahmedabad
Aman,50,116335,747,750224,Self-Employed,Rejected,Chennai
Aman,57,69991,763,647732,Self-Employed,Approved,Chennai
Arjun,41,142512,782,301648,Business,Approved,Ahmedabad
Priya,49,40038,603,588911,Self-Employed,Rejected,Hyderabad
Riya,60,70216,532,773180,Self-Employed,Rejected,Delhi
Arjun,30,131037,481,525142,Business,Rejected,Delhi
Riya,46,110211,610,150957,Salaried,Approved,Delhi
Imran,52,63718,813,360222,Self-Employed,Approved,Delhi
Aditya,23,128480,790,192088,Self-Employed,Rejected,Ahmedabad
Aisha,50,51539,463,587805,Business,Rejected,Delhi
Arjun,33,132811,823,429978,Business,Approved,Bangalore
Neha,31,121708,595,970705,Self-Employed,Rejected,Mumbai
Rahul,58,51250,845,507711,Salaried,Approved,Hyderabad
Aisha,57,57835,496,234578,Business,Rejected,Pune
Aisha,44,119166,787,222769,Self-Employed,Approved,Kolkata
Priya,22,62003,694,687305,Self-Employed,Approved,Pune
Arjun,30,67587,604,476389,Salaried,Rejected,Pune
Riya,28,51731,604,827009,Business,Approved,Bangalore
Rohan,51,33999,553,274750,Business,Rejected,Ahmedabad
Kabir,48,96678,662,141419,Salaried,Approved,Kolkata
Imran,28,125663,509,208059,Salaried,Rejected,Delhi
Zoya,53,35955,564,91349,Salaried,Rejected,Hyderabad
Arjun,56,29504,533,698092,Business,Rejected,Mumbai
Sara,58,74787,796,482190,Self-Employed,Approved,Chennai
Arjun,57,39115,796,653680,Business,Approved,Mumbai
Kabir,63,53437,548,386523,Self-Employed,Approved,Bangalore
Zoya,35,124663,670,973797,Business,Rejected,Ahmedabad
Arjun,65,34070,697,139208,Salaried,Rejected,Bangalore
Rahul,60,40093,709,881713,Self-Employed,Approved,Hyderabad
Priya,28,56349,819,265948,Salaried,Rejected,Mumbai
Ananya,38,149870,584,671211,Self-Employed,Approved,Ahmedabad
Ananya,25,58567,715,547810,Self-Employed,Approved,Chennai
Rohan,50,70449,834,787521,Salaried,Rejected,Chennai
Rahul,30,54634,488,915609,Self-Employed,Approved,Bangalore
Aisha,33,111787,704,723699,Business,Approved,Pune
Karan,41,125996,803,841720,Self-Employed,Rejected,Mumbai
Aditya,34,32920,667,468316,Self-Employed,Approved,Mumbai
Priya,46,144799,755,954567,Self-Employed,Rejected,Ahmedabad
Ananya,29,125383,576,278799,Business,Approved,Kolkata
Ananya,27,122280,798,383736,Business,Rejected,Mumbai
Neha,25,60959,785,100914,Business,Approved,Ahmedabad
Ananya,34,64091,560,935396,Salaried,Approved,Ahmedabad
Neha,39,62396,806,618025,Business,Approved,Bangalore
Ananya,36,86357,621,678913,Business,Rejected,Mumbai
Aman,32,43630,718,942252,Self-Employed,Rejected,Delhi
Sara,38,71670,611,962540,Salaried,Rejected,Bangalore
Neha,57,80159,850,75088,Salaried,Approved,Hyderabad
Ananya,36,81146,703,619021,Business,Rejected,Bangalore
Priya,33,76954,738,932049,Business,Approved,Bangalore
Rohan,55,27227,466,320634,Business,Rejected,Bangalore
Ananya,44,93010,609,483371,Self-Employed,Rejected,Hyderabad
Karan,38,37879,651,292103,Self-Employed,Approved,Pune
Ananya,35,38847,684,399088,Self-Employed,Rejected,Delhi
Sara,46,29891,512,322785,Self-Employed,Approved,Hyderabad
Neha,28,123211,847,332438,Self-Employed,Approved,Pune
Arjun,55,39777,811,376742,Business,Rejected,Bangalore
Rahul,25,79273,725,449726,Salaried,Approved,Pune
Rahul,33,140009,642,129826,Salaried,Approved,Delhi
Riya,42,69786,623,793731,Business,Approved,Hyderabad
Aditya,37,47996,829,467581,Business,Approved,Bangalore
Aditya,35,90513,681,143852,Self-Employed,Approved,Mumbai
Fatima,61,114913,611,344450,Self-Employed,Rejected,Chennai
Fatima,22,26162,568,57282,Salaried,Rejected,Pune
Karan,62,43044,527,570663,Salaried,Rejected,Bangalore
Rohan,58,86810,586,770360,Salaried,Rejected,Pune
Aisha,34,76193,721,293011,Business,Rejected,Chennai
Imran,58,67577,797,711631,Self-Employed,Rejected,Mumbai
Riya,37,28850,849,800922,Business,Approved,Pune
Aditya,23,96250,508,123015,Salaried,Rejected,Ahmedabad
Imran,22,56529,590,905896,Business,Rejected,Hyderabad
Ananya,51,131555,687,85574,Salaried,Approved,Ahmedabad
Sara,57,68348,814,742863,Business,Rejected,Chennai
Karan,40,131338,542,672767,Self-Employed,Approved,Hyderabad
Ananya,48,100507,618,357949,Salaried,Rejected,Pune
Neha,65,116509,631,935774,Self-Employed,Rejected,Delhi
Rohan,53,26016,456,167698,Self-Employed,Rejected,Pune
Aman,34,60507,606,533348,Business,Rejected,Hyderabad
Imran,58,49133,569,378250,Business,Rejected,Pune
Aisha,56,54878,533,493089,Self-Employed,Rejected,Kolkata
Zoya,24,36861,677,63379,Self-Employed,Approved,Pune
Priya,61,110998,622,520256,Self-Employed,Rejected,Pune
Arjun,23,137254,588,966410,Business,Rejected,Hyderabad
Riya,65,145717,597,232169,Business,Approved,Bangalore
Ananya,30,128176,727,261805,Business,Approved,Bangalore
Aisha,43,137649,657,740419,Self-Employed,Rejected,Pune
Ananya,29,79336,616,446736,Self-Employed,Rejected,Kolkata
Arjun,27,133519,492,408247,Business,Rejected,Delhi
Rahul,54,138417,689,89341,Business,Approved,Hyderabad
Zoya,52,120383,745,176690,Salaried,Approved,Ahmedabad
Priya,46,58789,580,450372,Business,Rejected,Pune
Zoya,24,124385,745,529698,Self-Employed,Approved,Hyderabad
Neha,52,52903,824,902841,Business,Rejected,Chennai
Ananya,36,90148,819,751607,Self-Employed,Approved,Hyderabad
Aman,50,25620,478,541526,Business,Rejected,Pune
Rahul,36,47620,621,149412,Salaried,Rejected,Pune
Aisha,56,46420,836,224060,Self-Employed,Approved,Kolkata
Fatima,60,78621,790,475581,Self-Employed,Approved,Mumbai
Riya,44,144349,818,934565,Salaried,Rejected,Bangalore
Rahul,50,33280,659,372373,Self-Employed,Rejected,Delhi
Rahul,21,49761,799,831214,Self-Employed,Rejected,Mumbai
Fatima,49,31113,575,561094,Business,Rejected,Mumbai
Aisha,48,123495,746,285715,Salaried,Approved,Mumbai
Fatima,57,141562,713,295973,Self-Employed,Rejected,Hyderabad
Neha,52,119704,605,617096,Self-Employed,Rejected,Ahmedabad
Aditya,60,78719,627,112144,Self-Employed,Rejected,Hyderabad
Riya,42,76769,612,513094,Salaried,Rejected,Ahmedabad
Rohan,64,61199,495,860983,Business,Rejected,Delhi
Aisha,58,60579,705,549781,Business,Approved,Chennai
Fatima,33,65282,620,851860,Salaried,Approved,Delhi
Karan,32,77062,763,286735,Salaried,Approved,Bangalore
Priya,63,149785,580,412087,Salaried,Rejected,Chennai
Aditya,36,26325,763,800515,Salaried,Rejected,Kolkata
Aman,23,121002,645,288131,Self-Employed,Approved,Pune
Riya,30,109842,526,334964,Self-Employed,Rejected,Ahmedabad
Rahul,28,41402,625,792486,Business,Rejected,Bangalore
Fatima,24,119387,633,931393,Salaried,Rejected,Ahmedabad
Imran,59,146989,556,253552,Salaried,Rejected,Kolkata
Priya,37,41976,526,608671,Self-Employed,Approved,Ahmedabad
Imran,50,43325,562,571448,Business,Approved,Delhi
Aisha,27,29632,569,899255,Salaried,Rejected,Kolkata
Aditya,21,96200,804,662439,Self-Employed,Approved,Delhi
Priya,23,51792,830,517424,Salaried,Approved,Hyderabad
Riya,33,114495,513,712968,Business,Rejected,Bangalore
Rahul,46,108180,842,136496,Salaried,Approved,Chennai
Sara,38,85914,562,511256,Salaried,Rejected,Chennai
Karan,51,149449,665,649121,Business,Rejected,Ahmedabad
Kabir,39,73434,811,423861,Self-Employed,Rejected,Hyderabad
Neha,27,73188,700,748024,Business,Approved,Bangalore
Rohan,48,62927,465,388909,Salaried,Rejected,Delhi
Aditya,33,109894,758,499499,Business,Rejected,Chennai
Rohan,29,93966,734,273750,Business,Approved,Mumbai
Arjun,60,144298,760,541519,Business,Rejected,Bangalore
Riya,65,73797,461,299584,Salaried,Rejected,Pune
Rahul,58,133039,795,491037,Self-Employed,Rejected,Chennai
Karan,29,68466,455,465364,Self-Employed,Rejected,Ahmedabad
Zoya,61,112961,842,88612,Self-Employed,Approved,Kolkata
Riya,52,79729,691,148168,Self-Employed,Approved,Ahmedabad
Kabir,60,36668,824,51016,Salaried,Approved,Chennai
Karan,51,74955,536,210121,Salaried,Rejected,Chennai
Fatima,36,143953,796,513225,Self-Employed,Approved,Bangalore
Zoya,35,103193,759,319663,Business,Rejected,Chennai
Zoya,21,51353,734,640224,Self-Employed,Rejected,Chennai
Ananya,47,72486,672,866521,Business,Approved,Chennai
Arjun,24,92311,701,277751,Salaried,Approved,Mumbai
Karan,22,111794,524,822067,Self-Employed,Rejected,Bangalore
Rohan,35,114508,830,225893,Self-Employed,Approved,Ahmedabad
Imran,34,119347,810,916993,Salaried,Rejected,Delhi
Arjun,39,145340,708,523974,Self-Employed,Rejected,Bangalore
Rahul,48,112494,650,55335,Salaried,Approved,Pune
Imran,40,96921,715,501717,Self-Employed,Rejected,Mumbai
Riya,30,79178,608,368983,Self-Employed,Rejected,Bangalore
Aisha,60,72587,772,342964,Salaried,Rejected,Kolkata
Fatima,60,112935,461,678589,Salaried,Approved,Kolkata
Sara,39,144969,844,791613,Business,Approved,Chennai
Fatima,21,62429,629,837718,Self-Employed,Rejected,Bangalore
Priya,48,100320,603,317325,Self-Employed,Rejected,Bangalore
Rahul,55,82734,843,625775,Salaried,Approved,Chennai
Rohan,63,68483,649,507958,Self-Employed,Rejected,Pune
Priya,55,129706,605,826103,Self-Employed,Approved,Kolkata
Karan,49,60840,575,904891,Self-Employed,Approved,Chennai
Aman,53,66800,766,274732,Business,Approved,Mumbai
Neha,24,44634,572,97268,Business,Approved,Ahmedabad
Karan,37,146941,563,362654,Salaried,Approved,Chennai
Karan,59,68250,540,167543,Salaried,Rejected,Pune
Aisha,23,132812,570,578905,Self-Employed,Approved,Pune
Rahul,34,68269,608,489990,Business,Approved,Hyderabad
Aditya,40,101992,480,272232,Self-Employed,Rejected,Ahmedabad
Neha,50,81401,826,661150,Salaried,Approved,Pune
Riya,32,40177,623,96430,Salaried,Rejected,Ahmedabad
Aisha,56,128370,659,794657,Business,Rejected,Pune
Riya,23,128262,604,178579,Self-Employed,Approved,Bangalore
Priya,29,135767,728,486190,Business,Approved,Ahmedabad
Aman,53,66129,611,835601,Salaried,Approved,Mumbai
Zoya,51,50299,715,62123,Salaried,Approved,Mumbai
Aisha,43,137217,688,149275,Business,Rejected,Pune
Sara,45,122999,784,897689,Salaried,Approved,Hyderabad
Riya,33,144714,655,705855,Business,Approved,Chennai
Fatima,42,40835,744,149498,Business,Rejected,Bangalore
Rahul,55,82412,491,576035,Self-Employed,Approved,Kolkata
Imran,55,26503,778,376305,Business,Approved,Delhi
Sara,31,123463,735,800139,Self-Employed,Approved,Mumbai
Kabir,59,80386,492,211164,Business,Approved,Bangalore
Kabir,25,124930,549,343023,Business,Approved,Chennai
Imran,23,98732,845,897635,Self-Employed,Approved,Mumbai
Riya,51,139397,796,126589,Self-Employed,Approved,Kolkata
Sara,45,45250,816,520774,Self-Employed,Approved,Mumbai
Priya,25,115505,542,999082,Self-Employed,Rejected,Delhi
Ananya,24,75899,753,920493,Self-Employed,Approved,Pune
Arjun,64,37229,536,165518,Salaried,Approved,Ahmedabad
Priya,55,35730,512,749636,Business,Rejected,Delhi
Riya,64,105554,761,282418,Salaried,Approved,Mumbai
Kabir,58,139663,831,582643,Self-Employed,Approved,Delhi
Sara,35,40076,595,905631,Business,Rejected,Chennai
Karan,22,140536,748,788085,Self-Employed,Approved,Pune
Arjun,56,31344,597,426764,Salaried,Approved,Chennai
Sara,30,123898,475,933476,Salaried,Approved,Ahmedabad
Fatima,46,128025,590,863667,Salaried,Approved,Mumbai
Aditya,23,139877,727,785543,Salaried,Rejected,Kolkata
Aman,23,130439,846,628615,Salaried,Approved,Hyderabad
Rahul,37,61764,739,967799,Self-Employed,Rejected,Mumbai
Kabir,58,114142,828,398564,Business,Approved,Mumbai
Priya,65,148819,683,325016,Self-Employed,Approved,Ahmedabad
Kabir,64,106033,776,622923,Self-Employed,Approved,Mumbai
Riya,59,60937,490,369867,Salaried,Rejected,Mumbai
Imran,50,146885,783,514584,Self-Employed,Approved,Delhi
Karan,64,124758,771,609576,Self-Employed,Approved,Kolkata
Karan,59,36216,757,895594,Self-Employed,Approved,Bangalore
Zoya,39,89929,521,599911,Business,Approved,Ahmedabad
Rahul,64,118349,642,983376,Business,Rejected,Chennai
Arjun,29,127539,801,456239,Salaried,Rejected,Kolkata
Imran,28,124425,649,455742,Salaried,Approved,Ahmedabad
Fatima,40,103219,717,183666,Self-Employed,Rejected,Ahmedabad
Ananya,51,110257,473,181004,Self-Employed,Rejected,Chennai
Riya,52,132678,800,359699,Salaried,Approved,Delhi
Aditya,52,149760,517,266302,Salaried,Rejected,Delhi
Rahul,32,51617,624,208724,Self-Employed,Rejected,Ahmedabad
Arjun,54,67077,831,927571,Business,Approved,Hyderabad
Rahul,49,48560,505,429548,Salaried,Rejected,Chennai
Arjun,61,72183,824,990671,Salaried,Approved,Chennai
Rahul,33,119239,510,590053,Self-Employed,Rejected,Chennai
Kabir,42,105297,769,291104,Self-Employed,Approved,Delhi
Priya,28,25868,759,139335,Salaried,Rejected,Hyderabad
Rahul,27,128917,591,782272,Business,Approved,Pune
Imran,55,146403,698,586864,Salaried,Rejected,Hyderabad
Zoya,64,135471,775,538192,Self-Employed,Rejected,Delhi
Kabir,23,124133,526,151364,Salaried,Rejected,Ahmedabad
Rahul,35,37154,561,565989,Business,Rejected,Pune
Neha,23,130384,798,644397,Self-Employed,Rejected,Delhi
Aman,47,70063,687,594544,Business,Rejected,Ahmedabad
Fatima,44,91051,692,523598,Self-Employed,Rejected,Chennai
Ananya,34,125564,809,365105,Business,Approved,Delhi
Aman,61,44542,611,375914,Self-Employed,Approved,Delhi
Aman,33,67852,509,120892,Self-Employed,Rejected,Delhi
Neha,23,57706,578,402750,Self-Employed,Rejected,Bangalore
Fatima,53,86830,531,57460,Self-Employed,Rejected,Kolkata
Ananya,45,144941,643,793011,Salaried,Rejected,Delhi
Kabir,40,67067,811,780120,Business,Approved,Kolkata
Imran,24,107020,691,378629,Salaried,Rejected,Pune
Kabir,45,97803,634,683525,Salaried,Approved,Pune
Zoya,46,41828,498,738565,Business,Rejected,Mumbai
Karan,26,58675,584,280548,Salaried,Approved,Pune
Riya,26,61354,596,422739,Salaried,Rejected,Ahmedabad
Ananya,50,65879,588,264687,Salaried,Rejected,Pune
Priya,27,131269,512,766728,Self-Employed,Approved,Bangalore
Rohan,38,127955,747,522827,Salaried,Rejected,Ahmedabad
Zoya,22,37089,462,836437,Salaried,Rejected,Bangalore
Riya,35,63599,604,678889,Business,Approved,Kolkata
Ananya,56,118970,661,707351,Salaried,Rejected,Pune
Kabir,53,77883,477,795070,Salaried,Rejected,Pune
Priya,52,104561,580,277908,Self-Employed,Rejected,Ahmedabad
Imran,53,41720,701,996887,Self-Employed,Rejected,Mumbai
Aman,34,40404,532,225509,Salaried,Rejected,Bangalore
Imran,37,97974,470,972568,Self-Employed,Rejected,Mumbai
Rohan,64,40421,609,817385,Business,Rejected,Bangalore
Rahul,40,85271,691,808180,Self-Employed,Approved,Hyderabad
Rohan,35,77781,647,481101,Self-Employed,Approved,Ahmedabad
Neha,45,118984,521,219926,Business,Approved,Delhi
Fatima,64,109543,725,183231,Salaried,Rejected,Bangalore
Aditya,55,46631,696,632585,Self-Employed,Approved,Kolkata
Riya,34,103472,555,257158,Salaried,Rejected,Hyderabad
Karan,62,101838,670,647604,Salaried,Rejected,Mumbai
Sara,63,77047,466,980552,Self-Employed,Rejected,Chennai
Aditya,32,51526,579,735172,Self-Employed,Rejected,Bangalore
Fatima,58,140118,737,146020,Salaried,Rejected,Hyderabad
Karan,43,37855,528,324085,Salaried,Approved,Pune
Rahul,36,86300,735,765348,Salaried,Rejected,Kolkata
Sara,40,98283,813,811096,Salaried,Approved,Ahmedabad
Riya,26,115347,660,811907,Self-Employed,Rejected,Chennai
Imran,57,147165,582,225028,Salaried,Rejected,Bangalore
Karan,27,52338,840,944616,Self-Employed,Rejected,Bangalore
Ananya,42,100523,704,235876,Self-Employed,Approved,Ahmedabad
Fatima,51,88978,637,645545,Salaried,Rejected,Chennai
Arjun,25,52344,847,373588,Salaried,Approved,Kolkata
Zoya,58,70356,562,862048,Business,Rejected,Mumbai
Rahul,32,81669,701,946496,Salaried,Approved,Bangalore
Rahul,64,131353,700,940791,Self-Employed,Approved,Pune
Rahul,23,37317,488,135980,Salaried,Rejected,Pune
Ananya,40,62101,543,835785,Salaried,Rejected,Ahmedabad