name,age,income,credit_score,loan_amount,employment_type,loan_status,city
Aditya,62,66571,697,258923,Business,Rejected,Chennai
Aisha,54,56073,745,744259,Salaried,Rejected,Chennai
Fatima,51,159559,813,179420,Self-Employed,Approved,Chennai
Priya,64,71711,766,308842,Self-Employed,Approved,Delhi
Riya,34,148492,835,637516,Self-Employed,Approved,Delhi
Kabir,57,145408,759,901947,Business,Approved,Mumbai
Riya,69,85863,848,519917,Salaried,Rejected,Mumbai
Aisha,32,47670,606,352661,Business,Approved,Delhi
Priya,23,143784,826,227100,Salaried,Approved,Pune
Fatima,37,95567,841,270796,Salaried,Approved,Hyderabad
Neha,53,120221,509,547752,Business,Rejected,Ahmedabad
Aman,50,84913,864,355645,Business,Approved,Ahmedabad
Kabir,44,111029,702,491822,Self-Employed,Rejected,Pune
Aman,49,164103,851,526813,Salaried,Rejected,Kolkata
Ananya,45,120513,844,341555,Self-Employed,Approved,Delhi
Kabir,63,125786,638,353812,Self-Employed,Rejected,Ahmedabad
Neha,61,147124,526,31576,Self-Employed,Approved,Pune
Ananya,31,108006,561,-40231,Self-Employed,Rejected,Chennai
Neha,32,105846,779,137323,Self-Employed,Rejected,Pune
Fatima,37,90122,745,699388,Salaried,Approved,Delhi
Aditya,53,130179,687,238365,Salaried,Approved,Delhi
Neha,50,133017,801,914163,Self-Employed,Approved,Kolkata
Arjun,34,86483,651,609873,Self-Employed,Approved,Pune
Rohan,50,135377,850,723299,Salaried,Approved,Bangalore
Rahul,38,94756,733,459960,Salaried,Rejected,Pune
Arjun,51,53790,859,718397,Salaried,Rejected,Chennai
Kabir,55,41334,876,913972,Salaried,Approved,Mumbai
Neha,64,120885,900,846861,Business,Rejected,Delhi
Imran,68,154541,544,561018,Business,Approved,Chennai
Aditya,67,149646,800,397635,Business,Rejected,Ahmedabad
Sara,39,160757,711,567350,Business,Approved,Delhi
Riya,69,103577,601,574418,Business,Approved,Mumbai
Aditya,32,104415,875,366785,Salaried,Rejected,Pune
Ananya,69,123931,751,29939,Self-Employed,Rejected,Bangalore
Priya,45,66023,727,490947,Salaried,Approved,Pune
Karan,64,101424,826,549097,Business,Approved,Mumbai
Karan,56,119674,589,812684,Salaried,Rejected,Hyderabad
Sara,68,138964,887,636402,Business,Rejected,Delhi
Ananya,35,135530,805,397227,Self-Employed,Approved,Hyderabad
Ananya,29,45982,578,941544,Self-Employed,Rejected,Hyderabad
Arjun,46,106959,596,765029,Salaried,Approved,Hyderabad
Zoya,60,52607,878,885982,Business,Rejected,Ahmedabad
Priya,29,134578,622,562031,Self-Employed,Rejected,Hyderabad
Riya,62,133388,827,182864,Salaried,Rejected,Kolkata
Imran,61,131139,543,961935,Business,Rejected,Ahmedabad
Zoya,67,130861,852,889066,Business,Rejected,Mumbai
Riya,50,95353,777,270394,Salaried,Rejected,Mumbai
Aditya,37,111905,892,550811,Salaried,Approved,Hyderabad
Arjun,45,103265,554,847282,Salaried,Rejected,Pune
Neha,66,119925,817,375493,Salaried,Approved,Hyderabad
Priya,56,110836,883,841702,Salaried,Approved,Ahmedabad
Fatima,56,115160,675,788388,Business,Approved,Pune
Zoya,63,142786,735,175746,Salaried,Approved,Ahmedabad
Riya,63,112082,564,130073,Self-Employed,Approved,Ahmedabad
Aditya,39,134491,700,292358,Self-Employed,Rejected,Bangalore
Rahul,58,150257,645,714092,Business,Rejected,Mumbai
Fatima,65,150993,889,78296,Business,Rejected,Pune
Karan,60,46618,822,596816,Self-Employed,Rejected,Hyderabad
Rahul,55,137630,773,731165,Self-Employed,Rejected,Ahmedabad
Riya,33,134616,840,380808,Business,Approved,Pune
Arjun,62,124109,876,914185,Salaried,Approved,Mumbai
Rohan,41,112110,849,99127,Business,Approved,Chennai
Rahul,24,156610,833,666539,Self-Employed,Rejected,Kolkata
Kabir,51,78415,686,548491,Salaried,Rejected,Bangalore
Aditya,28,114801,496,542342,Self-Employed,Approved,Ahmedabad
Priya,34,129808,774,7692,Self-Employed,Approved,Mumbai
Zoya,46,133538,683,32805,Business,Rejected,Chennai
Ananya,60,135171,856,579614,Self-Employed,Rejected,Kolkata
Priya,47,82705,830,401907,Business,Rejected,Pune
Arjun,35,131053,869,37428,Salaried,Rejected,Ahmedabad
Rohan,60,143424,666,173355,Self-Employed,Rejected,Kolkata
Ananya,59,75479,829,-25853,Business,Approved,Pune
Rahul,59,116385,614,196213,Business,Approved,Chennai
Fatima,54,96880,648,897599,Self-Employed,Approved,Mumbai
Zoya,58,71307,835,745239,Self-Employed,Approved,Chennai
Sara,55,125351,715,538570,Salaried,Approved,Hyderabad
Aman,66,29639,659,78323,Business,Approved,Pune
Neha,45,148040,791,553813,Business,Approved,Hyderabad
Riya,55,114658,886,410435,Business,Rejected,Chennai
Ananya,49,85973,799,-3858,Self-Employed,Rejected,Pune
Aditya,57,156667,862,248985,Self-Employed,Approved,Pune
Riya,66,125663,795,183977,Salaried,Approved,Hyderabad
Riya,54,153724,484,657376,Salaried,Approved,Kolkata
Neha,61,62225,787,491422,Salaried,Approved,Bangalore
Fatima,26,86833,518,353976,Salaried,Rejected,Kolkata
Riya,42,94762,768,595063,Business,Approved,Mumbai
Aisha,69,71028,828,-11002,Salaried,Approved,Delhi
Rahul,53,149232,872,524005,Business,Rejected,Delhi
Karan,56,128776,620,978610,Self-Employed,Approved,Chennai
Priya,69,107227,864,494266,Business,Approved,Kolkata
Aditya,40,143819,876,114496,Self-Employed,Approved,Pune
Ananya,46,103224,864,635725,Self-Employed,Rejected,Delhi
Rohan,53,130587,875,970706,Self-Employed,Approved,Chennai
Rohan,64,129767,788,239622,Salaried,Rejected,Chennai
Aman,24,72068,571,334071,Business,Approved,Ahmedabad
Imran,68,90660,726,114050,Self-Employed,Approved,Mumbai
Aman,53,103917,709,695279,Self-Employed,Rejected,Mumbai
Karan,41,137995,608,665118,Self-Employed,Rejected,Ahmedabad
Imran,66,155892,760,487098,Self-Employed,Rejected,Pune
Riya,31,101268,689,451457,Self-Employed,Rejected,Pune
Priya,57,104543,780,68826,Business,Approved,Mumbai
Karan,66,99636,701,181057,Business,Approved,Pune
Kabir,50,148144,542,622669,Self-Employed,Rejected,Pune
Riya,60,148961,726,217530,Business,Rejected,Chennai
Rohan,61,95989,676,446237,Business,Rejected,Hyderabad
Aditya,64,131325,760,369548,Salaried,Approved,Delhi
Riya,26,135196,501,498421,Salaried,Approved,Delhi
Aman,56,115027,756,565859,Business,Approved,Mumbai
Aisha,59,133859,876,190597,Salaried,Approved,Mumbai
Imran,55,125954,894,109642,Salaried,Approved,Ahmedabad
Sara,62,39455,752,907822,Business,Rejected,Bangalore
Priya,49,136704,733,202010,Self-Employed,Approved,Chennai
Ananya,67,104894,742,241421,Business,Rejected,Kolkata
Imran,43,51735,731,451655,Business,Rejected,Pune
Zoya,63,147693,521,586341,Business,Rejected,Ahmedabad
Kabir,63,125191,676,420743,Salaried,Approved,Mumbai
Arjun,67,123009,823,499731,Self-Employed,Rejected,Kolkata
Rohan,40,145179,829,324306,Self-Employed,Approved,Pune
Riya,67,122635,496,399751,Salaried,Approved,Bangalore
Sara,60,147705,657,686785,Business,Approved,Mumbai
Rohan,66,102416,657,140224,Business,Rejected,Chennai
Rahul,53,82662,677,295635,Self-Employed,Approved,Kolkata
Zoya,58,75367,702,236509,Business,Rejected,Kolkata
Kabir,36,137927,754,730699,Salaried,Approved,Chennai
Arjun,58,112313,633,309770,Salaried,Rejected,Hyderabad
Aman,67,110123,723,-58224,Business,Approved,Pune
Priya,60,100734,532,711945,Business,Rejected,Bangalore
Aman,27,23560,698,178680,Self-Employed,Approved,Ahmedabad
Arjun,45,109211,667,752798,Business,Approved,Pune
Ananya,48,33053,862,212318,Business,Approved,Kolkata
Kabir,49,120821,836,219445,Self-Employed,Approved,Chennai
Rahul,60,152131,650,916185,Business,Rejected,Kolkata
Aditya,65,149134,678,871011,Salaried,Approved,Kolkata
Kabir,29,103693,616,620712,Salaried,Rejected,Ahmedabad
Arjun,25,101683,548,430402,Salaried,Rejected,Kolkata
Aditya,52,100936,782,660177,Salaried,Approved,Chennai
Imran,27,144693,901,450812,Salaried,Approved,Chennai
Neha,56,149215,779,62037,Salaried,Approved,Mumbai
Fatima,64,120777,839,478978,Business,Approved,Bangalore
Rahul,57,134696,497,200916,Business,Rejected,Bangalore
Rahul,57,100421,520,536614,Business,Rejected,Kolkata
Fatima,53,80870,854,211129,Self-Employed,Rejected,Chennai
Neha,60,125369,862,242623,Salaried,Approved,Chennai
Aisha,34,102892,791,150973,Self-Employed,Rejected,Hyderabad
Neha,70,155578,837,89492,Self-Employed,Approved,Hyderabad
Aisha,52,68520,597,503665,Business,Approved,Pune
Aditya,61,152408,565,185688,Salaried,Approved,Bangalore
Neha,29,129393,716,-2436,Salaried,Rejected,Kolkata
Priya,68,57950,799,793460,Business,Approved,Pune
Aisha,46,153703,835,337466,Business,Rejected,Bangalore
Aisha,58,137648,547,217485,Self-Employed,Approved,Kolkata
Karan,32,130451,505,525972,Salaried,Approved,Mumbai
Riya,58,159056,827,283292,Salaried,Approved,Ahmedabad
Karan,54,70111,882,124740,Salaried,Rejected,Mumbai
Aditya,55,115934,725,280710,Salaried,Rejected,Chennai
Arjun,52,113924,565,536748,Salaried,Approved,Kolkata
Ananya,32,101584,499,556490,Business,Approved,Kolkata
Priya,52,80571,519,867010,Self-Employed,Approved,Delhi
Sara,38,65268,744,296951,Salaried,Rejected,Pune
Karan,67,73266,705,794468,Business,Rejected,Ahmedabad
Ananya,68,91570,710,389715,Self-Employed,Rejected,Bangalore
Neha,58,82594,708,906983,Business,Approved,Bangalore
Zoya,53,151257,703,668157,Self-Employed,Rejected,Chennai
Fatima,70,115479,859,32307,Salaried,Approved,Hyderabad
Karan,61,152964,873,201128,Self-Employed,Rejected,Delhi
Priya,33,83945,684,156099,Salaried,Approved,Mumbai
Arjun,60,100660,859,151009,Self-Employed,Approved,Hyderabad
Rohan,53,148492,516,377495,Salaried,Rejected,Chennai
Priya,64,115114,677,151996,Self-Employed,Rejected,Mumbai
Imran,48,83923,544,555918,Salaried,Rejected,Delhi
Zoya,55,144433,695,716483,Self-Employed,Rejected,Kolkata
Sara,62,154661,743,384506,Self-Employed,Approved,Bangalore
Aditya,43,122125,555,596888,Salaried,Approved,Chennai
Rahul,69,152887,710,-5878,Self-Employed,Rejected,Mumbai
Fatima,53,123634,879,2792,Salaried,Rejected,Ahmedabad
Sara,48,76213,872,390698,Self-Employed,Approved,Kolkata
Zoya,43,145691,733,507062,Self-Employed,Approved,Pune
Neha,40,115807,813,229866,Business,Approved,Bangalore
Kabir,38,125671,875,708645,Salaried,Rejected,Delhi
Aisha,25,28825,864,1037358,Self-Employed,Rejected,Ahmedabad
Aditya,47,88489,846,-69406,Business,Approved,Pune
Aman,33,137717,698,174220,Business,Rejected,Hyderabad
Priya,63,39188,891,791925,Business,Approved,Bangalore
Neha,39,138242,892,552264,Salaried,Approved,Pune
Rahul,60,158788,910,537384,Salaried,Rejected,Delhi
Ananya,56,137411,695,396111,Self-Employed,Approved,Ahmedabad
Ananya,51,145748,682,425868,Self-Employed,Rejected,Ahmedabad
Ananya,52,152313,791,457083,Self-Employed,Rejected,Kolkata
Rahul,51,143362,875,922675,Self-Employed,Rejected,Kolkata
Neha,65,145752,848,57211,Self-Employed,Approved,Hyderabad
Imran,65,93194,888,417720,Business,Rejected,Bangalore
Arjun,53,83916,839,554096,Business,Rejected,Mumbai
Arjun,57,121697,852,364912,Self-Employed,Rejected,Chennai
Sara,68,132879,891,495140,Business,Rejected,Ahmedabad
Sara,29,90865,810,822364,Salaried,Approved,Delhi
Zoya,48,99324,858,533104,Business,Approved,Delhi
Aman,22,125648,785,840960,Self-Employed,Rejected,Mumbai
Riya,39,85871,803,917702,Self-Employed,Approved,Ahmedabad
Neha,41,145402,620,489379,Self-Employed,Rejected,Mumbai
Aman,69,129247,571,153610,Salaried,Approved,Kolkata
Kabir,64,141807,706,601412,Business,Approved,Kolkata
Karan,52,147171,682,279747,Business,Approved,Mumbai
Imran,50,150700,867,756823,Business,Approved,Kolkata
Karan,57,136872,685,426452,Business,Approved,Ahmedabad
Ananya,42,151142,724,141864,Self-Employed,Rejected,Pune
Aisha,47,154753,558,467384,Self-Employed,Approved,Ahmedabad
Riya,55,155620,707,92024,Salaried,Approved,Delhi
Karan,30,117186,547,571908,Salaried,Approved,Bangalore
Fatima,47,49132,876,-34767,Self-Employed,Approved,Mumbai
Zoya,56,117008,865,534983,Salaried,Approved,Ahmedabad
Aman,59,79369,548,3756,Self-Employed,Approved,Bangalore
Fatima,65,150435,857,-3187,Salaried,Rejected,Ahmedabad
Rohan,51,155452,875,451750,Self-Employed,Approved,Delhi
Ananya,57,137685,852,789832,Salaried,Approved,Pune
Riya,61,161030,878,954584,Business,Approved,Bangalore
Fatima,41,110613,574,792914,Business,Approved,Chennai
Neha,51,117467,807,-57302,Salaried,Rejected,Mumbai
Zoya,45,152167,719,305033,Salaried,Approved,Ahmedabad
Fatima,55,105176,794,414440,Salaried,Rejected,Ahmedabad
Aditya,49,138971,870,265704,Salaried,Rejected,Hyderabad
Rahul,38,101986,688,384003,Self-Employed,Approved,Kolkata
Aditya,50,141063,835,604814,Salaried,Rejected,Pune
Priya,45,101785,660,847839,Self-Employed,Rejected,Delhi
Aman,59,78334,643,346475,Business,Approved,Kolkata
Rahul,66,148359,849,282743,Business,Rejected,Chennai
Aditya,44,102772,632,594005,Business,Approved,Kolkata
Ananya,55,163468,859,226922,Self-Employed,Approved,Delhi
Zoya,61,106855,845,789704,Business,Approved,Ahmedabad
Arjun,44,118157,697,830919,Self-Employed,Rejected,Ahmedabad
Priya,44,142676,613,606874,Business,Approved,Pune
Rahul,19,99632,856,797116,Salaried,Rejected,Bangalore
Sara,65,124169,793,364496,Self-Employed,Approved,Pune
Rahul,65,154539,729,736018,Self-Employed,Approved,Delhi
Aditya,42,96383,703,217259,Self-Employed,Rejected,Kolkata
Rahul,31,87164,689,633484,Salaried,Rejected,Pune
Kabir,67,128391,723,279457,Business,Rejected,Hyderabad
Ananya,42,131278,503,595869,Business,Rejected,Kolkata
Aisha,40,134490,722,735056,Salaried,Approved,Kolkata
Sara,66,142126,463,312534,Business,Rejected,Mumbai
Priya,20,139491,757,686146,Self-Employed,Approved,Bangalore
Fatima,43,25025,907,311521,Self-Employed,Rejected,Ahmedabad
Sara,57,127744,861,126122,Salaried,Rejected,Pune
Sara,60,115413,843,770658,Self-Employed,Rejected,Mumbai
Imran,62,99393,870,717904,Self-Employed,Approved,Ahmedabad
Aditya,66,154471,886,5962,Salaried,Rejected,Pune
Neha,63,110394,882,546093,Salaried,Approved,Delhi
Rahul,49,164127,859,325245,Salaried,Rejected,Mumbai
Zoya,55,145302,643,759646,Self-Employed,Rejected,Kolkata
Neha,51,125027,634,214093,Salaried,Rejected,Kolkata
Karan,38,158817,757,773226,Business,Rejected,Kolkata
Aman,42,136821,750,599136,Business,Rejected,Kolkata
Rohan,24,136650,663,465217,Business,Approved,Mumbai
Ananya,63,45763,638,197424,Self-Employed,Rejected,Ahmedabad
Imran,63,81388,789,822715,Self-Employed,Rejected,Kolkata
Fatima,61,157221,665,387852,Business,Rejected,Hyderabad
Kabir,31,129468,557,105814,Self-Employed,Approved,Kolkata
Rohan,26,112348,767,576641,Self-Employed,Approved,Hyderabad
Ananya,43,113833,709,276085,Business,Rejected,Mumbai
Priya,46,151155,671,663264,Business,Rejected,Ahmedabad
Sara,40,75440,678,933376,Business,Rejected,Bangalore
Arjun,63,158527,683,257045,Self-Employed,Approved,Ahmedabad
Rahul,38,151635,880,845637,Salaried,Approved,Hyderabad
Riya,59,97145,874,697425,Self-Employed,Rejected,Ahmedabad
Rohan,61,136520,885,538439,Business,Rejected,Pune
Neha,58,116178,657,921830,Self-Employed,Rejected,Delhi
Arjun,69,136484,787,140533,Business,Approved,Hyderabad
Neha,46,38602,854,489331,Salaried,Rejected,Mumbai
Aman,63,113229,736,118794,Business,Approved,Pune
Imran,56,119829,863,331081,Business,Approved,Pune
Rohan,64,91331,724,652536,Business,Rejected,Kolkata
Rohan,69,50070,556,468614,Business,Approved,Hyderabad
Fatima,49,117382,822,609454,Business,Approved,Kolkata
Imran,62,154679,828,524664,Business,Rejected,Ahmedabad
Karan,29,155094,860,889174,Business,Rejected,Bangalore
Rahul,47,129133,878,735028,Business,Rejected,Chennai
Rahul,42,114092,657,499645,Salaried,Approved,Pune
Rohan,46,73325,675,133639,Self-Employed,Rejected,Chennai
Rahul,62,106779,761,300280,Salaried,Rejected,Delhi
Neha,60,87376,663,177783,Business,Rejected,Bangalore
Imran,51,76533,582,40519,Business,Approved,Chennai
Karan,59,144421,665,436223,Business,Approved,Kolkata
Imran,67,106724,648,219768,Business,Approved,Delhi
Kabir,60,112579,596,249340,Salaried,Approved,Pune
Kabir,23,129429,865,536333,Business,Approved,Mumbai
Priya,30,141524,860,186622,Salaried,Rejected,Hyderabad
Fatima,45,150304,799,794204,Business,Rejected,Kolkata
Sara,29,156327,823,968401,Business,Approved,Chennai
Aditya,35,145794,792,957298,Business,Approved,Hyderabad
Aditya,27,129370,743,656704,Business,Approved,Mumbai
Fatima,38,99007,836,-4902,Self-Employed,Approved,Pune
Riya,52,130596,556,711612,Self-Employed,Rejected,Pune
Aditya,68,92168,828,574048,Salaried,Rejected,Delhi
Riya,62,132685,875,757929,Business,Rejected,Delhi
Neha,57,95152,848,393064,Salaried,Rejected,Ahmedabad
Neha,26,114846,851,560733,Self-Employed,Approved,Bangalore
Priya,26,111594,762,414865,Self-Employed,Approved,Hyderabad
Karan,58,123128,627,692879,Self-Employed,Approved,Chennai
Karan,58,163454,883,950504,Self-Employed,Approved,Delhi
Aman,68,116489,832,105957,Self-Employed,Approved,Chennai
Fatima,49,141785,666,865964,Salaried,Rejected,Pune
Arjun,37,66078,839,351388,Business,Rejected,Pune
Kabir,60,97955,749,353617,Self-Employed,Approved,Kolkata
Kabir,68,101604,538,290366,Self-Employed,Approved,Hyderabad
Aisha,58,153891,551,371892,Salaried,Rejected,Bangalore
Kabir,68,133311,676,559641,Salaried,Approved,Kolkata
Priya,68,149185,778,197904,Business,Approved,Delhi
Neha,67,114798,707,221451,Salaried,Rejected,Ahmedabad
Ananya,62,128485,602,371677,Self-Employed,Approved,Delhi
Rohan,63,105091,642,256243,Salaried,Rejected,Pune
Priya,48,73246,541,233905,Business,Approved,Mumbai
Rohan,65,140345,752,601139,Salaried,Approved,Ahmedabad
Karan,55,117561,894,36337,Self-Employed,Rejected,Pune
Rohan,69,98209,675,239443,Self-Employed,Rejected,Delhi
Imran,44,132719,843,486848,Salaried,Rejected,Pune
Riya,61,68408,841,353510,Business,Approved,Delhi
Aisha,62,108125,834,429782,Self-Employed,Rejected,Bangalore
Aisha,59,156987,557,431203,Self-Employed,Rejected,Mumbai
Aisha,59,145841,802,389582,Business,Approved,Delhi
Ananya,64,79152,736,818193,Self-Employed,Approved,Delhi
Sara,43,74690,505,447887,Self-Employed,Approved,Mumbai
Arjun,60,157739,821,543151,Salaried,Rejected,Mumbai
Fatima,54,152635,876,873980,Salaried,Approved,Pune
Aditya,28,120683,716,427681,Self-Employed,Rejected,Mumbai
Imran,40,90742,666,112702,Salaried,Approved,Mumbai
Riya,56,156574,786,242455,Salaried,Approved,Mumbai
Aditya,62,68535,615,593269,Business,Rejected,Delhi
Aman,50,122353,728,579156,Salaried,Rejected,Delhi
Arjun,66,52960,782,371419,Self-Employed,Approved,Ahmedabad
Kabir,62,94787,860,209104,Self-Employed,Rejected,Kolkata
Karan,66,102691,819,712676,Business,Approved,Pune
Rahul,35,105451,856,873426,Business,Approved,Pune
Zoya,54,93520,696,822859,Business,Rejected,Ahmedabad
Rahul,47,152047,637,105723,Salaried,Approved,Hyderabad
Aman,20,71838,689,610598,Business,Approved,Ahmedabad
Karan,27,125585,579,288797,Self-Employed,Approved,Pune
Rohan,45,149991,701,290832,Business,Rejected,Ahmedabad
Riya,40,77889,812,403066,Self-Employed,Rejected,Mumbai
Ananya,56,68886,833,146697,Salaried,Rejected,Ahmedabad
Ananya,55,147505,769,744845,Salaried,Approved,Pune
Aditya,49,150446,569,109746,Business,Rejected,Hyderabad
Riya,62,127786,513,880598,Salaried,Rejected,Bangalore
Aman,63,97291,783,267207,Business,Rejected,Hyderabad
Rahul,57,161551,634,110688,Self-Employed,Approved,Mumbai
Riya,32,135797,709,380064,Self-Employed,Approved,Ahmedabad
Arjun,57,164090,754,479045,Self-Employed,Approved,Kolkata
Aman,66,152661,642,1013569,Self-Employed,Rejected,Kolkata
Sara,35,117312,861,552974,Salaried,Approved,Ahmedabad
Kabir,36,125065,861,944578,Business,Approved,Pune
Arjun,30,134529,886,410308,Business,Approved,Ahmedabad
Riya,41,43924,811,384061,Business,Approved,Hyderabad
Aditya,38,91905,884,641553,Business,Approved,Ahmedabad
Riya,29,50582,880,371682,Self-Employed,Approved,Hyderabad
Riya,25,120877,830,782280,Salaried,Rejected,Mumbai
Karan,57,81566,648,520054,Business,Approved,Mumbai
Aisha,33,57282,874,475769,Salaried,Approved,Delhi
Zoya,47,120949,655,233855,Salaried,Approved,Pune
Neha,65,155185,889,864419,Salaried,Rejected,Hyderabad
Aditya,29,149085,657,496355,Self-Employed,Rejected,Mumbai
Rohan,68,84463,862,535470,Self-Employed,Approved,Ahmedabad
Aditya,54,98502,638,488815,Salaried,Rejected,Chennai
Ananya,68,130111,812,337018,Business,Rejected,Pune
Aman,68,76854,663,41701,Salaried,Rejected,Mumbai
Karan,64,94277,844,120399,Self-Employed,Approved,Ahmedabad
Priya,66,120895,738,412478,Business,Rejected,Hyderabad
Priya,66,95369,854,221656,Salaried,Approved,Chennai
Zoya,65,120403,635,810037,Business,Approved,Chennai
Rahul,49,97503,700,291606,Business,Rejected,Mumbai
Karan,32,90711,582,117445,Self-Employed,Rejected,Kolkata
Neha,63,116699,794,345183,Salaried,Approved,Mumbai
Rahul,45,131393,862,744727,Business,Rejected,Kolkata
Kabir,71,107642,607,380426,Self-Employed,Approved,Hyderabad
Arjun,22,90893,674,894653,Salaried,Rejected,Delhi
Priya,32,155499,685,842041,Business,Rejected,Ahmedabad
Arjun,25,116247,863,239646,Business,Approved,Pune
Riya,28,115097,744,808739,Business,Approved,Delhi
Karan,44,140100,519,818678,Self-Employed,Rejected,Ahmedabad
Neha,56,140059,837,9208,Self-Employed,Approved,Mumbai
Karan,54,127828,602,71565,Self-Employed,Approved,Pune
Sara,57,86078,825,652063,Self-Employed,Rejected,Mumbai
Aman,54,87538,852,209265,Business,Rejected,Delhi
Rohan,62,154400,685,294644,Self-Employed,Rejected,Mumbai
Ananya,34,115782,851,61557,Self-Employed,Approved,Mumbai
Zoya,57,134345,775,90691,Self-Employed,Rejected,Bangalore
Rohan,53,128162,551,946960,Business,Approved,Hyderabad
Zoya,47,109373,885,365109,Business,Approved,Delhi
Aisha,69,135958,663,731302,Self-Employed,Rejected,Pune
Fatima,58,136369,710,255393,Business,Rejected,Hyderabad
Arjun,57,133723,715,507821,Business,Rejected,Pune
Rohan,56,98603,539,215683,Salaried,Rejected,Pune
Neha,54,143301,553,861129,Salaried,Approved,Kolkata
Karan,64,153767,822,630691,Salaried,Approved,Chennai
Arjun,51,100409,788,696991,Self-Employed,Rejected,Chennai
Kabir,67,61109,681,252147,Self-Employed,Approved,Hyderabad
Karan,62,105630,567,329687,Business,Approved,Pune
Arjun,70,116429,737,644503,Salaried,Rejected,Mumbai
Fatima,29,131561,744,308911,Self-Employed,Approved,Pune
Ananya,48,102668,495,393369,Business,Approved,Mumbai
Sara,55,102090,799,-13012,Self-Employed,Rejected,Ahmedabad
Karan,46,147713,894,148979,Self-Employed,Rejected,Ahmedabad
Aditya,54,126565,712,346262,Self-Employed,Approved,Ahmedabad
Rohan,63,126673,655,697072,Salaried,Rejected,Hyderabad
Rohan,66,108729,772,409734,Salaried,Rejected,Kolkata
Ananya,55,139128,636,235109,Self-Employed,Approved,Pune
Ananya,70,142747,685,804687,Salaried,Rejected,Chennai
Riya,64,94949,483,213424,Salaried,Rejected,Delhi
Fatima,34,126181,857,277388,Self-Employed,Rejected,Hyderabad
Aman,26,147823,772,40650,Salaried,Rejected,Kolkata
Aditya,42,112523,836,613779,Salaried,Approved,Chennai
Aisha,59,118581,835,606909,Business,Rejected,Ahmedabad
Rohan,31,137354,643,201588,Salaried,Rejected,Kolkata
Imran,28,154714,876,258950,Salaried,Rejected,Mumbai
Rohan,64,80032,769,760990,Business,Approved,Mumbai
Kabir,55,75466,635,178398,Salaried,Rejected,Hyderabad
Neha,29,68625,836,882769,Self-Employed,Approved,Hyderabad
Ananya,34,146263,589,754729,Salaried,Rejected,Pune
Kabir,61,144620,878,426401,Salaried,Approved,Ahmedabad
Aditya,24,41248,793,656294,Salaried,Approved,Mumbai
Riya,59,112961,709,695304,Business,Approved,Chennai
Karan,53,133262,801,65237,Business,Rejected,Chennai
Ananya,51,131216,722,923415,Business,Approved,Bangalore
Zoya,51,46529,759,680118,Self-Employed,Rejected,Mumbai
Rahul,43,127192,829,434946,Self-Employed,Rejected,Delhi
Aditya,40,147322,757,180148,Self-Employed,Approved,Mumbai
Priya,50,92401,498,935955,Self-Employed,Approved,Pune
Aman,63,105312,558,385465,Business,Rejected,Pune
Rohan,57,97722,790,370982,Self-Employed,Rejected,Chennai
Riya,65,148416,558,851890,Self-Employed,Rejected,Delhi
Aditya,66,98736,747,251776,Self-Employed,Rejected,Pune
Fatima,26,153738,724,187997,Business,Rejected,Ahmedabad
Sara,46,149214,707,555629,Business,Rejected,Mumbai
Zoya,40,140825,855,921196,Self-Employed,Rejected,Mumbai
Aman,50,152383,611,540674,Business,Rejected,Kolkata
Karan,57,119795,675,524145,Salaried,Approved,Bangalore
Zoya,58,132731,672,868403,Self-Employed,Rejected,Hyderabad
Rohan,41,89507,644,330608,Business,Approved,Ahmedabad
Sara,68,108462,870,-6806,Business,Approved,Kolkata
Riya,67,87220,801,228451,Business,Approved,Delhi
Karan,25,113289,774,905499,Self-Employed,Approved,Pune
Riya,41,48947,652,569279,Salaried,Approved,Ahmedabad
Rahul,57,101053,829,266457,Self-Employed,Rejected,Mumbai
Rahul,23,131307,688,275984,Self-Employed,Rejected,Delhi
Rohan,67,153184,847,144468,Salaried,Rejected,Bangalore
Fatima,54,120010,713,720876,Self-Employed,Rejected,Chennai
Riya,34,75223,826,606438,Self-Employed,Approved,Hyderabad
Aisha,29,138840,611,469665,Self-Employed,Approved,Mumbai
Aisha,62,155612,722,505023,Salaried,Approved,Chennai
Neha,32,116762,784,648389,Salaried,Rejected,Hyderabad
Zoya,59,84142,851,866864,Salaried,Rejected,Hyderabad
Neha,68,156272,605,674709,Salaried,Approved,Bangalore
Priya,66,140522,802,151406,Self-Employed,Approved,Chennai
Karan,53,127113,586,593720,Self-Employed,Rejected,Delhi
Zoya,64,111211,854,271435,Self-Employed,Approved,Pune
Neha,28,80305,653,657589,Business,Rejected,Bangalore
Riya,56,107996,881,484483,Business,Rejected,Ahmedabad
Rahul,31,50248,750,929720,Self-Employed,Approved,Ahmedabad
Priya,44,136325,718,55514,Business,Rejected,Mumbai
Arjun,59,123801,746,776863,Salaried,Rejected,Kolkata
Zoya,50,131406,774,331121,Self-Employed,Approved,Mumbai
Sara,43,138838,582,536805,Business,Rejected,Chennai
Zoya,41,108383,586,600245,Self-Employed,Rejected,Bangalore
Ananya,40,83901,762,842747,Business,Rejected,Mumbai
Aman,50,153797,735,544696,Business,Rejected,Delhi
Aisha,63,85121,811,695338,Salaried,Rejected,Kolkata
Neha,64,152744,665,485737,Salaried,Rejected,Mumbai
Aditya,62,87071,732,754367,Self-Employed,Rejected,Ahmedabad
Rohan,51,51833,769,306124,Salaried,Rejected,Delhi
Kabir,55,106347,837,417944,Self-Employed,Rejected,Pune
Karan,43,148687,682,379200,Self-Employed,Rejected,Mumbai
Zoya,66,109746,841,351880,Salaried,Rejected,Chennai
Ananya,60,141501,829,776200,Self-Employed,Rejected,Delhi
Neha,51,114880,741,606827,Self-Employed,Rejected,Chennai
Sara,60,154770,890,627061,Business,Rejected,Mumbai
Fatima,43,72231,728,395378,Salaried,Rejected,Kolkata
Neha,37,151484,888,306371,Salaried,Rejected,Chennai
Riya,33,144745,798,785641,Salaried,Approved,Pune
Priya,39,90623,773,186750,Business,Approved,Hyderabad
Priya,57,92881,821,154594,Business,Rejected,Mumbai
Rahul,52,103294,641,53897,Salaried,Rejected,Kolkata
Riya,48,123087,695,745193,Self-Employed,Rejected,Hyderabad
Aditya,42,143586,710,615516,Business,Rejected,Chennai
Neha,57,150650,556,731320,Self-Employed,Approved,Hyderabad
Arjun,64,133055,704,330056,Self-Employed,Rejected,Hyderabad
Sara,59,110230,682,607372,Self-Employed,Approved,Bangalore
Arjun,31,115984,883,722029,Business,Rejected,Delhi
Zoya,27,26449,825,75476,Salaried,Approved,Mumbai
Priya,59,108387,851,316600,Salaried,Approved,Ahmedabad
Ananya,43,84810,872,816615,Business,Rejected,Ahmedabad
Fatima,43,135295,552,658954,Business,Rejected,Kolkata
Neha,27,135658,515,575018,Salaried,Approved,Pune
Zoya,33,70803,721,443321,Salaried,Approved,Hyderabad
Karan,56,93364,872,164745,Salaried,Rejected,Delhi
Rahul,51,164790,551,7916,Business,Rejected,Kolkata
Karan,66,85607,820,719001,Salaried,Approved,Hyderabad
Ananya,52,74618,685,485806,Self-Employed,Approved,Kolkata
Riya,48,107096,640,164756,Salaried,Approved,Pune
Neha,62,159049,652,788572,Business,Approved,Delhi
Kabir,59,118703,569,497278,Self-Employed,Rejected,Kolkata
Imran,40,142180,890,406239,Self-Employed,Rejected,Pune
Riya,64,33316,498,68269,Self-Employed,Approved,Bangalore
Priya,63,145124,853,893785,Self-Employed,Rejected,Chennai
Fatima,54,50902,657,481003,Salaried,Rejected,Mumbai
Arjun,60,136820,829,219810,Business,Approved,Kolkata
Zoya,64,90412,888,550399,Business,Rejected,Bangalore
Aman,43,136010,854,379372,Self-Employed,Rejected,Mumbai
Aman,53,82709,609,252211,Salaried,Rejected,Pune
Fatima,26,133764,606,127270,Self-Employed,Approved,Pune
Aman,60,120949,642,396019,Business,Rejected,Mumbai
Arjun,42,56639,681,912812,Business,Rejected,Delhi
Aisha,61,99587,810,270194,Self-Employed,Approved,Bangalore
Rohan,50,116081,769,625818,Self-Employed,Rejected,Mumbai
Zoya,66,88092,783,737966,Business,Approved,Kolkata
Priya,65,154171,659,561979,Self-Employed,Approved,Delhi
Rahul,70,79018,830,486559,Business,Approved,Hyderabad
Kabir,41,135897,708,257192,Salaried,Rejected,Chennai
Aman,46,98001,566,495729,Salaried,Rejected,Ahmedabad
Arjun,40,142101,858,250146,Self-Employed,Rejected,Delhi
Aisha,46,86443,835,500045,Salaried,Approved,Mumbai
Fatima,47,130742,738,22588,Self-Employed,Approved,Mumbai
Riya,56,136815,755,532073,Self-Employed,Rejected,Bangalore
Kabir,46,93802,899,167427,Salaried,Approved,Chennai
Arjun,33,72505,686,816479,Business,Rejected,Mumbai
Zoya,63,156712,832,856883,Salaried,Approved,Hyderabad
Ananya,23,132338,825,765104,Salaried,Rejected,Delhi
Kabir,52,127657,561,403884,Salaried,Rejected,Ahmedabad
Karan,63,154602,806,889073,Self-Employed,Approved,Hyderabad
Zoya,25,43534,644,743239,Salaried,Rejected,Bangalore
Rohan,49,120205,752,89010,Self-Employed,Rejected,Chennai
Sara,58,88790,681,333918,Self-Employed,Approved,Chennai
Aditya,69,88967,832,286015,Self-Employed,Approved,Delhi
Rohan,68,132825,559,-21243,Self-Employed,Approved,Ahmedabad
Arjun,29,106514,809,867252,Self-Employed,Rejected,Ahmedabad
Aditya,60,106282,772,631299,Salaried,Approved,Bangalore
Kabir,56,152761,794,449105,Business,Approved,Mumbai
Ananya,55,113296,666,557925,Salaried,Approved,Pune
Ananya,66,143575,694,499244,Salaried,Rejected,Bangalore
Fatima,66,40477,715,692846,Salaried,Rejected,Kolkata
Kabir,66,115557,750,59730,Self-Employed,Rejected,Pune
Rahul,61,79444,567,97116,Self-Employed,Approved,Pune
Kabir,62,143110,857,804639,Salaried,Rejected,Chennai
Fatima,61,140188,548,427498,Self-Employed,Approved,Delhi
Arjun,54,64407,676,496388,Salaried,Rejected,Kolkata
Ananya,26,58669,890,614937,Business,Approved,Mumbai
Zoya,63,112363,849,184551,Salaried,Approved,Mumbai
Arjun,31,142051,789,252928,Self-Employed,Rejected,Mumbai
Neha,31,158058,711,570614,Business,Rejected,Kolkata
Karan,33,147134,892,165550,Salaried,Approved,Ahmedabad
Aisha,40,146076,893,878627,Business,Approved,Ahmedabad
Neha,34,102172,588,615578,Business,Rejected,Ahmedabad
Karan,56,105149,889,58344,Self-Employed,Rejected,Mumbai
Imran,51,160035,763,273300,Salaried,Rejected,Mumbai
Zoya,29,93107,824,672743,Salaried,Approved,Pune
Kabir,47,142850,545,8252,Salaried,Approved,Kolkata
Priya,61,108811,599,957040,Self-Employed,Rejected,Pune
Rahul,32,130679,699,260580,Self-Employed,Rejected,Delhi
Ananya,43,88795,806,828405,Salaried,Rejected,Ahmedabad
Priya,58,82823,873,476435,Self-Employed,Rejected,Bangalore
Ananya,67,163238,855,342882,Business,Rejected,Pune
Riya,24,114682,638,856819,Self-Employed,Approved,Hyderabad
Imran,49,49228,671,633618,Self-Employed,Rejected,Hyderabad
Aditya,19,146770,666,932184,Self-Employed,Approved,Mumbai
Neha,21,96947,843,514306,Business,Approved,Bangalore
Sara,68,55895,546,435014,Self-Employed,Rejected,Chennai
Aman,46,117784,788,979196,Business,Approved,Pune
Aditya,50,123276,556,971445,Self-Employed,Approved,Pune
Riya,57,83506,666,756622,Self-Employed,Approved,Mumbai
Arjun,56,144491,697,60676,Self-Employed,Approved,Mumbai
Imran,56,149242,694,418965,Salaried,Approved,Bangalore
Arjun,50,77525,652,303006,Salaried,Rejected,Hyderabad
Fatima,63,115719,853,137860,Self-Employed,Approved,Bangalore
Fatima,67,144667,614,925699,Salaried,Approved,Delhi
Fatima,28,165028,713,670073,Self-Employed,Rejected,Mumbai
Priya,65,143224,547,242964,Business,Rejected,Kolkata
Aisha,29,152809,719,544899,Salaried,Approved,Kolkata
Karan,64,147470,786,616616,Salaried,Approved,Kolkata
Rohan,43,30997,751,242039,Salaried,Approved,Mumbai
Fatima,43,135218,550,302623,Self-Employed,Approved,Chennai
Neha,65,140793,747,655121,Business,Rejected,Mumbai
Rahul,59,110998,550,65050,Salaried,Rejected,Mumbai
Karan,54,86432,871,224785,Salaried,Approved,Chennai
Aditya,67,109312,611,764725,Business,Approved,Mumbai
Rahul,50,132209,704,53368,Self-Employed,Approved,Delhi
Kabir,60,130283,889,266054,Salaried,Approved,Pune
Rohan,66,138194,804,433460,Self-Employed,Approved,Mumbai
Kabir,69,131016,593,428701,Self-Employed,Rejected,Pune
Karan,61,117399,854,335208,Business,Approved,Hyderabad
Kabir,66,141864,633,398785,Self-Employed,Approved,Kolkata
Priya,41,146606,874,311423,Business,Approved,Ahmedabad
Priya,56,120228,796,152943,Self-Employed,Rejected,Hyderabad
Priya,59,83859,698,425897,Salaried,Approved,Kolkata
Rahul,43,53829,760,306630,Self-Employed,Rejected,Chennai
Aditya,61,73135,732,891791,Business,Approved,Kolkata
Neha,34,48625,806,453616,Self-Employed,Rejected,Ahmedabad
Aditya,30,90464,857,323619,Self-Employed,Rejected,Mumbai
Zoya,68,82807,578,107022,Self-Employed,Approved,Delhi
Fatima,65,141848,556,433467,Salaried,Approved,Mumbai
Aditya,42,136979,634,489702,Salaried,Approved,Pune
Ananya,61,79657,873,411858,Business,Approved,Ahmedabad
Zoya,44,101987,884,75560,Self-Employed,Rejected,Mumbai
Karan,31,134260,540,868662,Business,Approved,Delhi
Imran,49,63083,820,831574,Business,Rejected,Hyderabad
Aditya,43,143591,773,433149,Salaried,Approved,Bangalore
Rahul,53,143552,818,462180,Self-Employed,Approved,Pune
Karan,56,76649,764,419917,Self-Employed,Approved,Chennai
Aditya,59,103717,505,674217,Salaried,Rejected,Ahmedabad
Riya,61,73442,459,817476,Business,Rejected,Pune
Arjun,50,155730,789,483903,Business,Rejected,Hyderabad
Rahul,22,141968,510,842378,Business,Approved,Bangalore
Priya,40,161496,723,361527,Self-Employed,Rejected,Mumbai
Priya,50,160845,684,769372,Salaried,Rejected,Delhi
Fatima,38,99340,834,551691,Business,Approved,Hyderabad
Rahul,48,90060,812,50050,Business,Rejected,Delhi
Rohan,61,85652,782,361142,Business,Approved,Bangalore
Aman,47,90883,632,685920,Business,Rejected,Bangalore
Fatima,65,57279,846,676138,Business,Approved,Kolkata
Fatima,59,66076,731,136633,Business,Rejected,Hyderabad
Karan,56,74998,811,637227,Salaried,Approved,Kolkata
Aditya,41,107044,501,519003,Self-Employed,Rejected,Ahmedabad
Sara,65,133469,794,197790,Business,Approved,Mumbai
Ananya,50,128856,719,473002,Self-Employed,Approved,Delhi
Aisha,55,75594,588,91953,Salaried,Rejected,Hyderabad
Karan,55,137347,659,773406,Salaried,Approved,Delhi
Imran,65,83173,711,664973,Business,Rejected,Bangalore
Arjun,50,128281,828,311854,Self-Employed,Rejected,Chennai
Kabir,65,129504,844,498189,Business,Rejected,Pune
Sara,61,93995,643,675518,Business,Approved,Hyderabad
Aisha,41,83210,697,512764,Business,Approved,Kolkata
Sara,58,137015,724,859786,Salaried,Rejected,Chennai
Fatima,62,117393,903,16665,Self-Employed,Rejected,Hyderabad
Fatima,36,146620,600,206894,Business,Approved,Chennai
Priya,68,75463,743,72393,Business,Approved,Mumbai
Imran,59,117030,732,106952,Business,Approved,Delhi
Ananya,30,156737,764,354515,Business,Approved,Bangalore
Karan,26,88484,817,709520,Business,Rejected,Pune
Priya,26,141033,728,872565,Salaried,Rejected,Chennai
Aisha,65,97855,785,281779,Business,Rejected,Bangalore
Imran,32,113836,585,483685,Salaried,Rejected,Hyderabad
Zoya,60,161723,861,148293,Salaried,Rejected,Delhi
Neha,53,75450,868,390455,Salaried,Rejected,Mumbai
Aisha,48,145000,813,173647,Business,Approved,Mumbai
Karan,46,131976,799,52102,Self-Employed,Rejected,Mumbai
Imran,63,120167,814,436469,Business,Rejected,Delhi
Aman,59,145490,655,332494,Business,Approved,Ahmedabad
Rohan,64,47217,820,762280,Salaried,Rejected,Bangalore
Aman,54,84001,674,382713,Business,Rejected,Pune
Rahul,37,124362,704,115766,Business,Approved,Kolkata
Priya,50,132378,539,472257,Self-Employed,Approved,Bangalore
Arjun,56,152769,812,60040,Business,Rejected,Ahmedabad
Fatima,40,113372,770,520674,Salaried,Rejected,Hyderabad
Sara,45,88382,800,596477,Salaried,Rejected,Pune
Fatima,65,116992,698,975592,Self-Employed,Rejected,Mumbai
Arjun,63,141165,717,506145,Business,Approved,Bangalore
Priya,25,152255,858,815188,Self-Employed,Approved,Ahmedabad
Arjun,22,145709,874,744600,Business,Approved,Ahmedabad
Neha,64,109452,813,225036,Self-Employed,Approved,Kolkata
Karan,45,142451,737,405145,Salaried,Rejected,Hyderabad
Sara,27,79153,842,429394,Business,Rejected,Mumbai
Rohan,52,147057,700,863764,Salaried,Rejected,Mumbai
Aisha,47,112756,880,921763,Salaried,Rejected,Mumbai
Rohan,53,132232,647,781509,Salaried,Rejected,Chennai
Aisha,59,125963,646,190922,Self-Employed,Approved,Hyderabad
Rahul,63,105060,686,502950,Salaried,Approved,Chennai
Aditya,39,151518,772,638399,Self-Employed,Approved,Ahmedabad
Priya,50,154640,738,630323,Self-Employed,Approved,Ahmedabad
Ananya,55,157324,884,10433,Self-Employed,Rejected,Pune
Ananya,48,126044,552,376323,Salaried,Rejected,Bangalore
Aisha,27,106339,860,327932,Self-Employed,Approved,Ahmedabad
Imran,28,155178,786,197353,Salaried,Rejected,Chennai
Priya,61,151366,874,340922,Salaried,Rejected,Hyderabad
Neha,32,155754,603,866964,Self-Employed,Rejected,Mumbai
Zoya,46,87285,876,528326,Self-Employed,Approved,Kolkata
Priya,39,147514,885,577165,Business,Rejected,Pune
Fatima,58,139404,838,36930,Self-Employed,Rejected,Delhi
Priya,51,154382,605,747079,Salaried,Approved,Delhi
Riya,53,120749,524,507641,Salaried,Approved,Delhi
Kabir,50,73301,896,653511,Business,Rejected,Hyderabad
Fatima,54,157940,779,265156,Business,Rejected,Hyderabad
Arjun,66,134105,709,429948,Self-Employed,Rejected,Chennai
Rohan,52,124587,519,268389,Business,Rejected,Kolkata
Rahul,46,148023,826,70640,Self-Employed,Approved,Delhi
Aisha,56,94232,844,98855,Business,Approved,Hyderabad
Rahul,59,160459,795,519765,Self-Employed,Rejected,Ahmedabad
Riya,46,136760,850,323769,Business,Rejected,Delhi
Priya,45,28125,833,293196,Business,Rejected,Pune
Neha,62,84494,546,288571,Salaried,Approved,Kolkata
Aisha,32,154847,732,714048,Business,Rejected,Chennai
Karan,68,143999,847,412971,Business,Approved,Delhi
Aisha,53,102668,875,587726,Business,Rejected,Delhi
Fatima,67,121487,782,371391,Business,Approved,Pune
Ananya,33,56762,881,568355,Self-Employed,Approved,Chennai
Aditya,41,145847,601,766208,Self-Employed,Approved,Ahmedabad
Karan,44,133578,605,534732,Business,Rejected,Pune
Rohan,53,111253,865,418597,Business,Rejected,Hyderabad
Aisha,42,152035,884,598481,Business,Approved,Chennai
Neha,47,137335,651,913541,Business,Rejected,Delhi
Imran,56,155842,844,407456,Salaried,Rejected,Chennai
Arjun,54,43369,832,201948,Business,Rejected,Pune
Kabir,55,140762,878,-19795,Salaried,Rejected,Mumbai
Neha,68,158411,816,259023,Salaried,Approved,Chennai
Kabir,51,94623,868,192501,Self-Employed,Rejected,Ahmedabad
Aman,67,114428,796,816601,Salaried,Rejected,Kolkata
Priya,24,61947,746,829117,Business,Rejected,Mumbai
Rahul,38,76262,767,236635,Self-Employed,Rejected,Delhi
Priya,55,149370,665,406209,Business,Rejected,Delhi
Sara,41,152196,807,442406,Salaried,Rejected,Mumbai
Rahul,57,142325,882,536564,Salaried,Rejected,Chennai
Arjun,32,66767,544,507050,Business,Approved,Pune
Aditya,49,145036,551,517026,Business,Rejected,Hyderabad
Riya,58,106228,593,601565,Business,Approved,Bangalore
Karan,30,129231,885,292046,Salaried,Approved,Bangalore
Riya,69,135168,806,591625,Self-Employed,Approved,Pune
Aisha,30,74547,818,570049,Self-Employed,Approved,Bangalore
Neha,34,109039,771,365359,Business,Approved,Mumbai
Sara,52,111814,841,87271,Business,Approved,Ahmedabad
Neha,49,73434,733,189598,Business,Rejected,Hyderabad
Karan,48,147881,670,649942,Salaried,Rejected,Kolkata
Rohan,67,148007,853,157940,Salaried,Rejected,Hyderabad
Fatima,36,116482,788,822854,Self-Employed,Rejected,Ahmedabad
Rohan,20,62708,672,513896,Salaried,Rejected,Chennai
Priya,29,75018,820,967618,Salaried,Rejected,Bangalore
Fatima,59,108159,872,268958,Business,Approved,Chennai
Ananya,46,42600,500,490404,Salaried,Rejected,Mumbai
Arjun,31,121360,730,234780,Salaried,Rejected,Mumbai
Ananya,50,116901,779,502143,Salaried,Rejected,Ahmedabad
Aditya,29,157816,876,864154,Self-Employed,Rejected,Delhi
Priya,62,138392,632,298702,Self-Employed,Approved,Hyderabad
Imran,65,118059,834,922579,Self-Employed,Approved,Ahmedabad
Imran,67,139594,737,681056,Salaried,Rejected,Hyderabad
Sara,68,124343,835,344930,Business,Approved,Pune
Kabir,33,151877,658,380269,Self-Employed,Rejected,Ahmedabad
Priya,41,42495,603,111024,Salaried,Rejected,Chennai
Fatima,59,127586,877,426219,Salaried,Rejected,Chennai
Fatima,55,122741,672,558401,Business,Approved,Ahmedabad
Sara,48,148203,659,197532,Business,Rejected,Chennai
Aman,58,119770,702,692625,Self-Employed,Rejected,Mumbai
Arjun,67,158096,874,775960,Self-Employed,Rejected,Pune
Sara,53,161117,755,400875,Self-Employed,Approved,Mumbai
Sara,44,140935,585,511965,Business,Rejected,Bangalore
Ananya,55,126586,869,440339,Business,Rejected,Mumbai
Ananya,22,51413,800,537480,Self-Employed,Rejected,Kolkata
Sara,62,84693,820,587202,Salaried,Approved,Delhi
Imran,63,80492,553,617450,Business,Approved,Pune
Karan,61,155779,522,770728,Self-Employed,Rejected,Chennai
Imran,45,54826,522,787799,Salaried,Rejected,Bangalore
Imran,26,88739,549,968091,Business,Rejected,Chennai
Aman,40,139429,725,463093,Business,Approved,Mumbai
Sara,70,155950,692,-42375,Salaried,Approved,Ahmedabad
Arjun,66,141200,695,829206,Salaried,Rejected,Bangalore
Aisha,65,65226,722,179767,Business,Approved,Mumbai
Aisha,53,129361,619,390190,Self-Employed,Approved,Mumbai
Neha,48,146753,692,937014,Self-Employed,Rejected,Delhi
Karan,58,145555,860,475429,Business,Rejected,Chennai
Imran,47,93455,495,731251,Business,Rejected,Bangalore
Arjun,45,76356,761,828530,Business,Approved,Pune
Karan,62,99519,890,270923,Salaried,Rejected,Ahmedabad
Kabir,60,123630,771,202544,Self-Employed,Rejected,Delhi
Neha,51,91106,826,200460,Self-Employed,Rejected,Kolkata
Fatima,32,118834,813,273681,Salaried,Rejected,Mumbai
Kabir,56,124185,828,490569,Self-Employed,Rejected,Mumbai
Karan,65,54574,877,349373,Salaried,Approved,Delhi
Aisha,51,102122,812,926851,Salaried,Rejected,Bangalore
Rohan,58,120114,909,940091,Self-Employed,Rejected,Bangalore
Arjun,68,56066,564,78874,Business,Approved,Ahmedabad
Rohan,44,141462,676,23654,Salaried,Approved,Delhi
Kabir,27,119881,482,949375,Salaried,Approved,Pune
Priya,31,59702,873,796367,Business,Approved,Delhi
Rohan,53,95796,876,36834,Self-Employed,Rejected,Ahmedabad
Rahul,63,137142,593,671731,Salaried,Rejected,Hyderabad
Rahul,69,46437,792,-26171,Business,Approved,Chennai
Riya,31,144927,631,458190,Self-Employed,Rejected,Delhi
Aditya,29,109779,824,110911,Business,Approved,Delhi
Rahul,57,157876,635,229703,Business,Rejected,Mumbai
Kabir,31,147896,784,596813,Business,Rejected,Bangalore
Aman,57,81345,577,112865,Self-Employed,Approved,Delhi
Karan,65,50533,763,560448,Self-Employed,Approved,Ahmedabad
Ananya,61,116092,840,790632,Business,Approved,Bangalore
Riya,33,152969,852,317829,Self-Employed,Rejected,Mumbai
Imran,30,147617,609,574441,Business,Approved,Kolkata
Aisha,58,128732,564,184895,Self-Employed,Rejected,Bangalore
Aman,35,86476,895,682773,Self-Employed,Approved,Pune
Aditya,29,106101,568,191625,Self-Employed,Approved,Pune
Priya,46,129065,780,437224,Self-Employed,Approved,Kolkata
Ananya,30,136938,799,634689,Business,Rejected,Pune
Kabir,39,135972,768,233084,Salaried,Rejected,Bangalore
Rohan,43,114899,780,361440,Self-Employed,Rejected,Chennai
Riya,47,144339,859,370472,Salaried,Approved,Ahmedabad
Aditya,61,156849,625,279244,Business,Approved,Pune
Rahul,45,64874,585,355028,Salaried,Rejected,Delhi
Rahul,65,155757,700,218629,Business,Approved,Delhi
Imran,58,131018,723,522848,Business,Rejected,Bangalore
Aisha,60,89698,728,907239,Self-Employed,Approved,Hyderabad
Kabir,60,112820,553,809066,Salaried,Approved,Mumbai
Priya,53,114682,720,755271,Self-Employed,Rejected,Delhi
Sara,32,84729,863,759319,Salaried,Approved,Chennai
Priya,62,76086,727,393879,Salaried,Rejected,Bangalore
Arjun,30,83801,759,511954,Salaried,Rejected,Bangalore
Fatima,64,139037,736,567320,Self-Employed,Rejected,Chennai
Priya,67,158175,682,166978,Self-Employed,Approved,Pune
Priya,67,148243,568,60327,Business,Rejected,Chennai
Aisha,59,139750,820,756558,Business,Rejected,Ahmedabad
Aditya,49,129103,548,343436,Business,Approved,Mumbai
Sara,22,146797,568,851983,Self-Employed,Approved,Mumbai
Rahul,54,144775,897,1023394,Salaried,Rejected,Kolkata
Sara,46,156469,624,134793,Self-Employed,Rejected,Chennai
Rohan,30,119430,738,866243,Self-Employed,Approved,Ahmedabad
Rahul,59,89928,843,380577,Salaried,Approved,Delhi
Priya,66,81445,727,970195,Self-Employed,Rejected,Hyderabad
Aman,34,126483,873,400292,Self-Employed,Rejected,Bangalore
Neha,49,150137,823,648541,Business,Rejected,Mumbai
Zoya,62,116924,811,467566,Salaried,Rejected,Delhi
Aditya,35,62890,544,863124,Self-Employed,Approved,Kolkata
Ananya,42,134619,890,748806,Business,Approved,Kolkata
Aditya,47,57452,677,219956,Salaried,Approved,Bangalore
Ananya,63,61693,832,406406,Salaried,Approved,Mumbai
Kabir,31,111138,686,382217,Salaried,Approved,Delhi
Aman,43,150610,542,815088,Self-Employed,Approved,Hyderabad
Arjun,66,141509,570,236903,Self-Employed,Approved,Kolkata
Priya,28,43949,556,648382,Self-Employed,Rejected,Bangalore
Aisha,41,139342,733,379616,Business,Rejected,Ahmedabad
Sara,54,79216,878,450111,Self-Employed,Approved,Hyderabad
Zoya,61,134025,612,762100,Business,Approved,Kolkata
Rahul,37,61904,878,679862,Self-Employed,Rejected,Hyderabad
Rohan,66,157215,570,751748,Business,Approved,Hyderabad
Aditya,22,118886,796,299638,Salaried,Approved,Delhi
Priya,59,145933,864,75553,Self-Employed,Approved,Chennai
Kabir,54,128642,839,357388,Self-Employed,Approved,Pune
Priya,32,80821,708,73123,Business,Approved,Delhi
Fatima,18,141320,840,201623,Salaried,Rejected,Hyderabad
Kabir,21,155033,856,692894,Salaried,Rejected,Delhi
Aisha,42,151407,751,635369,Business,Approved,Hyderabad
Rohan,30,142532,853,839730,Salaried,Approved,Ahmedabad
Imran,60,66266,811,411005,Self-Employed,Approved,Ahmedabad
Zoya,49,73647,642,531954,Salaried,Approved,Pune
Rahul,66,122401,832,789114,Salaried,Rejected,Mumbai
Priya,53,120124,769,364776,Business,Rejected,Chennai
Rohan,61,87888,719,321160,Business,Approved,Chennai
Karan,60,148316,792,268857,Self-Employed,Approved,Bangalore
Fatima,60,135807,799,422091,Business,Rejected,Kolkata
Zoya,64,107133,556,243571,Self-Employed,Approved,Kolkata
Riya,66,146115,552,276630,Self-Employed,Approved,Hyderabad
Riya,31,116890,509,531355,Salaried,Approved,Bangalore
Kabir,50,135295,552,915580,Business,Approved,Chennai
Imran,49,64182,895,634901,Salaried,Approved,Kolkata
Karan,41,114961,679,367941,Business,Approved,Delhi
Aisha,59,81896,752,566327,Salaried,Rejected,Pune
Fatima,66,67181,686,304450,Business,Rejected,Delhi
Aditya,60,68406,709,810555,Self-Employed,Approved,Mumbai
Rohan,66,127604,614,882467,Business,Approved,Hyderabad
Aditya,64,104721,688,768170,Self-Employed,Rejected,Bangalore
Ananya,24,104065,535,488180,Salaried,Approved,Delhi
Ananya,23,92879,548,565210,Business,Approved,Ahmedabad
Rohan,50,74601,529,475199,Salaried,Approved,Bangalore
Rahul,43,110716,494,354928,Self-Employed,Rejected,Bangalore
Rohan,65,157658,748,187685,Business,Rejected,Delhi
Sara,31,62742,887,364609,Salaried,Rejected,Kolkata
Rohan,44,118208,803,64268,Business,Rejected,Mumbai
Arjun,53,155396,743,119387,Self-Employed,Rejected,Ahmedabad
Sara,45,98469,529,538293,Self-Employed,Rejected,Ahmedabad
Aisha,53,74477,788,536978,Self-Employed,Rejected,Bangalore
Aisha,63,148416,878,746815,Business,Rejected,Chennai
Rohan,29,59452,729,314848,Salaried,Rejected,Mumbai
Riya,53,91026,872,256936,Business,Approved,Hyderabad
Imran,51,140062,864,133217,Salaried,Rejected,Mumbai
Riya,64,78712,626,584692,Self-Employed,Approved,Ahmedabad
Riya,29,145464,835,407649,Salaried,Rejected,Ahmedabad
Rahul,65,148071,607,385343,Self-Employed,Rejected,Hyderabad
Karan,36,137438,890,591290,Business,Approved,Delhi
Rohan,30,92355,710,596405,Self-Employed,Approved,Hyderabad
Aisha,59,142986,687,139595,Business,Rejected,Kolkata
Zoya,67,108954,795,468021,Self-Employed,Approved,Chennai
Aisha,60,104689,604,806942,Business,Approved,Mumbai
Sara,54,132405,649,640456,Self-Employed,Approved,Mumbai
Aman,58,64798,861,455755,Business,Rejected,Mumbai
Riya,71,103611,776,216601,Business,Approved,Delhi
Imran,30,143278,805,458798,Business,Rejected,Kolkata
Rahul,66,89398,791,-19995,Self-Employed,Approved,Ahmedabad
Sara,62,154023,530,895816,Business,Approved,Hyderabad
Riya,66,99071,825,220823,Self-Employed,Approved,Delhi
Priya,67,141592,516,24252,Self-Employed,Approved,Chennai
Aditya,47,140563,825,101529,Business,Approved,Ahmedabad
Imran,60,149431,715,819541,Business,Rejected,Hyderabad
Aditya,30,160552,769,124914,Business,Approved,Mumbai
Kabir,55,143038,563,295578,Business,Approved,Bangalore
Rohan,67,154993,759,357686,Salaried,Rejected,Kolkata
Aditya,44,124894,677,240962,Business,Rejected,Delhi
Zoya,52,112731,672,463419,Business,Rejected,Chennai
Karan,63,130970,876,300878,Business,Approved,Hyderabad
Zoya,50,101424,792,809043,Salaried,Rejected,Hyderabad
Zoya,63,105153,574,382498,Business,Rejected,Pune
Neha,64,93238,580,517847,Self-Employed,Approved,Chennai
Karan,35,94179,774,634075,Self-Employed,Approved,Delhi
Riya,58,117361,795,856039,Business,Rejected,Hyderabad
Priya,45,94741,863,751742,Business,Approved,Chennai
Karan,58,149529,893,505195,Self-Employed,Approved,Bangalore
Aditya,66,65701,792,128775,Business,Approved,Pune
Neha,52,116207,861,996419,Business,Approved,Kolkata
Sara,54,119548,819,747712,Salaried,Approved,Ahmedabad
Neha,31,140248,737,168864,Salaried,Approved,Hyderabad
Rohan,62,86723,820,939330,Self-Employed,Approved,Pune
Neha,64,136966,815,839979,Self-Employed,Rejected,Hyderabad
Ananya,51,40848,857,224891,Self-Employed,Rejected,Pune
Neha,27,119522,622,177016,Self-Employed,Rejected,Mumbai
Neha,51,129202,770,641935,Salaried,Approved,Mumbai
Zoya,39,95599,728,709323,Self-Employed,Approved,Hyderabad
Aman,50,53502,657,892741,Salaried,Approved,Ahmedabad
Sara,60,29741,801,406703,Salaried,Approved,Hyderabad
Zoya,64,116353,878,17122,Self-Employed,Approved,Delhi
Riya,43,59360,857,545479,Business,Rejected,Ahmedabad
Aman,63,140134,872,683667,Self-Employed,Rejected,Hyderabad
Ananya,68,158125,718,444912,Self-Employed,Approved,Ahmedabad
Zoya,26,118160,811,36717,Salaried,Approved,Ahmedabad
Aditya,29,137333,668,142954,Business,Approved,Mumbai
Zoya,60,160714,857,466517,Salaried,Approved,Delhi
Aman,48,164893,833,945757,Salaried,Rejected,Hyderabad
Sara,54,139163,690,596405,Salaried,Rejected,Bangalore
Rahul,61,143184,666,182968,Business,Approved,Hyderabad
Riya,62,112597,837,957921,Self-Employed,Rejected,Bangalore
Neha,67,61895,768,355612,Salaried,Rejected,Ahmedabad
Arjun,60,58859,690,807231,Business,Rejected,Mumbai
Fatima,27,103968,671,668743,Business,Rejected,Delhi
Rahul,24,133753,542,870192,Self-Employed,Rejected,Hyderabad
Neha,53,149990,887,685571,Business,Rejected,Chennai
Zoya,58,105977,876,103736,Business,Rejected,Mumbai
Kabir,56,81404,810,38241,Salaried,Rejected,Ahmedabad
Aman,36,156871,805,539826,Business,Approved,Kolkata
Aman,45,135495,895,210667,Business,Approved,Delhi
Karan,62,51638,681,403619,Business,Approved,Pune
Sara,57,108662,718,522601,Salaried,Approved,Mumbai
Imran,57,105482,708,903170,Salaried,Approved,Ahmedabad
Aditya,48,57685,635,527974,Business,Approved,Ahmedabad
Rohan,56,87754,876,678822,Business,Rejected,Delhi
Karan,30,112653,862,351295,Business,Approved,Hyderabad
Rohan,51,83888,733,895031,Salaried,Rejected,Bangalore
Imran,44,95066,832,226226,Business,Rejected,Chennai
Aditya,63,116161,675,456763,Salaried,Approved,Mumbai
Neha,50,101288,847,459778,Business,Rejected,Chennai
Rohan,41,147062,885,369047,Salaried,Rejected,Mumbai
Riya,53,162936,799,819852,Self-Employed,Rejected,Chennai
Aisha,20,106049,832,859782,Salaried,Approved,Kolkata
Rohan,46,125737,644,480225,Salaried,Approved,Pune
Arjun,53,108118,887,180662,Salaried,Approved,Mumbai
Priya,44,153796,638,418065,Business,Approved,Chennai
Aisha,25,137112,679,138361,Salaried,Rejected,Pune
Priya,55,55719,678,87726,Salaried,Rejected,Hyderabad
Aditya,29,140723,536,631892,Business,Approved,Hyderabad
Zoya,55,139684,861,503893,Salaried,Rejected,Kolkata
Aisha,51,115921,777,838958,Salaried,Approved,Bangalore
Aditya,65,130361,903,339334,Self-Employed,Approved,Chennai
Fatima,51,149392,602,462843,Salaried,Approved,Ahmedabad
Fatima,63,124418,753,610052,Business,Approved,Kolkata
Riya,32,77685,807,695167,Self-Employed,Approved,Mumbai
Arjun,56,128870,739,861404,Business,Approved,Delhi
Imran,36,104177,672,245473,Salaried,Rejected,Ahmedabad
Neha,56,72832,878,761788,Business,Rejected,Kolkata
Karan,32,153831,867,571176,Business,Rejected,Ahmedabad
Rahul,41,119870,659,615602,Self-Employed,Rejected,Hyderabad
Riya,61,105929,626,98908,Business,Approved,Bangalore
Sara,71,143921,853,1073601,Self-Employed,Rejected,Chennai
Rohan,26,128246,534,383607,Self-Employed,Approved,Bangalore
Zoya,49,123319,531,380227,Salaried,Approved,Kolkata
Riya,34,150982,879,162785,Business,Rejected,Mumbai
Aman,29,150777,882,92781,Salaried,Rejected,Bangalore
Neha,32,116912,801,518125,Self-Employed,Rejected,Kolkata
Arjun,33,90080,678,220866,Self-Employed,Approved,Chennai
Karan,42,117100,495,506164,Salaried,Rejected,Bangalore
Karan,42,114218,791,654322,Business,Approved,Pune
Karan,66,136720,677,388239,Business,Rejected,Delhi
Neha,55,119935,864,79820,Salaried,Rejected,Mumbai
Priya,38,78672,892,-4156,Self-Employed,Approved,Hyderabad
Rohan,44,37433,552,519248,Self-Employed,Rejected,Ahmedabad
Aman,69,129051,849,427974,Self-Employed,Approved,Delhi
Zoya,39,149209,856,758560,Business,Approved,Mumbai
Riya,44,88641,548,492651,Self-Employed,Approved,Chennai
Aisha,44,121063,650,778443,Business,Approved,Bangalore
Imran,64,66504,627,789742,Self-Employed,Approved,Ahmedabad
Imran,25,139527,646,300765,Business,Approved,Bangalore
Neha,50,82386,878,301026,Salaried,Rejected,Pune
Neha,60,134552,578,644508,Self-Employed,Rejected,Pune
Sara,58,138330,786,311124,Business,Approved,Delhi
Neha,66,147718,781,82228,Self-Employed,Rejected,Bangalore
Zoya,66,146991,580,205577,Self-Employed,Approved,Delhi
Aisha,59,92183,622,798607,Self-Employed,Approved,Pune
Aman,61,98065,682,588840,Salaried,Approved,Bangalore
Rahul,58,156654,874,849729,Salaried,Approved,Hyderabad
Imran,62,101494,543,596680,Business,Rejected,Bangalore
Imran,63,105237,665,41016,Salaried,Rejected,Ahmedabad
Ananya,56,66895,557,724520,Salaried,Rejected,Kolkata
Fatima,49,156803,675,9181,Self-Employed,Approved,Chennai
Rohan,62,107198,894,517794,Business,Rejected,Pune
Karan,67,99065,667,800136,Business,Approved,Hyderabad
Arjun,65,132867,882,1073756,Salaried,Rejected,Delhi
Kabir,57,155902,648,427655,Salaried,Rejected,Ahmedabad
Aditya,60,69915,694,476699,Salaried,Approved,Delhi
Karan,57,150134,610,989943,Salaried,Approved,Bangalore
Imran,47,111589,828,164774,Salaried,Approved,Bangalore
Aman,53,36292,826,575421,Salaried,Approved,Delhi
Karan,36,92911,781,124179,Salaried,Rejected,Kolkata
Karan,69,37711,846,569253,Salaried,Approved,Ahmedabad
Rahul,65,136432,856,569067,Business,Approved,Pune
Aditya,64,136955,825,846651,Business,Rejected,Chennai
Rahul,64,151027,742,915219,Salaried,Approved,Mumbai
Priya,66,145669,635,866549,Salaried,Approved,Pune
Aman,46,143938,736,826373,Self-Employed,Approved,Pune
Zoya,51,107973,630,634799,Business,Approved,Chennai
Imran,39,85648,665,661550,Self-Employed,Rejected,Mumbai
Imran,57,101688,734,787460,Salaried,Rejected,Mumbai
Zoya,66,62717,503,811751,Self-Employed,Approved,Pune
Arjun,58,145075,735,218043,Salaried,Rejected,Ahmedabad
Aman,64,136535,744,426910,Business,Rejected,Hyderabad
Kabir,64,147809,619,767762,Salaried,Rejected,Pune
Karan,50,162990,648,570321,Business,Approved,Kolkata
Kabir,67,26925,812,111592,Salaried,Rejected,Chennai
Neha,39,60443,781,807296,Business,Approved,Mumbai
Priya,35,115269,806,31264,Salaried,Rejected,Mumbai
Arjun,32,137411,565,185352,Salaried,Approved,Kolkata
Riya,54,122877,853,459664,Salaried,Approved,Mumbai
Kabir,57,75097,504,313576,Salaried,Rejected,Ahmedabad
Neha,62,156972,790,134460,Self-Employed,Rejected,Delhi
Rahul,55,131583,676,529629,Business,Rejected,Bangalore
Fatima,60,106638,677,410476,Self-Employed,Rejected,Delhi
Aditya,47,116863,859,647010,Self-Employed,Approved,Ahmedabad
Sara,30,83495,475,768570,Salaried,Approved,Delhi
Kabir,55,37561,821,340553,Business,Rejected,Hyderabad
Aman,54,68360,576,790687,Self-Employed,Rejected,Bangalore
Fatima,32,103184,650,706327,Business,Rejected,Hyderabad
Rohan,34,82398,865,636148,Self-Employed,Approved,Pune
Aditya,49,60739,791,830334,Salaried,Rejected,Mumbai
Aisha,51,82275,553,731486,Business,Approved,Mumbai
Ananya,65,144847,712,445215,Salaried,Approved,Bangalore
Ananya,58,147710,569,623914,Self-Employed,Rejected,Hyderabad
Aisha,64,60110,788,230381,Salaried,Rejected,Mumbai
Fatima,56,92675,682,115752,Business,Approved,Ahmedabad
Priya,66,133114,552,600624,Salaried,Approved,Chennai
Rahul,31,126599,882,621747,Business,Approved,Chennai
Aisha,63,146836,694,274366,Business,Rejected,Kolkata
Rohan,46,80887,870,381878,Business,Rejected,Hyderabad
Karan,58,146924,685,192149,Business,Approved,Chennai
Fatima,64,152555,718,754799,Salaried,Rejected,Kolkata
Riya,27,136122,556,362181,Salaried,Rejected,Hyderabad
Arjun,35,46276,561,407799,Business,Approved,Pune
Zoya,62,104292,780,400495,Salaried,Approved,Kolkata
Aisha,44,66545,720,120659,Salaried,Rejected,Pune
Arjun,25,89333,679,366524,Self-Employed,Approved,Kolkata
Zoya,64,18968,799,153631,Self-Employed,Approved,Ahmedabad
Sara,54,144885,594,236372,Salaried,Approved,Pune
Rohan,59,157359,725,696215,Self-Employed,Approved,Kolkata
Fatima,51,132545,542,229675,Salaried,Rejected,Bangalore
Arjun,66,142524,865,575502,Business,Approved,Ahmedabad
Priya,59,115409,751,125018,Business,Approved,Kolkata
Karan,67,67945,777,813222,Salaried,Approved,Chennai
Karan,56,161314,883,594557,Business,Rejected,Bangalore
Aditya,35,143116,518,737928,Business,Rejected,Delhi
Neha,44,137013,705,31480,Business,Rejected,Delhi
Karan,30,105744,823,637631,Self-Employed,Approved,Ahmedabad
Aman,61,139653,580,346319,Self-Employed,Approved,Bangalore
Karan,61,32439,789,657893,Self-Employed,Rejected,Chennai
Aditya,62,147143,853,84923,Salaried,Approved,Ahmedabad
Rahul,53,81685,724,184985,Self-Employed,Rejected,Ahmedabad
Neha,58,72361,796,392499,Business,Rejected,Ahmedabad
Rahul,27,108295,491,188012,Self-Employed,Approved,Kolkata
Priya,60,107080,518,740967,Self-Employed,Approved,Kolkata
Imran,65,147286,786,325906,Business,Rejected,Kolkata
Kabir,55,161213,801,376139,Self-Employed,Approved,Delhi
Karan,39,116874,567,624687,Self-Employed,Rejected,Ahmedabad
Sara,71,139345,659,121240,Business,Approved,Mumbai
Rahul,63,82908,725,746992,Business,Rejected,Hyderabad
Karan,54,139295,746,223502,Self-Employed,Approved,Delhi
Riya,65,96305,635,269580,Business,Rejected,Kolkata
Aditya,40,149323,789,290670,Salaried,Rejected,Chennai
Fatima,39,120398,749,640172,Self-Employed,Rejected,Kolkata
Ananya,47,158488,502,864095,Salaried,Approved,Hyderabad
Arjun,54,114918,515,625718,Salaried,Rejected,Pune
Neha,40,112485,796,482911,Salaried,Approved,Pune
Riya,62,118753,613,-30294,Business,Rejected,Chennai
Aisha,32,44064,784,572233,Salaried,Approved,Hyderabad
Imran,50,127765,876,315418,Self-Employed,Approved,Hyderabad
Kabir,65,132453,762,434150,Self-Employed,Approved,Bangalore
Rohan,55,147648,686,941397,Business,Rejected,Pune
Ananya,26,139653,894,779781,Self-Employed,Rejected,Pune
Fatima,42,54357,812,86571,Salaried,Approved,Pune
Sara,65,136407,851,756318,Salaried,Approved,Ahmedabad
Rahul,25,123531,867,475514,Business,Approved,Pune
Priya,54,34198,811,543956,Self-Employed,Approved,Hyderabad
Priya,67,126916,856,94132,Salaried,Rejected,Pune
Priya,51,152163,813,653282,Salaried,Approved,Hyderabad
Fatima,71,119524,731,410658,Salaried,Approved,Kolkata
Aditya,63,120279,586,883736,Self-Employed,Rejected,Pune
Fatima,59,134869,646,219755,Salaried,Rejected,Bangalore
Ananya,61,139376,867,332170,Business,Approved,Hyderabad
Sara,46,99861,811,707403,Salaried,Rejected,Mumbai
Ananya,68,67338,601,76058,Salaried,Rejected,Mumbai
Aisha,43,154072,851,683903,Self-Employed,Rejected,Delhi
Karan,63,89650,614,279637,Business,Rejected,Ahmedabad
Aman,47,86426,856,363868,Salaried,Rejected,Mumbai
Karan,50,77285,785,431337,Salaried,Rejected,Pune
Fatima,64,111351,697,732971,Self-Employed,Rejected,Bangalore
Kabir,48,124963,873,483826,Business,Approved,Ahmedabad
Riya,59,146667,794,104476,Salaried,Rejected,Bangalore
Fatima,56,109244,764,848798,Self-Employed,Rejected,Hyderabad
Aman,63,102328,643,710922,Salaried,Rejected,Kolkata
Priya,24,33680,638,34603,Salaried,Approved,Bangalore
Sara,28,138158,623,537765,Self-Employed,Rejected,Pune
Riya,63,67040,630,314570,Self-Employed,Rejected,Hyderabad
Rahul,63,141475,856,218528,Self-Employed,Approved,Pune
Aisha,59,56958,717,881313,Salaried,Approved,Chennai
Rahul,30,118217,628,420464,Self-Employed,Approved,Delhi
Fatima,65,141072,601,783947,Self-Employed,Approved,Kolkata
Aditya,55,151746,599,281158,Salaried,Approved,Delhi
Aisha,23,114149,839,734495,Self-Employed,Approved,Chennai
Sara,65,136461,804,366646,Business,Approved,Ahmedabad
Neha,50,129827,866,869599,Salaried,Rejected,Bangalore
Sara,59,82882,699,298927,Self-Employed,Rejected,Mumbai
Aman,59,146336,834,393076,Self-Employed,Approved,Mumbai
Neha,29,95837,675,374087,Self-Employed,Approved,Hyderabad
Riya,47,129339,838,490496,Salaried,Approved,Chennai
Riya,47,125310,618,52874,Self-Employed,Rejected,Hyderabad
Karan,58,163543,706,733283,Business,Rejected,Bangalore
Rohan,49,124264,625,471103,Self-Employed,Approved,Mumbai
Priya,62,63929,863,13444,Salaried,Rejected,Hyderabad
Rahul,31,61633,793,1067630,Salaried,Approved,Kolkata
Priya,49,103635,894,449181,Salaried,Approved,Pune
Priya,62,70843,839,246910,Salaried,Rejected,Chennai
Rahul,51,137100,684,863106,Salaried,Approved,Ahmedabad
Fatima,41,97266,837,469434,Salaried,Approved,Kolkata
Rahul,29,59528,883,471493,Self-Employed,Rejected,Mumbai
Neha,19,132319,449,382405,Self-Employed,Approved,Bangalore
Ananya,25,42656,697,860545,Business,Approved,Hyderabad
Rahul,45,154293,795,415679,Salaried,Rejected,Chennai
Ananya,35,80004,614,694808,Self-Employed,Approved,Mumbai
Aisha,59,81439,896,256799,Salaried,Approved,Ahmedabad
Rahul,46,134583,773,142033,Business,Rejected,Ahmedabad
Arjun,44,152976,626,232074,Salaried,Approved,Hyderabad
Rahul,58,143416,801,530439,Self-Employed,Approved,Chennai
Fatima,59,105882,825,67876,Salaried,Rejected,Ahmedabad
Imran,46,152914,803,548892,Business,Approved,Mumbai
Riya,26,70424,709,629854,Self-Employed,Approved,Hyderabad
Aisha,51,142518,809,225757,Salaried,Rejected,Mumbai
Imran,39,110235,848,763573,Salaried,Approved,Hyderabad
Zoya,59,78629,886,412208,Self-Employed,Approved,Hyderabad
Arjun,56,141203,549,38324,Business,Rejected,Mumbai
Aisha,39,137780,699,108727,Business,Approved,Pune
Zoya,47,162188,861,432204,Self-Employed,Rejected,Chennai
Rohan,68,63854,534,473375,Business,Rejected,Kolkata
Priya,55,110281,549,274321,Business,Rejected,Mumbai
Imran,55,151174,809,189652,Salaried,Approved,Mumbai
Aditya,61,61872,805,827507,Self-Employed,Rejected,Chennai
Rahul,55,101780,819,681314,Self-Employed,Rejected,Mumbai
Fatima,54,137794,605,527928,Salaried,Rejected,Mumbai
Rahul,44,105060,752,775919,Business,Approved,Pune
Ananya,60,57280,873,162031,Salaried,Approved,Pune
Neha,37,133842,900,334547,Self-Employed,Rejected,Delhi
Karan,60,140338,602,-29291,Business,Rejected,Hyderabad
Riya,61,127629,678,3315,Salaried,Approved,Bangalore
Imran,59,101494,898,511056,Business,Rejected,Ahmedabad
Kabir,39,121722,719,248226,Self-Employed,Approved,Pune
Priya,60,91094,550,560747,Business,Rejected,Bangalore
Riya,62,129709,872,426302,Salaried,Approved,Pune
Aditya,28,122373,777,882892,Salaried,Rejected,Pune
Karan,58,134222,889,698236,Business,Rejected,Delhi
Rohan,54,139352,875,58037,Business,Approved,Kolkata
Neha,45,149066,868,354368,Salaried,Rejected,Pune
Ananya,57,113671,777,455237,Self-Employed,Approved,Kolkata
Ananya,67,100181,689,187598,Self-Employed,Approved,Chennai
Aditya,55,114828,685,819546,Self-Employed,Approved,Pune
Aisha,56,138423,767,699226,Salaried,Rejected,Kolkata
Kabir,64,152205,576,429659,Self-Employed,Rejected,Chennai
Aisha,21,145296,644,446952,Business,Approved,Ahmedabad
Aditya,50,152824,805,334880,Business,Approved,Ahmedabad
Rohan,68,107907,791,802200,Business,Approved,Bangalore
Aditya,22,105576,634,714599,Self-Employed,Rejected,Hyderabad
Riya,59,146680,660,400631,Business,Approved,Pune
Arjun,63,147564,581,577422,Self-Employed,Rejected,Ahmedabad
Rohan,54,135588,856,426270,Self-Employed,Approved,Delhi
Rahul,54,156645,574,782344,Self-Employed,Rejected,Bangalore
Aman,50,58067,764,638095,Self-Employed,Approved,Bangalore
Arjun,64,128437,796,543911,Business,Approved,Ahmedabad
Aditya,45,124864,740,919145,Business,Rejected,Kolkata
Kabir,57,151490,608,14310,Business,Approved,Ahmedabad
Imran,53,157218,855,63130,Salaried,Rejected,Mumbai
Aditya,70,116246,854,277317,Self-Employed,Rejected,Hyderabad
Imran,48,43116,762,898604,Salaried,Approved,Mumbai
Karan,40,78417,878,463044,Business,Approved,Pune
Neha,62,152492,849,536329,Self-Employed,Rejected,Bangalore
Ananya,58,153814,593,275042,Salaried,Approved,Ahmedabad
Riya,67,156626,574,349114,Self-Employed,Approved,Kolkata
Aman,55,70275,864,579624,Salaried,Rejected,Pune
Aditya,27,121901,845,-34883,Salaried,Rejected,Kolkata
Rohan,58,72441,854,77687,Salaried,Approved,Delhi
Karan,58,58809,684,963268,Salaried,Rejected,Mumbai
Ananya,34,108939,838,314074,Self-Employed,Rejected,Mumbai
Arjun,36,80330,676,4169,Business,Rejected,Delhi
Imran,35,142093,600,458863,Salaried,Approved,Delhi
Rohan,31,89579,827,701227,Self-Employed,Approved,Ahmedabad
Imran,58,96659,797,585926,Business,Rejected,Chennai
Aman,70,72657,672,23811,Business,Rejected,Chennai
Priya,33,136418,609,449636,Self-Employed,Rejected,Mumbai
Sara,23,101346,750,103090,Self-Employed,Approved,Hyderabad
Priya,45,113505,744,854984,Business,Rejected,Mumbai
Karan,67,159589,509,592825,Business,Rejected,Bangalore
Karan,62,141621,872,828712,Business,Approved,Ahmedabad
Rohan,28,140073,531,476018,Self-Employed,Rejected,Hyderabad
Arjun,52,149192,704,-19426,Business,Rejected,Bangalore
Aisha,66,102367,571,224272,Salaried,Rejected,Ahmedabad
Sara,26,41477,604,135530,Self-Employed,Approved,Pune
Rahul,68,46597,597,590751,Business,Rejected,Bangalore
Karan,68,104837,756,158760,Salaried,Rejected,Bangalore
Ananya,63,47278,870,745148,Salaried,Approved,Kolkata
Arjun,63,139946,638,233320,Business,Rejected,Chennai
Arjun,51,97278,860,193517,Business,Rejected,Pune
Aman,49,127347,703,716000,Salaried,Rejected,Chennai
Karan,50,138395,796,432425,Self-Employed,Rejected,Pune
Zoya,65,118512,731,485262,Business,Rejected,Mumbai
Zoya,65,86953,542,475973,Business,Rejected,Pune
Neha,61,133638,680,355793,Salaried,Rejected,Kolkata
Priya,69,86429,674,331715,Salaried,Rejected,Ahmedabad
Kabir,51,121721,845,595010,Salaried,Approved,Hyderabad
Zoya,43,113614,576,851743,Self-Employed,Approved,Mumbai
Neha,63,116969,881,876758,Self-Employed,Approved,Pune
Aman,52,114757,702,168536,Self-Employed,Rejected,Kolkata
Karan,43,141423,874,428237,Self-Employed,Approved,Bangalore
Arjun,56,124368,814,411982,Salaried,Approved,Mumbai
Aman,64,156625,834,969878,Salaried,Approved,Chennai
Zoya,66,129767,868,662778,Self-Employed,Approved,Kolkata
Zoya,62,88721,521,609223,Salaried,Rejected,Ahmedabad
Rahul,36,153892,518,145543,Business,Approved,Ahmedabad
Arjun,67,154892,719,142722,Business,Approved,Ahmedabad
Aisha,58,97396,638,577506,Self-Employed,Rejected,Mumbai
Sara,59,78660,544,169898,Salaried,Rejected,Delhi
Ananya,55,152550,855,596367,Business,Rejected,Kolkata
Ananya,50,133087,808,76906,Self-Employed,Approved,Chennai
Rohan,53,52514,842,783569,Self-Employed,Rejected,Chennai
Ananya,63,68112,905,789722,Self-Employed,Rejected,Chennai
Priya,66,140149,666,416761,Salaried,Rejected,Chennai
Kabir,22,137424,492,118968,Business,Approved,Ahmedabad
Aisha,62,134654,652,302785,Self-Employed,Approved,Kolkata
Aman,36,142173,701,741091,Business,Rejected,Pune
Kabir,55,154733,646,151826,Salaried,Rejected,Mumbai
Riya,57,105274,849,349326,Salaried,Approved,Mumbai
Rahul,58,139194,791,211882,Salaried,Rejected,Bangalore
Imran,65,130073,759,900100,Business,Approved,Mumbai
Aman,55,127484,723,724021,Self-Employed,Rejected,Hyderabad
Ananya,41,100291,737,287855,Business,Approved,Kolkata
Aditya,59,98745,714,494517,Business,Approved,Delhi
Ananya,67,95203,748,650808,Salaried,Approved,Mumbai
Aman,28,116236,661,453740,Salaried,Approved,Mumbai
Rohan,36,124381,872,678173,Salaried,Rejected,Kolkata
Ananya,58,62957,539,992149,Salaried,Approved,Bangalore
Neha,42,153802,513,754038,Salaried,Approved,Pune
Arjun,32,138673,648,244374,Business,Rejected,Kolkata
Ananya,48,101554,902,506523,Self-Employed,Approved,Pune
Ananya,26,95357,678,72413,Salaried,Rejected,Mumbai
Zoya,26,98983,863,773800,Salaried,Approved,Kolkata
Riya,48,94532,847,664703,Self-Employed,Rejected,Hyderabad
Aditya,45,139918,889,489051,Self-Employed,Rejected,Chennai
Aditya,34,112425,827,555288,Business,Approved,Ahmedabad
Karan,40,122177,787,825046,Self-Employed,Approved,Hyderabad
Riya,37,110849,758,989055,Self-Employed,Approved,Kolkata
Neha,52,151260,875,676308,Self-Employed,Rejected,Pune
Kabir,42,131290,705,91989,Salaried,Rejected,Hyderabad
Aditya,59,111914,619,758630,Business,Rejected,Ahmedabad
Neha,67,124452,546,10878,Self-Employed,Rejected,Mumbai
Aman,56,137016,694,467266,Salaried,Rejected,Kolkata
Aman,51,154708,747,588874,Business,Approved,Mumbai
Imran,59,77589,614,326198,Self-Employed,Rejected,Chennai
Ananya,33,86002,662,379831,Business,Approved,Ahmedabad
Fatima,43,156994,699,285504,Self-Employed,Rejected,Delhi
Kabir,67,130165,880,327635,Business,Rejected,Kolkata
Sara,58,101620,778,63744,Salaried,Rejected,Mumbai
Aisha,68,105162,685,-5128,Self-Employed,Rejected,Kolkata
Aditya,58,144824,647,416994,Salaried,Approved,Hyderabad
Aman,70,93777,877,436945,Salaried,Approved,Mumbai
Fatima,55,111118,570,972586,Salaried,Approved,Pune
Aman,58,116994,842,908703,Self-Employed,Approved,Chennai
Karan,59,126651,661,730499,Business,Rejected,Bangalore
Riya,54,90981,835,397361,Self-Employed,Rejected,Mumbai
Karan,54,91984,615,969098,Self-Employed,Approved,Bangalore
Kabir,24,130546,641,303435,Self-Employed,Rejected,Chennai
Zoya,60,109477,883,356964,Business,Approved,Bangalore
Aisha,39,146098,634,388405,Salaried,Approved,Mumbai
Imran,64,53765,734,1046369,Salaried,Rejected,Chennai
Neha,30,127394,508,617371,Business,Approved,Bangalore
Aisha,55,51044,867,147873,Business,Rejected,Chennai
Sara,26,72450,809,14289,Self-Employed,Approved,Kolkata
Aisha,48,57251,734,312850,Business,Approved,Kolkata
Karan,63,116588,768,554097,Business,Approved,Ahmedabad
Arjun,34,119487,740,389494,Business,Rejected,Chennai
Imran,64,158720,702,325734,Self-Employed,Rejected,Ahmedabad
Kabir,57,115425,664,160612,Self-Employed,Rejected,Ahmedabad
Neha,31,133939,840,745680,Self-Employed,Approved,Ahmedabad
Aman,53,87292,711,134093,Salaried,Rejected,Mumbai
Aisha,39,103762,814,222617,Self-Employed,Approved,Hyderabad
Arjun,53,104709,701,640115,Self-Employed,Approved,Pune
Riya,62,80621,667,462770,Business,Approved,Pune
Priya,70,124322,676,815558,Business,Approved,Ahmedabad
Priya,59,139887,811,862629,Business,Rejected,Delhi
Arjun,27,57126,879,603160,Business,Approved,Mumbai
Neha,48,128162,776,168412,Salaried,Approved,Hyderabad
Fatima,51,159466,820,549017,Salaried,Approved,Hyderabad
Arjun,50,96291,856,489887,Salaried,Approved,Chennai
Sara,67,153131,627,141395,Business,Approved,Bangalore
Aditya,58,138524,785,6841,Salaried,Rejected,Pune
Karan,67,116730,564,696473,Self-Employed,Rejected,Hyderabad
Zoya,28,154773,819,15735,Business,Approved,Pune
Riya,63,102365,763,138580,Business,Approved,Kolkata
Imran,28,106752,671,480250,Self-Employed,Approved,Mumbai
Rohan,35,69214,866,392164,Salaried,Approved,Ahmedabad
Riya,32,96266,529,738820,Business,Rejected,Kolkata
Kabir,40,133385,843,928863,Salaried,Rejected,Pune
Imran,60,68477,857,812599,Business,Rejected,Mumbai
Sara,54,153832,758,494829,Business,Approved,Kolkata
Sara,34,98223,891,11254,Self-Employed,Approved,Delhi
Aisha,52,107771,814,725111,Business,Approved,Bangalore
Neha,62,85127,766,600180,Salaried,Approved,Pune
Aman,55,87689,871,129266,Self-Employed,Rejected,Ahmedabad
Fatima,59,99106,680,893990,Business,Rejected,Chennai
Aman,61,98667,893,909281,Business,Rejected,Ahmedabad
Rohan,59,141370,659,460119,Self-Employed,Approved,Mumbai
Zoya,42,126523,804,378030,Salaried,Rejected,Hyderabad
Neha,47,104059,884,760227,Business,Rejected,Pune
Neha,68,142241,849,414521,Self-Employed,Approved,Chennai
Kabir,66,76377,795,264078,Self-Employed,Rejected,Delhi
Sara,43,94370,550,284444,Salaried,Approved,Pune
Priya,31,161905,521,249875,Salaried,Rejected,Delhi
Priya,51,74896,874,825155,Business,Approved,Chennai
Sara,32,89158,615,877482,Self-Employed,Rejected,Bangalore
Karan,53,96589,500,763253,Business,Rejected,Pune
Rohan,59,129860,533,453541,Salaried,Approved,Bangalore
Zoya,57,139443,852,869416,Business,Approved,Bangalore
Fatima,40,128033,592,335487,Self-Employed,Approved,Pune
Aditya,48,154626,873,89287,Self-Employed,Rejected,Pune
Aditya,46,70446,775,317059,Salaried,Approved,Mumbai
Zoya,64,59388,656,72595,Self-Employed,Approved,Delhi
Kabir,61,78987,672,653777,Business,Approved,Delhi
Neha,29,151129,865,728961,Business,Rejected,Mumbai
Kabir,51,117383,762,122344,Salaried,Rejected,Ahmedabad
Ananya,63,121583,707,887458,Salaried,Rejected,Mumbai
Karan,59,111251,550,440935,Self-Employed,Approved,Bangalore
Riya,62,107794,722,203393,Self-Employed,Rejected,Hyderabad
Imran,28,86862,833,483623,Self-Employed,Rejected,Kolkata
Kabir,60,81953,877,248045,Self-Employed,Approved,Chennai
Aman,27,136695,891,883673,Business,Rejected,Pune
Neha,52,156411,878,280552,Salaried,Rejected,Hyderabad
Riya,44,129530,883,488583,Salaried,Approved,Delhi
Kabir,51,74502,634,628426,Self-Employed,Approved,Kolkata
Riya,62,123665,721,262874,Salaried,Approved,Ahmedabad
Sara,34,135458,804,123758,Self-Employed,Rejected,Hyderabad
Priya,57,130135,745,745617,Business,Rejected,Hyderabad
Riya,47,137357,799,409212,Business,Approved,Ahmedabad
Riya,35,128811,617,363755,Self-Employed,Rejected,Hyderabad
Kabir,44,132409,737,152861,Self-Employed,Rejected,Mumbai
Karan,61,107146,698,781558,Self-Employed,Approved,Delhi
Rohan,51,153234,871,883598,Self-Employed,Approved,Mumbai
Riya,36,128744,551,821553,Self-Employed,Rejected,Mumbai
Neha,49,136750,475,332303,Business,Rejected,Kolkata
Fatima,58,125600,846,387749,Salaried,Approved,Mumbai
Arjun,59,113781,878,631809,Self-Employed,Rejected,Delhi
Rohan,53,155011,614,302024,Business,Rejected,Bangalore
Aman,43,161071,869,300078,Salaried,Approved,Ahmedabad
Aman,53,146333,639,461465,Business,Rejected,Bangalore
Zoya,39,124979,844,634106,Salaried,Rejected,Hyderabad
Ananya,67,156975,807,27156,Self-Employed,Rejected,Chennai
Imran,62,147442,818,474177,Business,Approved,Delhi
Arjun,45,71412,859,185799,Salaried,Rejected,Mumbai
Neha,59,139964,548,986297,Self-Employed,Approved,Kolkata
Riya,44,147017,630,235847,Business,Approved,Kolkata
Kabir,68,142652,685,581876,Salaried,Rejected,Ahmedabad
Priya,68,140092,633,321371,Business,Rejected,Mumbai
Kabir,53,134425,792,470597,Self-Employed,Approved,Chennai
Priya,65,158969,679,250344,Self-Employed,Rejected,Hyderabad
Kabir,43,131108,845,99882,Self-Employed,Approved,Hyderabad
Aisha,38,89400,649,587541,Self-Employed,Rejected,Mumbai
Sara,55,140094,870,406988,Salaried,Approved,Kolkata
Aditya,57,157558,734,759225,Salaried,Approved,Chennai
Fatima,42,160304,697,675568,Salaried,Approved,Ahmedabad
Kabir,58,131342,872,511893,Salaried,Rejected,Delhi
Rohan,68,155311,835,325291,Business,Rejected,Pune
Karan,48,149552,704,40656,Salaried,Approved,Mumbai
Aman,29,93220,679,185152,Salaried,Rejected,Ahmedabad
Karan,46,117640,889,892131,Salaried,Approved,Chennai
Aisha,32,127236,811,82739,Self-Employed,Approved,Kolkata
Rohan,58,141500,878,547765,Business,Approved,Chennai
Kabir,64,141305,659,438946,Business,Rejected,Bangalore
Zoya,50,143161,791,448742,Self-Employed,Approved,Bangalore
Karan,51,153310,630,115134,Salaried,Approved,Ahmedabad
Zoya,21,140297,661,911979,Salaried,Rejected,Ahmedabad
Arjun,51,135547,755,517318,Salaried,Approved,Bangalore
Priya,55,97435,769,425920,Business,Rejected,Bangalore
Rahul,51,113287,677,937404,Business,Rejected,Pune
Aman,62,153986,830,670515,Salaried,Rejected,Bangalore
Ananya,60,91787,633,219143,Self-Employed,Approved,Bangalore
Kabir,31,93020,830,521023,Salaried,Approved,Pune
Riya,65,102685,660,420650,Salaried,Approved,Bangalore
Karan,59,136663,893,228439,Business,Approved,Ahmedabad
Priya,28,121936,874,604259,Self-Employed,Approved,Mumbai
Aman,28,112851,473,824796,Self-Employed,Approved,Chennai
Arjun,59,89364,570,645091,Salaried,Rejected,Hyderabad
Priya,20,147173,457,648496,Salaried,Rejected,Mumbai
Fatima,34,90148,889,-32232,Self-Employed,Approved,Kolkata
Rahul,50,148928,754,503824,Business,Rejected,Hyderabad
Rohan,57,119225,871,1037385,Self-Employed,Approved,Ahmedabad
Imran,47,109800,667,858676,Salaried,Rejected,Chennai
Aisha,23,33894,647,214250,Self-Employed,Rejected,Ahmedabad
Ananya,52,83364,571,389552,Business,Approved,Bangalore
Kabir,55,64068,629,532022,Salaried,Approved,Chennai
Rohan,47,143595,839,917369,Salaried,Rejected,Bangalore
Karan,62,143384,807,478537,Business,Approved,Mumbai
Rahul,20,97272,862,185263,Self-Employed,Approved,Mumbai
Sara,44,143753,864,412699,Self-Employed,Approved,Bangalore
Kabir,53,51221,779,382597,Salaried,Rejected,Chennai
Ananya,43,112488,689,61844,Business,Approved,Chennai
Ananya,55,47050,766,883871,Salaried,Approved,Kolkata
Ananya,24,149284,516,669193,Business,Approved,Pune
Rahul,44,161724,862,222369,Self-Employed,Approved,Pune
Aman,59,117804,733,500304,Self-Employed,Approved,Bangalore
Aisha,58,95859,596,753751,Self-Employed,Rejected,Mumbai
Aditya,57,69930,570,789901,Salaried,Approved,Hyderabad
Priya,53,147521,738,326270,Self-Employed,Approved,Pune
Neha,60,97265,627,826955,Business,Rejected,Ahmedabad
Karan,61,89301,898,552009,Self-Employed,Approved,Ahmedabad
Neha,32,65153,543,721588,Business,Approved,Kolkata
Aditya,51,148181,749,453077,Self-Employed,Approved,Bangalore
Kabir,47,136673,883,49467,Salaried,Approved,Kolkata
Priya,67,96994,667,815704,Self-Employed,Rejected,Chennai
Sara,53,113779,876,263252,Salaried,Rejected,Chennai
Aditya,50,122034,568,716310,Business,Rejected,Hyderabad
Rahul,64,133198,889,521746,Self-Employed,Approved,Kolkata
Zoya,62,143162,810,217162,Salaried,Rejected,Delhi
Kabir,64,88953,894,428537,Self-Employed,Approved,Hyderabad
Arjun,61,137637,679,771877,Self-Employed,Approved,Hyderabad
Karan,29,63535,816,911809,Self-Employed,Approved,Pune
Neha,57,55878,761,413709,Salaried,Approved,Chennai
Riya,41,130195,742,669289,Salaried,Approved,Delhi
Rohan,49,157789,493,761066,Business,Rejected,Chennai
Rohan,67,118176,694,857426,Self-Employed,Approved,Mumbai
Kabir,69,132589,650,-1049,Business,Approved,Pune
Aman,59,113379,702,33963,Business,Approved,Mumbai
Imran,39,133723,647,61865,Self-Employed,Approved,Mumbai
Aman,62,155680,802,163997,Self-Employed,Rejected,Ahmedabad
Kabir,61,152010,547,613947,Self-Employed,Approved,Mumbai
Rahul,33,128890,517,672749,Business,Approved,Hyderabad
Karan,57,122371,669,590276,Business,Rejected,Mumbai
Rahul,59,55738,548,340303,Business,Rejected,Pune
Ananya,54,125790,732,240098,Self-Employed,Approved,Ahmedabad
Karan,63,112952,781,492236,Salaried,Rejected,Chennai
Fatima,42,135357,590,543156,Self-Employed,Approved,Mumbai
Ananya,56,75513,596,66115,Salaried,Rejected,Chennai
Imran,37,136283,824,737396,Self-Employed,Approved,Chennai
Sara,64,146937,669,59414,Self-Employed,Approved,Kolkata
Fatima,44,76175,801,935484,Salaried,Rejected,Delhi
Rahul,57,142016,462,571060,Salaried,Approved,Hyderabad
Riya,60,70596,880,60859,Business,Approved,Hyderabad
Zoya,30,71752,602,297452,Self-Employed,Approved,Bangalore
Zoya,32,122296,876,369679,Business,Rejected,Delhi
Aisha,55,56391,840,613595,Self-Employed,Approved,Kolkata
Aditya,57,52893,716,752001,Salaried,Approved,Mumbai
Kabir,68,59964,676,252519,Self-Employed,Rejected,Hyderabad
Karan,63,88944,899,262642,Salaried,Rejected,Ahmedabad
Fatima,61,57726,627,829167,Salaried,Rejected,Hyderabad
Rohan,30,152014,641,533436,Business,Rejected,Kolkata
Ananya,34,118549,754,846248,Business,Rejected,Mumbai
Priya,58,111297,879,99446,Salaried,Approved,Hyderabad
Sara,49,112122,591,231980,Salaried,Rejected,Chennai
Sara,62,93134,750,763707,Salaried,Rejected,Ahmedabad
Kabir,54,108993,530,445457,Self-Employed,Rejected,Mumbai
Imran,63,139339,850,547346,Self-Employed,Rejected,Hyderabad
Aditya,39,95234,893,781151,Salaried,Rejected,Mumbai
Kabir,67,153220,847,559760,Self-Employed,Rejected,Mumbai
Rahul,47,111242,729,4140,Self-Employed,Rejected,Delhi
Fatima,58,54275,887,288519,Self-Employed,Rejected,Ahmedabad
Karan,52,134037,735,322956,Self-Employed,Approved,Chennai
Imran,67,90540,524,388326,Salaried,Approved,Chennai
Aisha,46,136175,890,138398,Business,Approved,Hyderabad
Priya,39,136895,832,407381,Business,Approved,Chennai
Fatima,33,41423,550,895831,Salaried,Approved,Pune
Riya,55,138769,718,427779,Self-Employed,Rejected,Hyderabad
Rahul,49,86903,553,720689,Self-Employed,Approved,Pune
Sara,62,141231,701,672064,Self-Employed,Rejected,Delhi
Aditya,31,125951,888,414637,Business,Rejected,Mumbai
Zoya,67,53839,502,327714,Salaried,Rejected,Kolkata
Fatima,49,104435,658,775011,Business,Rejected,Bangalore
Aman,59,128412,876,463484,Business,Approved,Kolkata
Aditya,52,70408,872,869630,Self-Employed,Rejected,Delhi
Fatima,63,154505,802,268388,Business,Rejected,Kolkata
Rohan,57,55776,660,474020,Business,Rejected,Pune
Fatima,64,132487,703,812178,Self-Employed,Rejected,Hyderabad
Ananya,43,118620,726,896926,Business,Approved,Pune
Fatima,35,101190,792,496812,Business,Approved,Mumbai
Rahul,65,119644,602,89174,Salaried,Rejected,Chennai
Priya,51,160154,834,334009,Business,Approved,Chennai
Rohan,48,144023,739,931680,Salaried,Rejected,Bangalore
Rahul,62,84950,847,397171,Salaried,Approved,Mumbai
Rohan,68,106427,714,293842,Self-Employed,Approved,Ahmedabad
Riya,65,139119,873,60020,Business,Approved,Ahmedabad
Fatima,43,122026,580,788471,Salaried,Rejected,Bangalore
Aisha,30,113256,902,824721,Salaried,Rejected,Chennai
Fatima,32,155670,640,660532,Self-Employed,Approved,Delhi
Sara,45,112826,827,753171,Business,Approved,Kolkata
Aisha,49,148487,678,658510,Self-Employed,Approved,Chennai
Neha,54,56704,830,334113,Self-Employed,Approved,Ahmedabad
Arjun,63,155949,487,40822,Business,Approved,Hyderabad
Karan,43,55096,757,977156,Self-Employed,Rejected,Ahmedabad
Neha,42,101936,804,331647,Self-Employed,Approved,Ahmedabad
Sara,31,94319,821,800450,Business,Rejected,Pune
Imran,29,74940,594,940376,Self-Employed,Approved,Mumbai
Imran,61,91294,873,574752,Business,Rejected,Bangalore
Sara,56,131692,613,315465,Salaried,Rejected,Bangalore
Ananya,63,75922,893,410849,Salaried,Rejected,Mumbai
Neha,56,133553,798,580716,Business,Rejected,Delhi
Aman,63,125116,729,108759,Business,Rejected,Delhi
Aditya,54,94108,702,650929,Business,Approved,Hyderabad
Kabir,39,17668,839,856498,Salaried,Approved,Mumbai
Zoya,55,70247,864,439007,Business,Approved,Chennai
Rohan,42,160290,739,310755,Self-Employed,Rejected,Kolkata
Aman,40,134329,850,949290,Salaried,Approved,Hyderabad
Aman,34,88135,828,383985,Salaried,Rejected,Bangalore
Sara,60,145043,524,343903,Self-Employed,Rejected,Hyderabad
Rohan,51,89746,864,478248,Business,Rejected,Chennai
Karan,61,25820,595,937087,Self-Employed,Approved,Chennai
Priya,63,50466,886,328223,Salaried,Approved,Hyderabad
Rahul,64,122371,811,447587,Salaried,Rejected,Bangalore
Aditya,62,138129,690,348525,Self-Employed,Rejected,Pune
Priya,44,139523,633,957086,Business,Approved,Ahmedabad
Sara,66,152131,563,44754,Self-Employed,Approved,Mumbai
Karan,23,152477,661,382748,Salaried,Approved,Mumbai
Zoya,63,116552,857,318933,Salaried,Approved,Mumbai
Zoya,43,71951,877,432625,Business,Approved,Pune
Neha,67,92914,583,362935,Business,Approved,Pune
Rahul,30,143626,769,223106,Self-Employed,Approved,Mumbai
Aisha,62,151427,762,622174,Self-Employed,Rejected,Chennai
Arjun,57,156004,683,170552,Business,Rejected,Mumbai
Riya,65,53023,609,818022,Business,Approved,Pune
Aman,67,123242,879,349332,Self-Employed,Rejected,Delhi
Rohan,58,126377,757,721519,Self-Employed,Approved,Kolkata
Rohan,69,125746,847,696158,Self-Employed,Approved,Bangalore
Imran,26,93042,653,638164,Salaried,Approved,Mumbai
Rahul,63,49204,561,652649,Business,Approved,Mumbai
Priya,41,138177,630,430841,Salaried,Rejected,Chennai
Ananya,52,43550,738,462074,Salaried,Approved,Kolkata
Neha,32,81659,715,114081,Salaried,Rejected,Chennai
Neha,63,75392,665,765782,Business,Rejected,Ahmedabad
Rohan,65,141201,724,93486,Business,Approved,Kolkata
Zoya,46,96251,902,105234,Salaried,Approved,Chennai
Imran,55,148273,488,516912,Self-Employed,Rejected,Mumbai
Priya,22,163058,551,637197,Business,Rejected,Ahmedabad
Neha,48,120142,554,281421,Self-Employed,Approved,Hyderabad
Aisha,55,142974,782,416489,Salaried,Rejected,Pune
Ananya,40,154762,885,704877,Business,Rejected,Pune
Karan,33,95499,796,556577,Business,Rejected,Ahmedabad
Ananya,49,114410,888,563304,Salaried,Rejected,Ahmedabad
Zoya,31,162179,662,836730,Business,Approved,Mumbai
Aditya,60,161935,726,659845,Business,Rejected,Delhi
Karan,53,133464,544,21990,Salaried,Approved,Ahmedabad
Rohan,41,129777,777,595601,Self-Employed,Approved,Ahmedabad
Kabir,30,31594,896,325603,Business,Rejected,Bangalore
Rohan,59,138352,638,553958,Salaried,Rejected,Chennai
Aisha,69,67424,871,405102,Self-Employed,Rejected,Pune
Rohan,54,145053,746,807159,Salaried,Rejected,Hyderabad
Rohan,40,151483,813,232748,Self-Employed,Rejected,Delhi
Riya,36,148450,586,673876,Salaried,Approved,Kolkata
Ananya,59,144704,724,423954,Self-Employed,Approved,Hyderabad
Aman,56,37825,705,310986,Business,Rejected,Ahmedabad
Ananya,62,108245,882,592812,Self-Employed,Rejected,Mumbai
Aman,53,82644,723,417081,Salaried,Rejected,Pune
Priya,59,149918,703,676812,Self-Employed,Approved,Hyderabad
Imran,59,134796,856,362857,Self-Employed,Rejected,Mumbai
Karan,41,52878,800,668857,Business,Rejected,Hyderabad
Riya,49,58598,671,848201,Salaried,Approved,Chennai
Sara,53,144065,741,165341,Self-Employed,Rejected,Chennai
Fatima,31,61111,757,482583,Self-Employed,Rejected,Pune
Arjun,44,140162,836,459704,Salaried,Approved,Hyderabad
Priya,60,81303,722,468538,Self-Employed,Rejected,Delhi
Rohan,54,48817,863,382624,Self-Employed,Rejected,Chennai
Ananya,52,40562,748,5443,Salaried,Rejected,Bangalore
Sara,61,155424,897,599328,Self-Employed,Approved,Mumbai
Rahul,59,124173,780,611351,Self-Employed,Rejected,Kolkata
Zoya,62,135009,783,832275,Salaried,Rejected,Kolkata
Sara,31,124774,552,840460,Self-Employed,Approved,Delhi
Fatima,39,85655,864,290708,Self-Employed,Rejected,Kolkata
Sara,58,72096,884,545471,Salaried,Rejected,Pune
Neha,63,99654,873,337592,Business,Rejected,Hyderabad
Zoya,54,75129,777,-9114,Salaried,Rejected,Kolkata
Fatima,62,153189,672,3969,Business,Approved,Hyderabad
Sara,23,132634,875,302356,Self-Employed,Rejected,Bangalore
Riya,45,141275,757,346746,Self-Employed,Rejected,Chennai
Aman,51,151098,647,469737,Salaried,Rejected,Pune
Aman,61,58467,729,787367,Salaried,Approved,Bangalore
Ananya,25,129249,582,907715,Business,Approved,Delhi
Neha,55,132196,561,650601,Self-Employed,Rejected,Pune
Aisha,51,154937,840,137856,Self-Employed,Approved,Mumbai
Karan,63,146982,734,492883,Salaried,Rejected,Pune
Sara,41,121416,759,568787,Business,Rejected,Delhi
Neha,25,111005,525,567572,Business,Approved,Chennai
Neha,55,146495,684,930910,Business,Rejected,Mumbai
Arjun,44,99596,502,830567,Salaried,Approved,Kolkata
Arjun,52,148996,793,319468,Self-Employed,Rejected,Chennai
Karan,63,54382,882,549805,Business,Approved,Hyderabad
Karan,55,120004,819,96115,Salaried,Approved,Mumbai
Sara,44,150469,499,464908,Self-Employed,Rejected,Ahmedabad
Priya,50,125588,740,833011,Salaried,Approved,Delhi
Neha,63,136047,793,-21548,Salaried,Approved,Mumbai
Priya,63,142066,630,353213,Salaried,Rejected,Kolkata
Aditya,45,153303,649,259723,Salaried,Rejected,Mumbai
Imran,61,135215,830,-27375,Salaried,Approved,Hyderabad
Karan,46,124392,785,397146,Salaried,Approved,Mumbai
Aditya,53,98443,559,792818,Salaried,Rejected,Ahmedabad
Arjun,63,138122,766,20734,Business,Rejected,Hyderabad
Imran,39,134086,890,831918,Salaried,Rejected,Bangalore
Sara,58,111155,666,738980,Self-Employed,Approved,Pune
Aisha,52,150403,577,442236,Self-Employed,Approved,Hyderabad
Fatima,50,141033,564,462830,Salaried,Approved,Mumbai
Neha,38,61929,852,519936,Business,Rejected,Hyderabad
Fatima,71,117235,823,544424,Business,Approved,Bangalore
Fatima,53,80711,635,122651,Business,Rejected,Mumbai
Zoya,60,98129,583,670883,Self-Employed,Rejected,Delhi
Fatima,58,126978,573,468036,Self-Employed,Rejected,Bangalore
Riya,64,148654,560,580380,Salaried,Rejected,Hyderabad
Neha,25,125372,761,565521,Self-Employed,Rejected,Ahmedabad
Kabir,57,132957,699,614112,Business,Approved,Mumbai
Imran,64,145803,897,522201,Salaried,Rejected,Mumbai
Karan,50,123883,711,234688,Self-Employed,Approved,Bangalore
Ananya,45,45632,765,393443,Self-Employed,Approved,Kolkata
Kabir,60,136350,849,614573,Self-Employed,Approved,Kolkata
Rohan,44,145168,875,933115,Salaried,Rejected,Chennai
Kabir,58,139863,611,121715,Salaried,Approved,Delhi
Rohan,53,89460,703,730875,Salaried,Approved,Kolkata
Kabir,35,100810,565,717270,Salaried,Rejected,Pune
Imran,47,95361,727,23314,Business,Rejected,Mumbai
Rohan,26,127766,840,931286,Self-Employed,Approved,Mumbai
Arjun,43,94459,809,435867,Salaried,Approved,Chennai
Rahul,51,114156,701,124259,Business,Approved,Chennai
Karan,39,100541,713,582121,Salaried,Rejected,Bangalore
Aisha,47,156511,465,680381,Salaried,Approved,Bangalore
Ananya,68,39883,784,779112,Salaried,Approved,Kolkata
Imran,25,152690,815,947498,Business,Approved,Pune
Rohan,36,95620,831,245473,Business,Approved,Bangalore
Arjun,60,137821,698,823592,Business,Rejected,Chennai
Neha,47,122995,677,537526,Self-Employed,Approved,Chennai
Imran,44,116365,748,471128,Salaried,Approved,Kolkata
Aditya,56,134606,817,868318,Self-Employed,Rejected,Kolkata
Neha,35,124214,609,608417,Self-Employed,Rejected,Chennai
Aman,54,145540,861,642014,Self-Employed,Approved,Delhi
Karan,38,160597,758,524038,Self-Employed,Approved,Bangalore
Zoya,54,140513,823,860649,Business,Rejected,Hyderabad
Rahul,58,93226,486,849082,Salaried,Rejected,Hyderabad
Ananya,63,97594,661,388950,Business,Rejected,Chennai
Rohan,54,111554,842,925765,Business,Approved,Hyderabad
Neha,38,25267,492,624839,Salaried,Approved,Mumbai
Arjun,36,96473,784,229431,Self-Employed,Rejected,Bangalore
Priya,52,155239,585,222571,Self-Employed,Rejected,Bangalore
Priya,28,80478,620,796195,Business,Approved,Pune
Imran,31,140195,707,441808,Self-Employed,Rejected,Pune
Ananya,34,63333,507,268509,Business,Approved,Ahmedabad
Aman,49,63784,721,548024,Self-Employed,Rejected,Ahmedabad
Zoya,56,133019,736,47870,Salaried,Rejected,Ahmedabad
Zoya,46,87345,764,442393,Business,Rejected,Mumbai
Sara,54,93992,655,307538,Self-Employed,Approved,Mumbai
Aditya,44,118770,870,746229,Self-Employed,Approved,Kolkata
Rahul,26,112005,630,137278,Self-Employed,Rejected,Delhi
Sara,61,155798,700,788822,Salaried,Approved,Pune
Aisha,39,68151,841,529837,Self-Employed,Approved,Kolkata
Arjun,59,123444,808,549071,Business,Rejected,Hyderabad
Kabir,53,127026,534,685735,Business,Approved,Mumbai
Aditya,61,80280,847,493644,Self-Employed,Approved,Delhi
Fatima,60,157249,722,186687,Business,Approved,Chennai
Aman,33,135805,874,600302,Salaried,Rejected,Kolkata
Aisha,33,74184,863,471564,Business,Approved,Ahmedabad
Karan,38,131432,886,276063,Salaried,Approved,Ahmedabad
Fatima,25,159819,809,658562,Salaried,Rejected,Kolkata
Sara,45,121021,725,695058,Self-Employed,Rejected,Hyderabad
Neha,39,142052,674,-5791,Business,Rejected,Delhi
Kabir,63,134951,865,355751,Business,Approved,Bangalore
Aditya,49,45606,874,28268,Salaried,Rejected,Pune
Riya,55,144364,834,421667,Salaried,Rejected,Bangalore
Aditya,69,152562,773,372860,Business,Approved,Hyderabad
Rahul,55,99312,634,661411,Self-Employed,Approved,Bangalore
Rahul,40,142527,673,453787,Salaried,Approved,Bangalore
Priya,45,137808,777,112821,Business,Approved,Mumbai
Aman,53,42991,602,477612,Salaried,Rejected,Mumbai
Fatima,58,150338,778,250949,Salaried,Rejected,Hyderabad
Zoya,48,153322,697,487780,Business,Rejected,Bangalore
Arjun,63,97410,738,745206,Business,Approved,Ahmedabad
Ananya,30,58396,849,322795,Business,Approved,Ahmedabad
Arjun,60,114567,882,505232,Self-Employed,Rejected,Delhi
Riya,39,127730,625,322268,Salaried,Rejected,Delhi
Priya,56,139091,771,176806,Salaried,Approved,Delhi
Aditya,70,98685,727,356008,Self-Employed,Rejected,Hyderabad
Arjun,55,92248,672,808320,Business,Rejected,Pune
Aisha,26,131702,601,276878,Self-Employed,Rejected,Ahmedabad
Karan,61,136917,804,424976,Business,Approved,Mumbai
Karan,63,78310,786,836868,Business,Approved,Kolkata
Zoya,59,103279,774,914680,Business,Approved,Hyderabad
Aman,46,141728,883,274725,Salaried,Rejected,Bangalore
Sara,49,123845,640,822403,Business,Approved,Mumbai
Kabir,52,80449,791,469034,Business,Approved,Mumbai
Aditya,48,40667,785,192021,Business,Rejected,Mumbai
Kabir,52,64660,654,57803,Self-Employed,Approved,Kolkata
Arjun,47,142424,690,172657,Self-Employed,Approved,Chennai
Ananya,31,119211,822,744583,Business,Approved,Hyderabad
Fatima,67,156532,868,575112,Self-Employed,Rejected,Mumbai
Karan,27,34586,843,482167,Salaried,Rejected,Pune
Aman,65,108073,656,4201,Self-Employed,Approved,Ahmedabad
Neha,50,101571,633,595432,Business,Approved,Kolkata
Fatima,61,73582,827,927234,Business,Rejected,Mumbai
Ananya,61,120618,655,858740,Self-Employed,Approved,Kolkata
Zoya,51,68532,578,576030,Salaried,Rejected,Hyderabad
Riya,67,118691,652,1042509,Salaried,Approved,Mumbai
Zoya,52,135144,828,816615,Self-Employed,Rejected,Bangalore
Neha,25,139380,713,762815,Salaried,Approved,Delhi
Fatima,42,146980,542,810991,Self-Employed,Approved,Chennai
Aditya,26,122745,628,937258,Business,Rejected,Bangalore
Zoya,65,91387,752,195220,Salaried,Approved,Pune
Fatima,58,157122,758,541845,Self-Employed,Rejected,Ahmedabad
Zoya,64,148416,771,609983,Business,Rejected,Mumbai
Karan,68,134680,837,334372,Salaried,Approved,Hyderabad
Neha,58,118958,604,435089,Salaried,Rejected,Bangalore
Priya,66,49294,662,315681,Business,Rejected,Hyderabad
Rahul,54,113365,708,554346,Self-Employed,Approved,Hyderabad
Zoya,53,128415,743,885176,Business,Rejected,Delhi
Neha,59,88692,589,536950,Self-Employed,Rejected,Kolkata
Priya,63,153944,661,561410,Salaried,Approved,Hyderabad
Neha,57,129407,721,524702,Salaried,Rejected,Ahmedabad
Riya,25,90571,786,733505,Business,Rejected,Mumbai
Arjun,70,121082,597,821492,Business,Rejected,Delhi
Riya,62,111677,684,782336,Salaried,Rejected,Hyderabad
Aman,37,38877,545,857274,Business,Rejected,Delhi
Fatima,55,112260,683,1031760,Self-Employed,Rejected,Delhi
Riya,65,59092,783,299621,Self-Employed,Approved,Chennai
Priya,54,135058,836,145306,Business,Approved,Delhi
Aditya,48,147426,851,425336,Business,Rejected,Kolkata
Aditya,59,75429,895,243258,Business,Approved,Delhi
Neha,66,43105,812,97826,Salaried,Rejected,Pune
Fatima,52,24308,862,108843,Self-Employed,Rejected,Chennai
Karan,67,120954,895,182488,Self-Employed,Approved,Chennai
Karan,39,150037,840,653941,Salaried,Rejected,Delhi
Fatima,49,125781,720,665583,Business,Approved,Kolkata
Ananya,57,156146,637,255113,Business,Rejected,Ahmedabad
Aditya,21,123254,803,626822,Business,Approved,Kolkata
Neha,27,103217,726,243435,Self-Employed,Rejected,Delhi
Ananya,59,137008,598,663609,Salaried,Rejected,Pune
Sara,32,93097,856,370203,Business,Rejected,Bangalore
Neha,66,127747,714,621942,Business,Rejected,Pune
Priya,53,137487,737,575343,Salaried,Approved,Ahmedabad
Riya,55,155784,695,260336,Business,Rejected,Bangalore
Kabir,44,95619,617,578978,Business,Approved,Kolkata
Sara,46,145963,753,368699,Business,Rejected,Chennai
Ananya,57,49428,647,390695,Salaried,Rejected,Kolkata
Aditya,65,146460,825,416941,Self-Employed,Approved,Bangalore
Fatima,52,125448,802,377751,Salaried,Approved,Hyderabad
Aditya,56,59718,659,181587,Salaried,Rejected,Ahmedabad
Aisha,58,126988,760,500163,Self-Employed,Approved,Mumbai
Aman,54,153209,721,322452,Business,Rejected,Ahmedabad
Arjun,61,158874,883,266868,Business,Rejected,Pune
Ananya,43,150161,882,551338,Self-Employed,Rejected,Pune
Kabir,66,115825,808,193253,Salaried,Approved,Kolkata
Aisha,56,109323,868,408625,Self-Employed,Rejected,Chennai
Karan,59,145317,521,673070,Business,Rejected,Kolkata
Fatima,59,94484,760,879710,Salaried,Rejected,Hyderabad
Sara,51,38586,641,285963,Business,Rejected,Bangalore
Ananya,44,109450,863,801676,Salaried,Rejected,Bangalore
Ananya,64,156641,857,892257,Self-Employed,Rejected,Delhi
Rahul,60,149827,735,280387,Self-Employed,Rejected,Kolkata
Karan,67,119844,759,180205,Self-Employed,Rejected,Chennai
Aman,43,150539,725,1005681,Business,Approved,Chennai
Aman,56,111170,733,870308,Business,Rejected,Mumbai
Neha,44,41787,716,104326,Self-Employed,Rejected,Pune
Aman,55,35273,730,731476,Salaried,Approved,Ahmedabad
Karan,54,60378,523,302742,Salaried,Rejected,Delhi
Aman,62,45952,775,649756,Salaried,Approved,Delhi
Karan,66,158203,872,524912,Salaried,Approved,Kolkata
Priya,56,136565,856,654548,Salaried,Rejected,Ahmedabad
Aditya,47,87887,859,860890,Salaried,Rejected,Mumbai
Priya,61,80517,891,860689,Self-Employed,Approved,Bangalore
Aisha,57,83205,688,642754,Self-Employed,Approved,Pune
Arjun,53,152031,581,511453,Salaried,Rejected,Bangalore
Aisha,63,144516,848,952292,Self-Employed,Approved,Hyderabad
Zoya,68,60984,884,26381,Business,Rejected,Kolkata
Neha,31,89638,886,2321,Salaried,Rejected,Kolkata
Priya,29,115176,675,380461,Business,Approved,Mumbai
Kabir,65,111974,673,734676,Self-Employed,Approved,Chennai
Rahul,59,122140,792,721510,Self-Employed,Rejected,Pune
Sara,47,55628,881,509789,Self-Employed,Approved,Kolkata
Sara,57,74093,790,635361,Salaried,Approved,Ahmedabad
Sara,67,102744,617,151551,Self-Employed,Rejected,Kolkata
Rohan,62,53221,641,338627,Business,Approved,Chennai
Rahul,66,64232,872,207542,Business,Rejected,Delhi
Fatima,60,154460,774,516714,Business,Approved,Mumbai
Aditya,51,102248,596,749370,Business,Rejected,Kolkata
Aisha,37,51656,636,490281,Business,Rejected,Delhi
Sara,59,144729,732,286930,Salaried,Rejected,Bangalore
Sara,32,57920,830,70900,Salaried,Rejected,Hyderabad
Priya,62,149324,819,278651,Business,Approved,Mumbai
Kabir,42,160389,564,344643,Self-Employed,Approved,Pune
Arjun,32,89039,866,825475,Self-Employed,Rejected,Delhi
Neha,62,118395,777,875523,Salaried,Approved,Bangalore
Neha,48,35757,867,457333,Business,Approved,Chennai
Aditya,31,60187,695,507264,Self-Employed,Rejected,Hyderabad
Sara,64,68645,758,217192,Self-Employed,Approved,Chennai
Sara,34,113939,649,107819,Salaried,Approved,Ahmedabad
Rohan,64,147045,864,343060,Salaried,Rejected,Delhi
Zoya,48,129201,602,478228,Self-Employed,Approved,Pune
Aman,67,112725,811,631801,Business,Approved,Bangalore
Aman,42,142391,575,413893,Salaried,Approved,Mumbai
Priya,43,97927,734,371624,Business,Rejected,Bangalore
Sara,66,76120,580,527397,Salaried,Rejected,Mumbai
Riya,24,151358,884,616577,Salaried,Approved,Hyderabad
Sara,43,161660,517,196568,Salaried,Rejected,Kolkata
Kabir,62,132486,876,431164,Salaried,Approved,Mumbai
Imran,56,107610,841,335724,Business,Approved,Mumbai
Neha,54,154547,644,319604,Salaried,Rejected,Mumbai
Imran,57,155968,782,169984,Business,Rejected,Chennai
Kabir,58,76994,576,364751,Salaried,Rejected,Delhi
Rohan,64,58961,872,902569,Salaried,Rejected,Chennai
Ananya,28,135073,620,364481,Salaried,Rejected,Ahmedabad
Aisha,67,116133,883,264458,Business,Approved,Pune
Riya,58,105436,849,236286,Salaried,Approved,Chennai
Neha,68,77031,623,519080,Business,Approved,Delhi
Kabir,67,95385,877,844949,Salaried,Approved,Bangalore
Neha,59,147493,874,347354,Self-Employed,Rejected,Delhi
Aman,56,97707,850,121043,Salaried,Approved,Kolkata
Rahul,41,162540,905,465142,Salaried,Rejected,Mumbai
Aditya,52,56238,724,657931,Self-Employed,Approved,Hyderabad
Arjun,38,111222,851,396806,Salaried,Rejected,Ahmedabad
Zoya,56,136718,712,253997,Self-Employed,Approved,Pune
Zoya,62,104887,795,672218,Salaried,Rejected,Ahmedabad
Aman,60,108715,639,828049,Self-Employed,Rejected,Ahmedabad
Imran,51,79536,886,858399,Self-Employed,Rejected,Hyderabad
Rahul,41,82480,664,478712,Salaried,Rejected,Chennai
Ananya,57,98843,818,342190,Salaried,Rejected,Pune
Ananya,65,124349,629,550357,Self-Employed,Approved,Ahmedabad
Aisha,60,132360,653,722042,Self-Employed,Approved,Bangalore
Aman,41,129071,848,420362,Self-Employed,Approved,Mumbai
Neha,63,117985,827,365361,Salaried,Approved,Kolkata
Aman,68,113812,679,859587,Self-Employed,Rejected,Chennai
Neha,42,75387,776,657214,Business,Rejected,Kolkata
Rohan,61,156599,667,446421,Self-Employed,Rejected,Chennai
Priya,64,154728,734,829256,Self-Employed,Rejected,Delhi
Riya,43,45706,765,183055,Self-Employed,Rejected,Pune
Aisha,58,104219,854,53074,Business,Approved,Kolkata
Ananya,53,93472,890,458137,Business,Rejected,Mumbai
Ananya,53,95292,832,240423,Salaried,Approved,Hyderabad
Arjun,34,49757,571,151528,Self-Employed,Approved,Hyderabad
Riya,59,156185,712,541842,Self-Employed,Rejected,Chennai
Aisha,55,92782,804,538272,Business,Approved,Pune
Zoya,30,148001,668,200993,Business,Approved,Mumbai
Neha,62,108654,645,735677,Self-Employed,Approved,Mumbai
Kabir,44,66241,623,449849,Salaried,Rejected,Mumbai
Aman,55,149306,765,316794,Self-Employed,Rejected,Hyderabad
Ananya,33,138298,652,478635,Business,Rejected,Bangalore
Priya,70,126819,775,364138,Self-Employed,Approved,Chennai
Karan,55,141050,832,916700,Self-Employed,Rejected,Bangalore
Zoya,49,90298,686,756650,Salaried,Rejected,Kolkata
Aisha,53,108684,643,646754,Self-Employed,Rejected,Hyderabad
Aisha,46,146363,696,382838,Salaried,Approved,Chennai
Zoya,29,61500,734,116947,Business,Rejected,Chennai
Fatima,65,142309,727,633574,Business,Rejected,Ahmedabad
Ananya,61,137531,719,342665,Self-Employed,Rejected,Mumbai
Rohan,55,93765,519,302901,Business,Rejected,Chennai
Zoya,41,149667,876,787516,Salaried,Rejected,Kolkata
Karan,28,64329,683,1063847,Self-Employed,Approved,Mumbai
Priya,56,158871,772,-11075,Self-Employed,Rejected,Bangalore
Imran,43,104070,607,519576,Business,Approved,Mumbai
Karan,53,126197,837,823419,Self-Employed,Rejected,Pune
Aman,50,99914,797,359110,Self-Employed,Rejected,Bangalore
Sara,61,48133,852,287483,Business,Approved,Kolkata
Imran,28,108773,639,218445,Business,Approved,Delhi
Rahul,60,156249,674,684696,Self-Employed,Rejected,Mumbai
Riya,59,155727,882,670068,Self-Employed,Rejected,Chennai
Fatima,57,118525,677,237311,Salaried,Rejected,Delhi
Rahul,31,109957,804,299699,Business,Approved,Chennai
Aman,44,147130,583,792985,Business,Approved,Bangalore
Sara,33,88197,844,82414,Business,Rejected,Mumbai
Sara,48,148365,826,568176,Business,Approved,Pune
Ananya,66,128940,813,883923,Business,Approved,Kolkata
Neha,50,143914,778,657121,Self-Employed,Approved,Kolkata
Ananya,40,83138,899,1056194,Self-Employed,Approved,Chennai
Riya,62,136201,829,409736,Business,Rejected,Mumbai
Aman,59,131507,706,304013,Self-Employed,Approved,Pune
Aman,50,102494,857,738595,Self-Employed,Rejected,Bangalore
Aditya,63,51355,891,-48928,Business,Rejected,Pune
Kabir,62,50053,620,681087,Business,Approved,Mumbai
Neha,66,98030,799,426886,Salaried,Rejected,Mumbai
Kabir,45,145156,842,494073,Self-Employed,Rejected,Hyderabad
Arjun,50,147287,522,242691,Business,Approved,Bangalore
Fatima,65,118212,701,105214,Business,Approved,Chennai
Rahul,63,88911,891,704924,Self-Employed,Rejected,Chennai
Zoya,40,146335,759,74487,Self-Employed,Approved,Delhi
Kabir,38,100399,629,720832,Self-Employed,Approved,Ahmedabad
Zoya,22,136134,791,35073,Business,Rejected,Chennai
Riya,21,131431,817,881780,Salaried,Rejected,Mumbai
Neha,47,126473,820,913143,Self-Employed,Approved,Mumbai
Fatima,67,152091,777,26182,Salaried,Rejected,Delhi
Priya,48,162056,786,789305,Salaried,Rejected,Delhi
Rahul,65,131452,717,223837,Self-Employed,Rejected,Chennai
Riya,31,143076,838,247357,Salaried,Rejected,Delhi
Rahul,41,139992,797,892552,Salaried,Rejected,Kolkata
Aisha,69,134462,787,549173,Business,Approved,Pune
Fatima,34,154550,713,315821,Self-Employed,Approved,Delhi
Aman,61,127220,831,473899,Self-Employed,Approved,Kolkata
Fatima,62,160747,873,787078,Salaried,Approved,Ahmedabad
Priya,62,106497,703,3755,Salaried,Approved,Hyderabad
Ananya,59,64232,544,487749,Business,Approved,Chennai
Aman,33,97378,538,271110,Self-Employed,Rejected,Hyderabad
Aditya,47,140380,803,802007,Business,Rejected,Delhi
Kabir,40,148015,684,665158,Self-Employed,Rejected,Chennai
Ananya,63,138903,671,458952,Salaried,Approved,Hyderabad
Neha,68,112372,553,124347,Business,Rejected,Mumbai
Sara,42,159379,835,644635,Salaried,Rejected,Delhi
Rahul,63,99475,735,730545,Business,Rejected,Hyderabad
Imran,51,74245,833,356016,Self-Employed,Rejected,Ahmedabad
Karan,27,134456,720,492057,Self-Employed,Approved,Hyderabad
Rohan,46,151962,856,162938,Salaried,Rejected,Hyderabad
Priya,53,125620,539,39452,Self-Employed,Rejected,Pune
Karan,47,114721,597,492989,Business,Approved,Pune
Neha,53,91928,832,325637,Salaried,Rejected,Mumbai
Rohan,53,75441,787,-23980,Self-Employed,Approved,Hyderabad
Aditya,31,150474,871,757266,Self-Employed,Rejected,Delhi
Aisha,58,152137,896,108996,Self-Employed,Rejected,Delhi
Neha,29,139163,708,168353,Business,Rejected,Kolkata
Zoya,47,90948,854,113641,Business,Rejected,Pune
Aisha,23,77173,634,188648,Business,Rejected,Hyderabad
Karan,52,151264,806,547650,Salaried,Rejected,Bangalore
Sara,55,82538,796,397228,Business,Rejected,Kolkata
Arjun,51,87383,681,540057,Business,Approved,Hyderabad
Aisha,54,125011,658,600468,Business,Rejected,Kolkata
Sara,65,127391,546,453559,Business,Approved,Mumbai
Kabir,50,55674,853,528564,Salaried,Approved,Pune
Riya,62,135501,807,912209,Salaried,Approved,Mumbai
Aditya,51,115878,660,866493,Self-Employed,Approved,Mumbai
Kabir,55,135189,785,393878,Self-Employed,Approved,Delhi
Ananya,65,160850,844,395924,Salaried,Rejected,Delhi
Aditya,29,133800,649,733812,Salaried,Rejected,Mumbai
Aditya,54,152177,543,763307,Business,Approved,Bangalore
Fatima,39,77862,789,217899,Self-Employed,Approved,Ahmedabad
Priya,39,120475,836,807723,Business,Rejected,Pune
Aditya,32,110342,752,816193,Business,Approved,Pune
Sara,37,155258,762,452428,Business,Rejected,Mumbai
Aisha,38,137388,642,787585,Salaried,Rejected,Hyderabad
Arjun,64,121765,760,61327,Salaried,Approved,Pune
Aisha,60,126989,790,763327,Self-Employed,Rejected,Chennai
Karan,18,154475,722,525763,Business,Approved,Hyderabad
Ananya,56,130734,772,692443,Salaried,Approved,Kolkata
Rohan,34,64148,505,656969,Self-Employed,Rejected,Ahmedabad
Imran,67,135286,639,541984,Business,Approved,Bangalore
Priya,43,121942,782,69868,Self-Employed,Rejected,Chennai
Fatima,63,144309,747,455733,Salaried,Approved,Pune
Arjun,59,97143,817,61123,Salaried,Rejected,Kolkata
Fatima,62,93059,762,497800,Salaried,Rejected,Bangalore
Ananya,56,121659,674,569115,Self-Employed,Rejected,Hyderabad
Kabir,57,132979,816,529241,Salaried,Rejected,Pune
Neha,37,134213,723,329539,Business,Approved,Kolkata
Priya,49,107468,875,448018,Business,Approved,Mumbai
Aditya,63,108316,767,544826,Business,Rejected,Bangalore
Arjun,59,138348,854,585819,Self-Employed,Approved,Bangalore
Sara,56,58845,613,716636,Business,Rejected,Ahmedabad
Neha,64,125758,877,658135,Salaried,Approved,Bangalore
Riya,64,147002,775,491629,Salaried,Rejected,Pune
Kabir,58,140380,602,571301,Self-Employed,Approved,Hyderabad
Aisha,63,152776,574,557497,Self-Employed,Approved,Delhi
Rohan,47,118872,739,341984,Salaried,Rejected,Chennai
Arjun,31,83345,877,714599,Business,Approved,Delhi
Karan,27,74454,865,876936,Salaried,Rejected,Kolkata
Zoya,55,63186,741,783424,Self-Employed,Approved,Kolkata
Neha,68,131700,653,260185,Self-Employed,Approved,Hyderabad
Ananya,64,57746,685,115717,Self-Employed,Rejected,Hyderabad
Imran,61,81550,834,594668,Business,Rejected,Hyderabad
Ananya,55,114343,841,361712,Salaried,Rejected,Ahmedabad
Kabir,52,106354,748,327035,Salaried,Rejected,Bangalore
Kabir,63,95653,771,542468,Self-Employed,Rejected,Hyderabad
Sara,60,146601,897,326278,Salaried,Approved,Hyderabad
Priya,63,156033,639,443222,Business,Approved,Mumbai
Arjun,64,128208,778,688146,Salaried,Approved,Hyderabad
Priya,64,88819,864,56071,Salaried,Approved,Delhi
Fatima,67,117109,553,827455,Business,Approved,Pune
Fatima,38,110552,629,985319,Business,Rejected,Delhi
Kabir,52,69936,660,273427,Salaried,Approved,Kolkata
Aman,43,96954,783,466957,Salaried,Approved,Bangalore
Rahul,65,130225,683,885034,Business,Approved,Delhi
Kabir,61,56942,864,263585,Self-Employed,Approved,Delhi
Aditya,48,153869,855,486624,Business,Rejected,Delhi
Rahul,31,123800,881,600821,Self-Employed,Rejected,Bangalore
Rahul,38,77954,821,88115,Business,Rejected,Chennai
Rohan,66,143290,708,431212,Business,Approved,Pune
Aditya,58,126133,808,336436,Business,Rejected,Bangalore
Riya,58,123055,612,-29595,Self-Employed,Approved,Ahmedabad
Karan,52,150421,884,313949,Self-Employed,Approved,Mumbai
Karan,54,116527,608,163369,Salaried,Approved,Chennai
Fatima,47,157593,859,693150,Salaried,Rejected,Ahmedabad
Aisha,40,96117,869,534918,Business,Rejected,Delhi
Fatima,28,130985,874,840593,Salaried,Rejected,Kolkata
Aman,59,118206,608,589894,Salaried,Rejected,Mumbai
Priya,66,109334,873,297172,Business,Rejected,Chennai
Ananya,43,99577,837,615306,Self-Employed,Approved,Pune
Rahul,65,124941,837,352697,Business,Rejected,Bangalore
Kabir,31,91870,848,542710,Self-Employed,Approved,Ahmedabad
Fatima,44,137951,633,419722,Self-Employed,Rejected,Kolkata
Zoya,59,164107,523,569829,Salaried,Rejected,Mumbai
Imran,70,135819,701,786922,Salaried,Rejected,Pune
Zoya,61,113153,874,918324,Business,Rejected,Kolkata
Imran,67,155909,600,487845,Business,Approved,Chennai
Zoya,35,110652,780,755586,Salaried,Rejected,Mumbai
Priya,49,143997,851,688024,Salaried,Rejected,Kolkata
Sara,41,55588,885,328288,Business,Approved,Delhi
Rohan,64,135548,881,292268,Salaried,Approved,Mumbai
Aisha,69,113311,810,60119,Self-Employed,Rejected,Pune
Arjun,53,115388,677,325127,Salaried,Approved,Bangalore
Aisha,59,56245,671,140267,Business,Rejected,Hyderabad
Zoya,40,132440,720,498981,Self-Employed,Approved,Bangalore
Kabir,30,146565,841,696248,Salaried,Approved,Bangalore
Priya,44,110873,853,923038,Business,Approved,Hyderabad
Aman,51,127889,733,786467,Salaried,Approved,Bangalore
Zoya,44,121094,710,334365,Business,Rejected,Pune
Fatima,47,148981,622,699605,Business,Rejected,Hyderabad
Aisha,52,128619,697,846151,Business,Approved,Ahmedabad
Riya,35,142174,755,312053,Salaried,Approved,Ahmedabad
Rohan,45,79887,740,509068,Salaried,Approved,Chennai
Rahul,47,125600,847,404325,Self-Employed,Rejected,Ahmedabad
Aman,57,95015,867,164477,Business,Approved,Ahmedabad
Aditya,52,124269,743,863024,Business,Approved,Chennai
Zoya,59,144479,807,371300,Business,Rejected,Hyderabad
Arjun,27,93484,847,938124,Salaried,Rejected,Pune
Imran,54,145784,683,809503,Salaried,Approved,Chennai
Priya,30,122812,708,1083472,Salaried,Approved,Mumbai
Riya,28,113971,823,695988,Self-Employed,Approved,Chennai
Zoya,62,63006,755,350234,Self-Employed,Rejected,Kolkata
Aditya,52,156868,849,98861,Self-Employed,Rejected,Hyderabad
Arjun,64,41010,750,93325,Salaried,Approved,Mumbai
Sara,64,85310,875,494276,Salaried,Rejected,Hyderabad
Ananya,56,97617,751,754712,Self-Employed,Approved,Hyderabad
Aditya,59,119136,516,1024330,Salaried,Approved,Chennai
Kabir,58,141098,806,91035,Salaried,Approved,Pune
Fatima,54,77732,682,418301,Self-Employed,Approved,Delhi
Zoya,58,127117,831,543245,Business,Rejected,Delhi
Imran,44,142721,866,563760,Business,Rejected,Mumbai
Riya,63,144944,882,583193,Business,Approved,Mumbai
Rahul,47,136618,562,490478,Salaried,Rejected,Delhi
Zoya,49,92877,705,502772,Business,Approved,Ahmedabad
Fatima,68,115054,812,118033,Self-Employed,Approved,Hyderabad
Aisha,60,143467,656,728014,Self-Employed,Approved,Chennai
Imran,50,146743,780,779541,Self-Employed,Approved,Hyderabad
Ananya,22,129952,906,241924,Self-Employed,Approved,Chennai
Rahul,41,95787,792,274875,Business,Rejected,Ahmedabad
Priya,66,121683,795,518755,Salaried,Approved,Pune
Aisha,58,134435,858,831809,Salaried,Rejected,Hyderabad
Rahul,55,150498,849,202687,Salaried,Rejected,Mumbai
Sara,58,132309,884,466634,Business,Rejected,Delhi
Rahul,50,92740,688,512823,Self-Employed,Approved,Delhi
Riya,66,136110,654,622842,Business,Approved,Kolkata
Imran,70,94270,908,687263,Self-Employed,Approved,Kolkata
Sara,62,88355,643,235648,Business,Approved,Hyderabad
Rohan,65,138296,612,290022,Business,Approved,Chennai
Aditya,52,86572,799,641231,Self-Employed,Rejected,Ahmedabad
Priya,34,158700,446,849368,Business,Rejected,Bangalore
Kabir,46,76465,756,658974,Business,Approved,Hyderabad
Imran,31,121202,831,445505,Self-Employed,Approved,Delhi
Riya,57,108092,760,516041,Business,Approved,Mumbai
Riya,66,144098,825,771805,Self-Employed,Approved,Mumbai
Neha,68,98624,626,450996,Self-Employed,Approved,Pune
Riya,46,136623,857,214579,Salaried,Rejected,Delhi
Rahul,54,139390,825,470366,Self-Employed,Rejected,Bangalore
Neha,54,148188,757,61873,Salaried,Approved,Hyderabad
Neha,60,123682,863,977769,Business,Rejected,Chennai
Arjun,60,79788,628,756505,Salaried,Rejected,Hyderabad
Rohan,54,133188,802,101729,Salaried,Rejected,Mumbai
Imran,40,142906,756,513098,Self-Employed,Approved,Pune
Rahul,47,84054,537,207092,Business,Rejected,Ahmedabad
Rahul,61,133084,881,429893,Salaried,Rejected,Ahmedabad
Aman,63,121826,790,533333,Self-Employed,Approved,Mumbai
Aditya,55,143841,605,931848,Salaried,Rejected,Hyderabad
Aisha,52,72317,824,618151,Salaried,Approved,Delhi
Fatima,60,118632,606,706283,Salaried,Rejected,Mumbai
Aisha,64,137925,880,354617,Self-Employed,Rejected,Pune
Riya,35,58965,812,130793,Salaried,Rejected,Mumbai
Priya,56,117882,828,755694,Salaried,Approved,Pune
Fatima,53,113851,699,-10443,Self-Employed,Approved,Bangalore
Aisha,58,140795,602,611979,Business,Rejected,Kolkata
Rahul,48,112086,853,326102,Self-Employed,Approved,Hyderabad
Aditya,61,144628,766,552876,Salaried,Approved,Ahmedabad
Ananya,47,93720,858,920987,Business,Rejected,Ahmedabad
Rahul,47,49220,836,579008,Self-Employed,Approved,Kolkata
Neha,54,162239,828,451013,Salaried,Rejected,Kolkata
Karan,60,77327,554,509036,Self-Employed,Rejected,Ahmedabad
Imran,60,54426,797,311663,Self-Employed,Approved,Bangalore
Riya,55,112274,787,-23710,Business,Rejected,Delhi
Zoya,56,135268,688,621069,Business,Rejected,Kolkata
Ananya,37,160541,592,234826,Salaried,Rejected,Bangalore
Imran,27,131023,823,729433,Self-Employed,Rejected,Mumbai
Ananya,67,142439,895,813817,Salaried,Rejected,Chennai
Neha,61,138531,583,814519,Self-Employed,Rejected,Bangalore
Aditya,48,121774,832,683123,Business,Approved,Chennai
Fatima,57,141951,832,837643,Self-Employed,Rejected,Chennai
Rahul,33,129979,725,781737,Salaried,Rejected,Bangalore
Priya,45,115244,553,972003,Business,Rejected,Hyderabad
Priya,39,134358,555,176184,Business,Rejected,Ahmedabad
Rohan,66,112669,691,513587,Business,Rejected,Mumbai
Neha,49,141042,467,523113,Salaried,Rejected,Pune
Neha,61,159512,484,637824,Self-Employed,Rejected,Bangalore
Aman,27,140505,540,815100,Salaried,Rejected,Kolkata
Neha,27,142704,757,388261,Salaried,Approved,Kolkata
Arjun,27,75220,649,878163,Business,Rejected,Pune
Ananya,48,143237,862,293981,Self-Employed,Rejected,Chennai
Ananya,33,157946,708,574764,Self-Employed,Rejected,Hyderabad
Neha,61,132974,857,640056,Salaried,Approved,Kolkata
Aisha,57,77562,711,641658,Business,Rejected,Mumbai
Riya,58,155989,737,692073,Self-Employed,Approved,Hyderabad
Imran,51,145845,864,800158,Salaried,Rejected,Pune
Ananya,67,109993,773,779318,Self-Employed,Approved,Delhi
Priya,32,91542,687,407879,Salaried,Rejected,Chennai
Kabir,51,99131,853,526252,Salaried,Rejected,Chennai
Imran,27,58926,522,63963,Self-Employed,Rejected,Chennai
Aditya,58,107943,642,239303,Salaried,Approved,Hyderabad
Kabir,31,119537,639,298680,Salaried,Rejected,Mumbai
Neha,40,151690,834,782915,Self-Employed,Rejected,Bangalore
Sara,59,146348,671,965691,Salaried,Approved,Kolkata
Arjun,55,127933,754,617100,Business,Rejected,Bangalore
Imran,54,46901,549,712674,Business,Approved,Delhi
Sara,39,132747,511,674513,Self-Employed,Approved,Hyderabad
Riya,57,111745,816,688023,Business,Rejected,Chennai
Aditya,49,95866,708,326923,Salaried,Approved,Kolkata
Riya,41,118484,814,433437,Salaried,Rejected,Kolkata
Rahul,61,124355,564,257583,Business,Approved,Bangalore
Arjun,57,129267,682,899373,Self-Employed,Rejected,Delhi
Sara,28,98274,738,439420,Salaried,Approved,Delhi
Karan,55,128967,844,872435,Self-Employed,Approved,Pune
Aisha,24,156322,690,819566,Business,Rejected,Mumbai
Arjun,56,115038,705,769330,Business,Rejected,Chennai
Imran,66,90709,522,839728,Self-Employed,Rejected,Ahmedabad
Karan,58,83129,542,737667,Self-Employed,Approved,Hyderabad
Arjun,65,35579,631,505751,Self-Employed,Rejected,Pune
Aman,65,131718,543,36318,Self-Employed,Approved,Hyderabad
Ananya,44,120060,587,356663,Business,Rejected,Kolkata
Aisha,56,144196,708,776927,Business,Approved,Delhi
Rahul,57,138409,590,566943,Self-Employed,Approved,Delhi
Riya,27,161258,544,350206,Self-Employed,Rejected,Chennai
Neha,58,95157,679,918626,Self-Employed,Approved,Delhi
Fatima,44,67869,678,755052,Salaried,Approved,Hyderabad
Sara,60,78236,773,836103,Salaried,Rejected,Ahmedabad
Rohan,63,130225,865,806881,Salaried,Rejected,Pune
Rahul,65,149139,904,923696,Salaried,Approved,Mumbai
Arjun,65,147243,791,784948,Self-Employed,Rejected,Hyderabad
Aditya,37,90663,700,444418,Salaried,Approved,Mumbai
Rahul,67,146416,766,873013,Business,Rejected,Pune
Zoya,60,152560,855,623017,Self-Employed,Approved,Pune
Kabir,25,40447,793,707895,Self-Employed,Rejected,Mumbai
Rahul,53,105035,747,583777,Salaried,Approved,Hyderabad
Kabir,59,159254,866,878633,Self-Employed,Approved,Ahmedabad
Rohan,54,150198,614,643960,Business,Rejected,Ahmedabad
Kabir,59,150002,849,807743,Self-Employed,Approved,Pune
Imran,30,101304,874,559555,Salaried,Rejected,Bangalore
Aisha,33,64760,879,86721,Self-Employed,Approved,Kolkata
Neha,57,108094,843,451692,Self-Employed,Rejected,Kolkata
Fatima,60,154817,749,29552,Salaried,Rejected,Chennai
Aditya,36,136419,724,479388,Salaried,Rejected,Mumbai
Riya,28,73093,718,874247,Salaried,Rejected,Ahmedabad
Zoya,32,75344,654,115956,Business,Rejected,Delhi
Karan,42,99320,833,354034,Salaried,Approved,Ahmedabad
Rahul,61,143085,645,276041,Salaried,Approved,Mumbai
Zoya,57,67698,755,442957,Salaried,Approved,Ahmedabad
Neha,53,68207,799,300231,Salaried,Rejected,Pune
Ananya,38,116954,525,745498,Salaried,Rejected,Ahmedabad
Imran,41,62019,795,549870,Business,Rejected,Bangalore
Kabir,68,87523,500,291208,Self-Employed,Approved,Delhi
Fatima,68,143864,551,779718,Salaried,Rejected,Bangalore
Ananya,51,119150,823,948887,Self-Employed,Rejected,Chennai
Zoya,61,107984,704,638368,Self-Employed,Approved,Pune
Arjun,48,84364,893,299896,Business,Rejected,Mumbai
Priya,63,162743,834,263805,Self-Employed,Rejected,Mumbai
Riya,61,141989,873,843434,Business,Approved,Hyderabad
Rahul,56,123143,506,757531,Self-Employed,Rejected,Mumbai
Aisha,40,134390,471,497346,Self-Employed,Rejected,Ahmedabad
Rahul,52,81769,538,73030,Business,Rejected,Delhi
Imran,68,96426,860,621684,Self-Employed,Rejected,Pune
Zoya,45,161680,755,776155,Salaried,Rejected,Delhi
Karan,53,140867,884,458243,Business,Rejected,Delhi
Fatima,56,148718,844,967293,Business,Approved,Delhi
Arjun,46,143464,816,200970,Salaried,Approved,Pune
Neha,57,149397,836,503647,Self-Employed,Rejected,Hyderabad
Aman,48,115746,797,245276,Salaried,Approved,Kolkata
Sara,43,91676,691,340252,Self-Employed,Approved,Delhi
Aisha,65,161082,642,486936,Self-Employed,Approved,Pune
Fatima,34,145378,778,385606,Self-Employed,Rejected,Hyderabad
Kabir,31,71785,874,325796,Self-Employed,Approved,Mumbai
Karan,33,84976,849,811152,Self-Employed,Approved,Ahmedabad
Aditya,32,156946,607,363801,Self-Employed,Approved,Bangalore
Riya,41,136541,802,596582,Salaried,Approved,Bangalore
Arjun,32,55981,683,299283,Self-Employed,Rejected,Chennai
Fatima,62,46534,638,764897,Salaried,Approved,Chennai
Aman,53,150446,803,654690,Salaried,Rejected,Bangalore
Arjun,50,80914,573,760822,Business,Approved,Ahmedabad
Rahul,62,116728,876,203729,Self-Employed,Approved,Mumbai
Fatima,50,88592,681,368957,Business,Approved,Pune
Zoya,35,110079,771,324982,Business,Approved,Kolkata
Aman,22,71285,654,928718,Self-Employed,Approved,Delhi
Zoya,44,155200,550,202211,Business,Rejected,Kolkata
Neha,28,116335,846,836552,Business,Approved,Chennai
Rohan,50,146474,738,932210,Self-Employed,Rejected,Mumbai
Rahul,48,45233,884,930507,Salaried,Rejected,Hyderabad
Rahul,41,135697,775,95581,Salaried,Rejected,Mumbai
Aman,54,81386,823,875146,Business,Approved,Chennai
Aman,47,110408,663,182310,Business,Approved,Bangalore
Sara,38,81984,537,399738,Business,Rejected,Pune
Karan,65,135709,678,677720,Self-Employed,Approved,Delhi
Fatima,30,144749,611,520062,Business,Rejected,Hyderabad
Fatima,62,125914,849,206742,Self-Employed,Rejected,Ahmedabad
Rahul,54,49348,765,520870,Self-Employed,Approved,Delhi
Kabir,54,96073,865,511195,Salaried,Rejected,Chennai
Karan,57,42951,810,337911,Business,Approved,Hyderabad
Rohan,65,125743,799,250274,Salaried,Approved,Bangalore
Karan,58,44033,781,748410,Business,Approved,Mumbai
Karan,38,146666,799,891049,Salaried,Approved,Bangalore
Rohan,56,124897,844,279554,Business,Approved,Hyderabad
Aditya,61,63633,691,-4556,Salaried,Approved,Delhi
Neha,48,134317,862,781797,Self-Employed,Approved,Hyderabad
Kabir,51,149190,669,528803,Business,Rejected,Bangalore
Sara,62,143445,803,44511,Salaried,Rejected,Hyderabad
Sara,67,100629,764,409878,Self-Employed,Rejected,Hyderabad
Kabir,57,109846,686,618504,Business,Rejected,Chennai
Fatima,68,123218,869,311793,Business,Approved,Hyderabad
Kabir,52,132295,560,661322,Business,Rejected,Delhi
Rahul,48,134300,520,425057,Business,Rejected,Ahmedabad
Rohan,43,113973,832,561096,Self-Employed,Rejected,Bangalore
Ananya,59,130247,880,118780,Business,Approved,Hyderabad
Aisha,66,83925,723,243209,Self-Employed,Rejected,Ahmedabad
Ananya,68,73901,856,358533,Self-Employed,Rejected,Hyderabad
Arjun,66,120581,887,223752,Salaried,Approved,Kolkata
Sara,57,70673,749,629172,Self-Employed,Approved,Delhi
Karan,58,133171,771,112129,Salaried,Rejected,Chennai
Karan,59,136784,578,868612,Salaried,Rejected,Kolkata
Ananya,55,34783,758,424991,Business,Approved,Chennai
Aditya,57,113257,852,286411,Self-Employed,Rejected,Delhi
Zoya,63,114333,616,138511,Business,Approved,Hyderabad
Aditya,50,102549,515,862169,Self-Employed,Rejected,Chennai
Kabir,48,129367,710,284531,Business,Approved,Chennai
Neha,50,146673,823,827633,Business,Rejected,Bangalore
Aman,66,151341,505,529160,Salaried,Rejected,Pune
Riya,65,136118,831,428668,Self-Employed,Rejected,Chennai
Aman,49,75989,900,394740,Self-Employed,Approved,Chennai
Rohan,50,126050,878,177731,Business,Approved,Bangalore
Priya,61,102936,714,54282,Self-Employed,Approved,Ahmedabad
Karan,53,42900,726,-77162,Self-Employed,Approved,Bangalore
Fatima,50,127677,884,83576,Business,Approved,Bangalore
Aditya,51,94601,562,398940,Self-Employed,Approved,Mumbai
Ananya,47,95374,832,-10818,Business,Rejected,Bangalore
Aisha,25,55683,868,551676,Business,Approved,Chennai
Aman,23,117213,856,268758,Self-Employed,Rejected,Kolkata
Neha,56,108185,822,830477,Self-Employed,Approved,Delhi
Zoya,22,137241,800,167440,Self-Employed,Approved,Chennai
Fatima,37,135721,856,573694,Self-Employed,Rejected,Chennai
Ananya,64,147972,617,275622,Salaried,Approved,Chennai
Aisha,53,103585,517,250489,Salaried,Approved,Chennai
Imran,66,107530,730,441613,Self-Employed,Rejected,Pune
Zoya,65,157178,731,490710,Business,Approved,Pune
Ananya,49,141087,835,501542,Business,Rejected,Pune
Imran,69,117814,863,138428,Self-Employed,Rejected,Bangalore
Ananya,48,18038,496,468665,Self-Employed,Rejected,Hyderabad
Rohan,58,102691,731,592198,Salaried,Approved,Delhi
Kabir,65,34107,871,586078,Salaried,Rejected,Bangalore
Ananya,52,129336,722,799393,Business,Rejected,Chennai
Ananya,66,118494,700,178800,Business,Approved,Bangalore
Rohan,57,34628,481,321187,Salaried,Rejected,Ahmedabad
Rahul,51,127599,795,626974,Business,Rejected,Pune
Priya,61,89409,686,674609,Business,Rejected,Pune
Rohan,31,140672,656,362801,Self-Employed,Approved,Hyderabad
Rohan,66,111855,642,551379,Business,Approved,Delhi
Imran,58,52421,795,434253,Salaried,Approved,Kolkata
Fatima,66,158688,686,845728,Business,Approved,Hyderabad
Zoya,59,84404,533,124525,Business,Rejected,Pune
Ananya,58,156306,556,147970,Business,Approved,Mumbai
Imran,42,73749,556,742167,Salaried,Rejected,Mumbai
Riya,45,157182,598,888815,Salaried,Rejected,Pune
Arjun,52,50669,771,715244,Business,Approved,Mumbai
Fatima,53,137128,778,297787,Business,Approved,Delhi
Fatima,57,161150,633,71720,Self-Employed,Rejected,Kolkata
Rohan,43,56144,703,340146,Business,Rejected,Hyderabad
Aisha,57,153569,771,539294,Business,Rejected,Delhi
Arjun,31,92555,678,598793,Business,Approved,Kolkata
Kabir,24,122108,659,369187,Self-Employed,Rejected,Hyderabad
Sara,39,138977,683,132613,Business,Approved,Ahmedabad
Sara,45,144842,822,582063,Self-Employed,Approved,Hyderabad
Karan,44,81948,900,794625,Self-Employed,Rejected,Chennai
Sara,66,129631,569,674135,Salaried,Approved,Kolkata
Aman,66,140131,824,279829,Self-Employed,Rejected,Kolkata
Sara,54,109345,771,349589,Self-Employed,Rejected,Bangalore
Fatima,51,97411,811,837193,Salaried,Rejected,Delhi
Ananya,60,116313,801,83596,Salaried,Rejected,Mumbai
Riya,59,110146,811,581791,Self-Employed,Approved,Mumbai
Arjun,31,91146,714,656317,Salaried,Rejected,Kolkata
Karan,52,133107,595,503114,Self-Employed,Rejected,Chennai
Arjun,55,85868,780,466787,Business,Approved,Ahmedabad
Aisha,49,148335,639,560445,Salaried,Approved,Hyderabad
Riya,27,152282,573,789804,Self-Employed,Approved,Hyderabad
Priya,67,76536,821,65841,Salaried,Approved,Chennai
Sara,30,87297,721,306756,Business,Approved,Kolkata
Karan,53,129846,702,363821,Business,Approved,Delhi
Rahul,59,71669,568,531612,Self-Employed,Rejected,Bangalore
Aisha,71,99864,711,882732,Business,Approved,Hyderabad
Aditya,58,158763,621,355557,Salaried,Rejected,Hyderabad
Arjun,62,128350,705,182058,Business,Approved,Kolkata
Priya,37,60744,744,132198,Business,Rejected,Delhi
Aisha,25,149878,874,284541,Self-Employed,Approved,Chennai
Arjun,66,109848,714,238561,Self-Employed,Approved,Kolkata
Kabir,60,123500,633,680048,Self-Employed,Rejected,Kolkata
Aisha,36,73518,438,732894,Business,Approved,Mumbai
Karan,60,151987,864,464148,Salaried,Approved,Pune
Sara,38,124865,864,794362,Self-Employed,Rejected,Chennai
Sara,41,134590,749,377585,Salaried,Approved,Delhi
Priya,26,141084,648,569319,Salaried,Rejected,Bangalore
Aditya,30,133010,805,571893,Salaried,Rejected,Hyderabad
Neha,49,131831,636,406660,Business,Rejected,Bangalore
Priya,17,96406,567,943410,Business,Approved,Delhi
Ananya,53,153450,743,701003,Business,Rejected,Hyderabad
Imran,61,90966,713,472634,Salaried,Rejected,Chennai
Sara,49,99775,885,166620,Business,Rejected,Pune
Zoya,27,95433,520,389871,Salaried,Approved,Bangalore
Aditya,45,159222,512,626974,Business,Approved,Bangalore
Imran,65,128808,629,303360,Self-Employed,Approved,Delhi
Riya,43,152217,878,112684,Self-Employed,Approved,Delhi
Aman,49,153060,682,512301,Business,Rejected,Ahmedabad
Aisha,62,113117,757,594013,Salaried,Approved,Mumbai
Rohan,52,63771,723,502192,Self-Employed,Approved,Chennai
Fatima,53,135685,599,184003,Self-Employed,Approved,Chennai
Ananya,26,158935,862,549669,Self-Employed,Approved,Ahmedabad
Kabir,67,101994,592,820620,Salaried,Rejected,Hyderabad
Imran,67,96495,816,538368,Self-Employed,Approved,Pune
Fatima,46,112010,737,653310,Self-Employed,Rejected,Kolkata
Riya,46,111178,882,705047,Self-Employed,Rejected,Mumbai
Neha,65,156425,858,244745,Salaried,Approved,Mumbai
Riya,57,106956,813,147277,Business,Approved,Chennai
Aisha,59,157332,817,194655,Salaried,Rejected,Delhi
Neha,61,128010,887,305244,Self-Employed,Approved,Kolkata
Aman,66,146863,857,281655,Self-Employed,Rejected,Bangalore
Aisha,63,79553,566,201474,Salaried,Rejected,Delhi
Aman,29,143940,740,728087,Self-Employed,Rejected,Hyderabad
Arjun,39,129496,882,93580,Salaried,Approved,Hyderabad
Sara,70,81405,515,794401,Business,Approved,Bangalore
Aisha,43,144902,540,728438,Salaried,Rejected,Chennai
Rahul,65,95184,661,116859,Self-Employed,Rejected,Pune
Aisha,68,136133,509,180338,Salaried,Rejected,Kolkata
Aisha,65,148821,732,575330,Salaried,Approved,Kolkata
Priya,55,75194,601,853328,Business,Approved,Pune
Karan,64,101623,766,443262,Business,Rejected,Delhi
Karan,58,52233,786,452091,Salaried,Rejected,Delhi
Sara,31,32026,718,649317,Salaried,Approved,Chennai
Riya,62,123926,490,415083,Salaried,Rejected,Ahmedabad
Aditya,59,147904,697,295872,Business,Approved,Kolkata
Arjun,62,59381,503,564239,Business,Rejected,Delhi
Aditya,42,128353,603,568424,Salaried,Rejected,Bangalore
Karan,64,111387,883,635817,Self-Employed,Approved,Delhi
Ananya,64,103418,770,558864,Salaried,Approved,Pune
Imran,61,78357,679,210457,Self-Employed,Approved,Hyderabad
Fatima,57,148350,653,417195,Self-Employed,Approved,Hyderabad
Kabir,43,92515,721,765056,Self-Employed,Approved,Hyderabad
Ananya,24,140839,683,429162,Self-Employed,Rejected,Hyderabad
Karan,28,135300,884,1043180,Salaried,Approved,Pune
Aman,58,133158,544,867120,Salaried,Rejected,Pune
Fatima,66,130011,858,276291,Salaried,Rejected,Pune
Aditya,42,74041,815,456561,Self-Employed,Rejected,Mumbai
Neha,28,123236,690,81751,Salaried,Approved,Kolkata
Riya,56,153824,887,419155,Business,Rejected,Mumbai
Zoya,47,91745,822,394718,Self-Employed,Approved,Delhi
Riya,54,145569,718,159594,Business,Rejected,Hyderabad
Priya,47,106918,705,420307,Salaried,Approved,Pune
Karan,30,158834,717,248005,Self-Employed,Rejected,Mumbai
Arjun,63,117493,644,277056,Business,Rejected,Delhi
Sara,60,142544,772,626400,Business,Rejected,Kolkata
Aisha,67,63485,602,413907,Self-Employed,Rejected,Hyderabad
Priya,56,152993,814,535673,Salaried,Rejected,Hyderabad
Rohan,45,31431,575,257797,Business,Approved,Delhi
Priya,68,116952,756,761745,Self-Employed,Approved,Ahmedabad
Karan,44,120441,710,743459,Business,Approved,Chennai
Sara,31,134670,839,296272,Business,Approved,Chennai
Aman,59,120160,780,473542,Salaried,Rejected,Delhi
Arjun,58,138495,576,401934,Self-Employed,Approved,Ahmedabad
Fatima,52,105243,598,217057,Salaried,Approved,Delhi
Rahul,36,134524,805,555961,Business,Approved,Delhi
Aditya,31,87723,861,123598,Salaried,Approved,Ahmedabad
Rahul,56,54060,771,223799,Salaried,Rejected,Kolkata
Aisha,63,140077,792,655270,Salaried,Rejected,Mumbai
Rohan,63,121276,880,212710,Self-Employed,Approved,Ahmedabad
Aisha,59,106877,652,376567,Self-Employed,Approved,Mumbai
Fatima,51,49366,573,795605,Salaried,Approved,Pune
Sara,46,78819,678,305591,Salaried,Rejected,Hyderabad
Karan,52,109596,552,305632,Business,Approved,Pune
Imran,34,43800,811,97821,Business,Rejected,Kolkata
Rahul,33,100172,863,183941,Business,Approved,Delhi
Riya,49,119758,723,336223,Business,Approved,Pune
Zoya,66,139997,808,241127,Business,Rejected,Ahmedabad
Neha,40,133143,769,616026,Self-Employed,Rejected,Bangalore
Aisha,56,131872,655,424419,Business,Approved,Ahmedabad
Aditya,71,39595,681,360054,Salaried,Approved,Hyderabad
Neha,26,139865,810,500015,Salaried,Approved,Chennai
Sara,48,150791,638,135547,Business,Rejected,Pune
Riya,69,142656,692,314553,Salaried,Rejected,Delhi
Aman,61,120295,538,800594,Business,Rejected,Hyderabad
Aditya,65,92610,651,620839,Salaried,Rejected,Hyderabad
Sara,36,158849,807,743357,Business,Approved,Kolkata
Kabir,56,81821,647,755029,Business,Rejected,Delhi
Aisha,51,102530,832,406015,Business,Approved,Mumbai
Imran,55,128980,718,458545,Business,Approved,Kolkata
Aditya,62,109458,690,197249,Self-Employed,Rejected,Ahmedabad
Rohan,69,40107,793,-5039,Self-Employed,Rejected,Mumbai
Arjun,71,128961,625,77050,Salaried,Approved,Mumbai
Priya,41,121066,873,578515,Salaried,Rejected,Chennai
Karan,36,108918,866,564854,Business,Approved,Ahmedabad
Rohan,61,57621,632,476362,Business,Rejected,Chennai
Aditya,54,92995,470,683956,Self-Employed,Rejected,Hyderabad
Kabir,43,72565,716,53312,Salaried,Approved,Pune
Riya,65,144458,504,826625,Salaried,Approved,Delhi
Riya,52,143899,725,104931,Business,Approved,Ahmedabad
Fatima,34,92415,771,289632,Business,Rejected,Delhi
Karan,42,113913,602,866482,Business,Approved,Kolkata
Fatima,27,160019,846,568124,Salaried,Rejected,Hyderabad
Neha,63,80103,718,29067,Self-Employed,Approved,Mumbai
Rohan,32,161610,779,630726,Salaried,Rejected,Bangalore
Neha,60,135555,875,378351,Salaried,Rejected,Delhi
Rahul,57,103817,819,825028,Salaried,Rejected,Kolkata
Karan,58,146860,487,876985,Self-Employed,Rejected,Chennai
Imran,58,101148,842,96763,Business,Rejected,Kolkata
Kabir,61,114413,633,231335,Salaried,Rejected,Delhi
Karan,59,155427,713,866384,Salaried,Rejected,Pune
Ananya,56,44976,677,618571,Self-Employed,Approved,Pune
Kabir,48,141463,833,407921,Business,Rejected,Hyderabad
Ananya,60,152440,652,459569,Salaried,Approved,Pune
Neha,35,133044,859,-6999,Salaried,Approved,Delhi
Sara,31,129452,866,608557,Salaried,Rejected,Delhi
Arjun,33,103665,867,531253,Business,Approved,Hyderabad
Fatima,40,141816,808,363922,Salaried,Rejected,Ahmedabad
Fatima,70,58250,733,651310,Salaried,Approved,Mumbai
Kabir,44,149642,835,583778,Salaried,Rejected,Kolkata
Priya,49,71901,694,721820,Self-Employed,Approved,Mumbai
Rahul,64,46459,865,488075,Business,Approved,Pune
Rohan,59,87492,687,377916,Self-Employed,Rejected,Ahmedabad
Zoya,35,131171,878,287185,Self-Employed,Rejected,Delhi
Rahul,57,133654,761,650270,Salaried,Approved,Delhi
Imran,65,112969,760,30456,Salaried,Rejected,Hyderabad
Karan,50,79988,624,453715,Business,Approved,Bangalore
Arjun,64,78073,855,284917,Self-Employed,Approved,Delhi
Rohan,63,71646,826,757899,Self-Employed,Rejected,Mumbai
Imran,59,53518,824,113824,Business,Approved,Delhi
Aisha,69,92183,690,777023,Self-Employed,Rejected,Kolkata
Kabir,39,129568,526,334177,Salaried,Approved,Kolkata
Karan,18,71771,886,568135,Self-Employed,Approved,Kolkata
Aman,29,144177,812,294949,Business,Rejected,Kolkata
Imran,69,99362,879,353447,Self-Employed,Approved,Delhi
Arjun,58,127343,833,912418,Self-Employed,Approved,Pune
Rahul,32,140194,802,11058,Salaried,Approved,Kolkata
Arjun,55,151756,877,365580,Business,Rejected,Pune
Aditya,43,74447,686,485990,Self-Employed,Rejected,Mumbai
Kabir,69,126136,737,524234,Self-Employed,Approved,Chennai
Aman,28,137962,874,335857,Salaried,Rejected,Pune
Ananya,40,106370,686,441739,Self-Employed,Approved,Hyderabad
Ananya,62,116455,893,422983,Salaried,Rejected,Ahmedabad
Karan,48,146492,711,760494,Self-Employed,Approved,Bangalore
Imran,46,132090,665,93183,Self-Employed,Rejected,Pune
Karan,64,133688,557,644472,Business,Approved,Chennai
Aman,34,32622,670,493354,Self-Employed,Approved,Ahmedabad
Aisha,52,144717,531,196034,Business,Approved,Kolkata
Rohan,51,140504,770,971552,Salaried,Rejected,Chennai
Sara,30,128070,509,838407,Salaried,Approved,Chennai
Arjun,63,112279,791,95043,Self-Employed,Rejected,Mumbai
Sara,47,156053,884,524015,Salaried,Rejected,Chennai
Aisha,54,82802,850,779332,Salaried,Rejected,Delhi
Kabir,53,132610,820,258366,Salaried,Rejected,Kolkata
Aisha,48,137541,517,850000,Self-Employed,Approved,Hyderabad
Ananya,26,117053,810,59267,Salaried,Approved,Kolkata
Priya,53,106781,846,792039,Salaried,Approved,Delhi
Riya,27,118189,608,751886,Business,Rejected,Pune
Aisha,49,152361,554,919032,Salaried,Rejected,Pune
Imran,61,80543,634,280936,Business,Approved,Ahmedabad
Aditya,59,145704,729,108850,Salaried,Approved,Mumbai
Imran,70,119676,831,120206,Salaried,Rejected,Ahmedabad
Arjun,50,122104,859,-4152,Self-Employed,Approved,Pune
Aman,56,143635,615,616452,Self-Employed,Approved,Ahmedabad
Aditya,63,57003,791,814837,Salaried,Rejected,Ahmedabad
Arjun,24,146712,841,474432,Salaried,Approved,Delhi
Aisha,54,87316,869,821982,Salaried,Approved,Pune
Riya,70,153484,647,250389,Salaried,Rejected,Pune
Zoya,57,74335,853,500910,Business,Approved,Delhi
Karan,32,125230,867,471843,Salaried,Approved,Delhi
Fatima,52,142233,883,705019,Salaried,Approved,Bangalore
Kabir,66,46404,760,247206,Salaried,Approved,Bangalore
Zoya,42,110142,655,551941,Self-Employed,Rejected,Delhi
Aditya,43,135889,784,750666,Business,Approved,Mumbai
Karan,41,154409,661,833822,Self-Employed,Approved,Hyderabad
Fatima,61,129582,806,785072,Business,Rejected,Kolkata
Imran,66,96088,787,272833,Self-Employed,Approved,Pune
Priya,47,114288,876,772353,Salaried,Approved,Pune
Karan,47,160303,735,552339,Self-Employed,Approved,Bangalore
Karan,58,159176,728,398908,Business,Approved,Mumbai
Zoya,58,86693,833,230319,Business,Approved,Delhi
Imran,65,136154,868,161686,Salaried,Approved,Mumbai
Ananya,54,155183,609,729282,Business,Rejected,Mumbai
Riya,61,93959,519,696329,Self-Employed,Approved,Delhi
Fatima,65,98391,849,345312,Salaried,Rejected,Kolkata
Aman,32,87701,868,827074,Business,Approved,Hyderabad
Imran,64,96429,859,-20741,Business,Rejected,Bangalore
Aditya,60,108760,847,180989,Business,Approved,Hyderabad
Aditya,65,146740,789,644406,Business,Approved,Pune
Riya,64,67456,788,285618,Business,Rejected,Ahmedabad
Aditya,64,119997,583,512759,Self-Employed,Approved,Mumbai
Fatima,32,143484,629,767812,Salaried,Approved,Chennai
Imran,50,41331,833,547284,Salaried,Approved,Mumbai
Zoya,45,88645,462,192484,Salaried,Approved,Delhi
Fatima,57,114331,700,408269,Business,Rejected,Pune
Aditya,63,113898,801,212529,Salaried,Approved,Bangalore
Fatima,33,114777,572,960500,Business,Rejected,Mumbai
Rahul,63,126435,761,745477,Salaried,Approved,Mumbai
Aisha,69,67959,691,514985,Business,Rejected,Bangalore
Imran,54,38837,760,-13644,Self-Employed,Approved,Ahmedabad
Neha,59,157463,716,486072,Salaried,Approved,Chennai
Sara,59,55677,767,352510,Salaried,Rejected,Pune
Neha,17,57965,668,329669,Business,Approved,Chennai
Aditya,21,117501,715,891968,Salaried,Rejected,Ahmedabad
Aman,34,145250,579,401409,Business,Rejected,Hyderabad
Arjun,60,136139,836,494700,Self-Employed,Approved,Kolkata
Arjun,61,142722,898,934560,Salaried,Approved,Delhi
Riya,42,51561,849,98537,Self-Employed,Approved,Bangalore
Aditya,58,152801,821,369527,Business,Rejected,Mumbai
Imran,21,24915,876,259205,Business,Rejected,Delhi
Aman,46,97084,867,143525,Self-Employed,Approved,Ahmedabad
Neha,55,124349,647,242765,Self-Employed,Approved,Kolkata
Arjun,58,73087,544,344730,Self-Employed,Approved,Mumbai
Neha,46,150627,873,499973,Salaried,Rejected,Bangalore
Aman,65,112651,533,622483,Business,Approved,Kolkata
Arjun,61,101306,751,497185,Business,Rejected,Pune
Riya,60,53644,627,374062,Salaried,Approved,Ahmedabad
Zoya,43,109112,860,606116,Business,Approved,Pune
Neha,62,148056,884,689640,Business,Approved,Hyderabad
Ananya,19,158391,550,556244,Self-Employed,Rejected,Bangalore
Karan,33,98153,863,777783,Business,Approved,Pune
Aditya,61,159319,788,479544,Business,Approved,Kolkata
Fatima,71,97950,905,120723,Business,Rejected,Delhi
Neha,60,115198,842,421355,Business,Approved,Pune
Karan,53,146402,886,304057,Business,Approved,Kolkata
Priya,48,17423,881,616406,Salaried,Rejected,Chennai
Aisha,54,111403,752,513369,Salaried,Rejected,Kolkata
Neha,46,157740,667,790705,Salaried,Approved,Delhi
Kabir,47,145699,803,549423,Business,Approved,Delhi
Fatima,68,122548,759,773517,Self-Employed,Rejected,Ahmedabad
Imran,66,140093,602,190748,Salaried,Rejected,Mumbai
Aman,30,78112,823,210673,Salaried,Rejected,Delhi
Zoya,26,53267,423,642562,Salaried,Rejected,Bangalore
Aman,43,127163,695,865628,Business,Rejected,Delhi
Neha,64,77372,779,455620,Self-Employed,Approved,Bangalore
Imran,64,132600,853,781497,Self-Employed,Rejected,Ahmedabad
Kabir,62,91907,659,622994,Business,Approved,Bangalore
Priya,43,139392,538,265044,Business,Rejected,Pune
Rahul,53,114661,774,616838,Business,Approved,Pune
Kabir,53,116884,866,487714,Salaried,Rejected,Ahmedabad
Priya,61,119830,583,923338,Business,Rejected,Bangalore
Ananya,58,60523,572,187015,Salaried,Rejected,Mumbai
Aditya,51,92998,531,97423,Salaried,Approved,Kolkata
Neha,57,106500,557,318775,Salaried,Approved,Pune
Arjun,44,152583,629,620300,Self-Employed,Approved,Bangalore
Riya,28,75403,661,756100,Salaried,Approved,Chennai
Priya,41,89972,595,747779,Self-Employed,Rejected,Kolkata
Rahul,41,128815,554,558068,Self-Employed,Approved,Chennai
Fatima,39,126291,604,298311,Business,Rejected,Kolkata
Arjun,71,149708,574,-23509,Salaried,Rejected,Pune
Aditya,55,125106,874,362711,Salaried,Approved,Kolkata
Fatima,68,64892,701,708456,Self-Employed,Approved,Pune
Fatima,59,76812,848,755894,Self-Employed,Rejected,Chennai
Ananya,66,138788,811,703566,Salaried,Rejected,Hyderabad
Rohan,45,62525,824,550584,Self-Employed,Approved,Ahmedabad
Kabir,63,72117,623,662097,Salaried,Approved,Chennai
Rahul,69,123649,780,282042,Self-Employed,Approved,Mumbai
Imran,57,106571,640,-15924,Business,Approved,Chennai
Zoya,64,79685,644,549063,Salaried,Rejected,Pune
Ananya,38,154294,902,111801,Salaried,Rejected,Chennai
Imran,44,92931,629,839778,Salaried,Approved,Chennai
Kabir,46,113630,775,399521,Salaried,Approved,Mumbai
Rohan,50,52899,497,785992,Salaried,Approved,Hyderabad
Aman,55,133858,735,366802,Salaried,Rejected,Pune
Aman,30,77656,561,873103,Self-Employed,Approved,Ahmedabad
Priya,45,101984,740,825244,Business,Rejected,Kolkata
Imran,28,149390,660,585055,Self-Employed,Approved,Hyderabad
Sara,44,59717,799,664315,Salaried,Approved,Bangalore
Rahul,61,155421,767,589468,Business,Approved,Chennai
Neha,57,134639,877,366148,Salaried,Approved,Chennai
Imran,65,116438,667,849412,Business,Rejected,Hyderabad
Riya,42,108439,618,148606,Salaried,Rejected,Delhi
Sara,64,48240,830,196146,Salaried,Approved,Ahmedabad
Aditya,41,109701,837,637280,Business,Rejected,Chennai
Rohan,64,86986,668,557555,Self-Employed,Approved,Pune
Kabir,56,161332,787,526893,Self-Employed,Rejected,Bangalore
Zoya,68,143874,774,411244,Salaried,Rejected,Pune
Aman,51,116174,558,618035,Self-Employed,Approved,Delhi
Kabir,50,125128,688,464975,Self-Employed,Rejected,Bangalore
Priya,30,127312,850,276097,Self-Employed,Approved,Chennai
Aman,30,75937,816,963409,Salaried,Approved,Chennai
Neha,61,86466,803,235352,Self-Employed,Approved,Bangalore
Priya,52,124919,828,-25405,Salaried,Rejected,Mumbai
Rahul,57,110136,742,424786,Business,Rejected,Pune
Kabir,62,158814,688,37229,Self-Employed,Rejected,Delhi
Arjun,60,156232,809,570026,Self-Employed,Rejected,Kolkata
Aman,48,102749,825,968827,Business,Approved,Chennai
Sara,61,136440,884,220202,Business,Rejected,Hyderabad
Karan,62,95923,873,795982,Self-Employed,Rejected,Mumbai
Aditya,62,75974,672,434725,Salaried,Approved,Mumbai
Priya,62,154278,674,846405,Self-Employed,Approved,Mumbai
Karan,50,85293,628,455621,Salaried,Rejected,Mumbai
Fatima,28,120664,700,808222,Salaried,Approved,Chennai
Aman,43,119696,854,573337,Business,Rejected,Chennai
Rahul,51,140486,869,968589,Business,Approved,Delhi
Aisha,67,153211,768,62902,Business,Rejected,Pune
Fatima,43,148326,650,564453,Salaried,Rejected,Hyderabad
Karan,68,156272,783,332523,Business,Rejected,Kolkata
Ananya,54,143032,802,70669,Self-Employed,Approved,Bangalore
Ananya,50,76090,831,891604,Self-Employed,Approved,Ahmedabad
Zoya,63,60078,716,694479,Self-Employed,Rejected,Ahmedabad
Rahul,40,135722,548,472787,Business,Approved,Hyderabad
Arjun,66,129194,740,680583,Self-Employed,Approved,Ahmedabad
Ananya,69,55943,890,81668,Self-Employed,Rejected,Delhi
Rahul,30,96727,809,790295,Self-Employed,Rejected,Ahmedabad
Aditya,37,150487,808,454135,Business,Rejected,Hyderabad
Neha,58,145006,613,354093,Salaried,Rejected,Chennai
Rahul,67,51039,548,369397,Salaried,Rejected,Mumbai
Kabir,59,160756,615,193876,Self-Employed,Rejected,Ahmedabad
Kabir,55,95951,500,842312,Salaried,Rejected,Chennai
Sara,63,93968,559,530097,Self-Employed,Rejected,Ahmedabad
Ananya,58,123606,859,523078,Business,Rejected,Hyderabad
Neha,52,65216,669,850483,Salaried,Rejected,Chennai
Rohan,49,106335,789,230465,Business,Approved,Bangalore
Sara,48,59500,544,737121,Salaried,Rejected,Kolkata
Ananya,37,57489,706,244999,Salaried,Approved,Hyderabad
Ananya,48,149082,516,831047,Self-Employed,Approved,Mumbai
Fatima,60,99382,541,224854,Salaried,Approved,Hyderabad
Kabir,68,152728,826,21231,Self-Employed,Approved,Pune
Riya,42,132194,728,592179,Salaried,Approved,Delhi
Zoya,51,131821,897,117330,Business,Rejected,Mumbai
Rahul,63,132921,542,675275,Business,Rejected,Kolkata
Rohan,61,33999,545,263291,Business,Approved,Pune
Rahul,63,150161,500,679197,Self-Employed,Approved,Mumbai
Imran,31,62377,866,130198,Salaried,Approved,Bangalore
Karan,39,66562,796,245614,Self-Employed,Approved,Bangalore
Rahul,55,110695,598,465478,Salaried,Approved,Kolkata
Karan,24,95970,657,575187,Self-Employed,Rejected,Pune
Riya,54,117587,727,805453,Self-Employed,Approved,Pune
Ananya,59,135658,877,958674,Business,Rejected,Mumbai
Fatima,57,94859,855,392976,Salaried,Rejected,Bangalore
Rahul,49,96703,639,324041,Salaried,Rejected,Mumbai
Zoya,61,136783,846,488423,Business,Rejected,Chennai
Riya,58,130580,732,280708,Self-Employed,Rejected,Kolkata
Aditya,54,139306,558,246507,Self-Employed,Approved,Hyderabad
Rahul,55,156196,727,831796,Salaried,Approved,Chennai
Aisha,56,139795,857,323773,Salaried,Approved,Pune
Karan,50,56340,806,172294,Salaried,Rejected,Delhi
Kabir,59,154949,854,959371,Salaried,Approved,Delhi
Sara,28,93461,838,572740,Business,Rejected,Kolkata
Ananya,54,87716,777,484911,Salaried,Rejected,Chennai
Priya,53,143300,541,733295,Self-Employed,Rejected,Chennai
Aisha,69,143640,839,533958,Salaried,Rejected,Kolkata
Aisha,49,55873,596,450547,Salaried,Approved,Hyderabad
Aisha,46,147141,868,920342,Salaried,Rejected,Ahmedabad
Arjun,69,115967,861,3650,Self-Employed,Rejected,Chennai
Arjun,60,116084,880,243642,Self-Employed,Rejected,Chennai
Aman,67,142707,574,525065,Self-Employed,Approved,Delhi
Priya,25,99121,580,773030,Salaried,Approved,Mumbai
Neha,69,151957,900,439151,Self-Employed,Rejected,Delhi
Ananya,48,74125,892,799820,Business,Approved,Hyderabad
Kabir,37,152299,700,773419,Salaried,Rejected,Delhi
Ananya,49,120819,769,805517,Self-Employed,Approved,Delhi
Sara,23,80167,707,281649,Self-Employed,Approved,Kolkata
Priya,61,110100,749,561448,Business,Approved,Bangalore
Fatima,61,110743,557,290165,Self-Employed,Rejected,Ahmedabad
Rahul,65,136110,610,623373,Salaried,Rejected,Ahmedabad
Rohan,34,95329,841,461729,Business,Rejected,Ahmedabad
Riya,67,152112,774,254485,Salaried,Approved,Chennai
Rohan,49,65128,614,347140,Self-Employed,Approved,Bangalore
Karan,52,71576,885,513620,Salaried,Rejected,Mumbai
Karan,52,78576,794,859409,Business,Approved,Bangalore
Sara,51,105866,486,893028,Self-Employed,Rejected,Ahmedabad
Aditya,29,61759,774,170033,Business,Rejected,Mumbai
Neha,62,50505,846,665163,Self-Employed,Rejected,Mumbai
Arjun,63,55611,729,80557,Business,Approved,Ahmedabad
Riya,57,145380,805,544304,Salaried,Approved,Pune
Rahul,56,32402,868,428576,Business,Rejected,Mumbai
Sara,65,96236,707,621297,Self-Employed,Rejected,Kolkata
Rahul,29,126910,695,573820,Salaried,Approved,Hyderabad
Arjun,49,148362,812,252736,Salaried,Rejected,Bangalore
Arjun,53,110373,712,742378,Salaried,Approved,Mumbai
Sara,27,65722,678,119296,Salaried,Rejected,Pune
Kabir,55,122151,696,302030,Self-Employed,Approved,Delhi
Zoya,51,68204,830,880819,Business,Approved,Ahmedabad
Priya,39,98653,748,458218,Business,Approved,Mumbai
Rahul,59,152672,630,169410,Self-Employed,Rejected,Hyderabad
Rohan,53,49939,530,789437,Business,Approved,Mumbai
Fatima,25,42338,521,331919,Salaried,Rejected,Bangalore
Neha,23,72242,613,485112,Salaried,Rejected,Ahmedabad
Rahul,67,95505,849,284281,Business,Approved,Pune
Priya,58,114110,796,219234,Business,Rejected,Chennai
Imran,44,50503,661,746674,Salaried,Rejected,Chennai
Imran,63,114496,675,624113,Business,Rejected,Mumbai
Aditya,36,149808,682,89655,Salaried,Rejected,Pune
Riya,70,114813,647,680244,Business,Rejected,Hyderabad
Arjun,37,68472,875,704112,Salaried,Approved,Pune
Rohan,51,76304,778,248108,Salaried,Rejected,Hyderabad
Ananya,52,146128,877,899083,Salaried,Rejected,Kolkata
Riya,69,150252,531,189339,Business,Rejected,Kolkata
Arjun,70,87489,662,314822,Salaried,Approved,Chennai
Rahul,52,109515,618,170586,Business,Rejected,Mumbai
Zoya,41,125096,629,151997,Salaried,Approved,Hyderabad
Fatima,35,141255,745,326154,Business,Approved,Hyderabad
Aditya,47,113869,771,745446,Business,Rejected,Pune
Neha,59,44943,892,575585,Self-Employed,Approved,Chennai
Aditya,43,139920,689,557028,Salaried,Rejected,Chennai
Ananya,37,111344,776,557636,Salaried,Rejected,Mumbai
Arjun,65,132216,674,369940,Salaried,Approved,Chennai
Zoya,59,91091,569,438112,Business,Rejected,Chennai
Imran,57,72276,834,228864,Self-Employed,Rejected,Chennai
Riya,52,112377,717,562893,Self-Employed,Rejected,Delhi
Karan,61,98615,777,357356,Salaried,Rejected,Pune
Karan,55,96736,740,542133,Self-Employed,Approved,Delhi
Aditya,52,69687,791,879352,Salaried,Approved,Kolkata
Rahul,51,153531,868,1007019,Salaried,Rejected,Chennai
Ananya,70,59679,759,1005720,Salaried,Rejected,Chennai
Ananya,54,149295,899,387471,Salaried,Approved,Bangalore
Aisha,42,69639,612,585791,Self-Employed,Approved,Bangalore
Imran,48,118420,634,99637,Self-Employed,Rejected,Pune
Imran,55,146997,789,312662,Business,Rejected,Kolkata
Aman,62,79571,549,274221,Business,Rejected,Kolkata
Zoya,52,131170,594,671424,Business,Approved,Pune
Rahul,60,146672,507,249550,Self-Employed,Rejected,Delhi
Zoya,42,109767,767,65031,Salaried,Approved,Mumbai
Aman,48,75606,845,527786,Salaried,Rejected,Kolkata
Aisha,70,140556,695,494684,Self-Employed,Rejected,Kolkata
Zoya,41,148215,642,739424,Business,Approved,Hyderabad
Kabir,61,126955,653,165778,Salaried,Approved,Bangalore
Rahul,58,75393,765,508209,Business,Approved,Delhi
Aisha,32,83342,838,322147,Salaried,Approved,Delhi
Riya,54,56630,758,286103,Self-Employed,Rejected,Hyderabad
Zoya,52,87014,683,531364,Salaried,Approved,Chennai
Fatima,47,45342,841,780441,Business,Rejected,Hyderabad
Neha,49,90068,877,685483,Self-Employed,Approved,Kolkata
Neha,64,106999,852,307169,Salaried,Rejected,Bangalore
Imran,44,146538,763,646921,Business,Rejected,Pune
Rohan,57,154222,566,844639,Business,Approved,Kolkata
Neha,53,160228,672,310238,Business,Approved,Kolkata
Fatima,32,81315,885,141399,Salaried,Approved,Mumbai
Sara,42,114728,804,557946,Salaried,Rejected,Ahmedabad
Riya,36,118791,574,1015058,Salaried,Rejected,Chennai
Rohan,37,156902,812,531032,Salaried,Approved,Bangalore
Rohan,62,42380,704,602969,Business,Approved,Ahmedabad
Sara,65,141612,568,754700,Business,Approved,Bangalore
Sara,58,142939,621,412144,Self-Employed,Approved,Bangalore
Zoya,70,117013,760,654929,Business,Approved,Hyderabad
Imran,35,148860,776,164422,Self-Employed,Approved,Mumbai
Arjun,32,147718,770,284457,Salaried,Rejected,Pune
Karan,24,104749,865,297197,Business,Approved,Hyderabad
Kabir,66,141611,538,471647,Business,Approved,Pune
Fatima,50,144028,845,366294,Self-Employed,Rejected,Kolkata
Aman,66,132815,806,553229,Salaried,Approved,Kolkata
Rohan,28,151447,622,910714,Self-Employed,Approved,Chennai
Rahul,58,140375,732,989056,Business,Approved,Pune
Zoya,38,111579,871,736353,Self-Employed,Approved,Pune
Ananya,33,137318,901,496253,Self-Employed,Approved,Hyderabad
Aditya,60,82801,724,345255,Self-Employed,Approved,Bangalore
Aman,55,141942,695,103102,Salaried,Rejected,Chennai
Aisha,50,108340,614,117458,Self-Employed,Approved,Ahmedabad
Riya,40,48143,853,877332,Self-Employed,Approved,Kolkata
Aditya,38,123305,839,481457,Business,Rejected,Bangalore
Neha,63,127628,784,832709,Self-Employed,Rejected,Mumbai
Rahul,60,75469,871,101658,Self-Employed,Rejected,Kolkata
Zoya,33,127126,612,97765,Business,Approved,Delhi
Rohan,60,126600,841,89439,Self-Employed,Approved,Kolkata
Aisha,28,64698,876,452258,Business,Rejected,Ahmedabad
Arjun,61,145399,815,1092200,Salaried,Approved,Hyderabad
Rahul,67,152989,660,654494,Self-Employed,Approved,Mumbai
Neha,43,66569,861,523816,Salaried,Rejected,Hyderabad
Sara,37,44532,706,545238,Salaried,Approved,Pune
Fatima,39,139589,719,816134,Self-Employed,Approved,Hyderabad
Zoya,39,127539,697,464626,Business,Approved,Pune
Kabir,51,160588,790,245324,Salaried,Rejected,Pune
Rohan,64,141818,731,769425,Business,Approved,Chennai
Imran,58,158112,782,229406,Business,Approved,Hyderabad
Kabir,57,87614,643,435073,Salaried,Approved,Kolkata
Rohan,54,91194,850,830821,Business,Approved,Kolkata
Karan,63,152627,572,-12850,Salaried,Rejected,Kolkata
Ananya,29,49521,732,905741,Self-Employed,Rejected,Hyderabad
Riya,29,120426,663,733771,Self-Employed,Rejected,Delhi
Arjun,28,50362,568,129682,Salaried,Approved,Hyderabad
Fatima,36,143933,626,864473,Business,Approved,Ahmedabad
Fatima,25,136638,872,837197,Salaried,Rejected,Bangalore
Kabir,64,120210,752,546447,Salaried,Approved,Bangalore
Riya,32,159786,560,372142,Salaried,Rejected,Hyderabad
Karan,28,131170,539,696673,Self-Employed,Approved,Bangalore
Neha,64,136493,840,432148,Salaried,Approved,Ahmedabad
Sara,27,136234,865,768258,Self-Employed,Rejected,Ahmedabad
Karan,64,152532,879,952600,Self-Employed,Rejected,Mumbai
Arjun,58,157520,627,275466,Salaried,Approved,Pune
Sara,50,125133,886,612125,Self-Employed,Approved,Kolkata
Rahul,68,123561,889,398193,Salaried,Approved,Delhi
Imran,48,114821,721,163189,Business,Approved,Mumbai
Aditya,55,83967,831,475509,Salaried,Rejected,Kolkata
Arjun,40,70780,840,86446,Business,Rejected,Hyderabad
Priya,47,73205,596,957048,Self-Employed,Rejected,Kolkata
Imran,29,85820,809,611737,Self-Employed,Rejected,Ahmedabad
Riya,69,156308,872,395333,Business,Rejected,Pune
Rohan,57,79711,757,587419,Self-Employed,Approved,Pune
Priya,32,148231,802,439507,Salaried,Rejected,Mumbai
Arjun,53,132732,862,410778,Business,Rejected,Pune
Rohan,56,83438,851,250143,Self-Employed,Approved,Hyderabad
Imran,59,82560,546,64855,Business,Approved,Mumbai
Arjun,43,136893,595,285208,Self-Employed,Rejected,Delhi
Kabir,53,132480,845,662082,Business,Rejected,Chennai
Karan,30,122001,485,798809,Salaried,Rejected,Hyderabad
Priya,37,127985,871,417129,Business,Approved,Bangalore
Zoya,56,162062,866,-28989,Business,Rejected,Kolkata
Priya,60,100273,870,513427,Self-Employed,Approved,Mumbai
Rahul,51,127309,786,77059,Salaried,Approved,Chennai
Riya,56,82401,651,766531,Salaried,Approved,Hyderabad
Zoya,56,115308,613,425066,Self-Employed,Approved,Hyderabad
Aman,60,115375,700,800989,Business,Rejected,Bangalore
Rohan,46,153023,874,197948,Business,Approved,Ahmedabad
Zoya,33,105185,701,746081,Business,Rejected,Ahmedabad
Aisha,26,74059,788,668167,Business,Rejected,Chennai
Rahul,61,154434,579,370429,Business,Rejected,Chennai
Aman,57,76466,836,715847,Self-Employed,Rejected,Ahmedabad
Riya,37,115716,859,648609,Self-Employed,Rejected,Mumbai
Kabir,37,116663,897,460896,Salaried,Rejected,Kolkata
Fatima,43,141698,472,699999,Business,Approved,Chennai
Neha,64,161285,657,17161,Business,Approved,Chennai
Fatima,29,121523,776,898895,Salaried,Rejected,Ahmedabad
Arjun,31,113004,799,339388,Business,Approved,Mumbai
Aman,48,77717,599,458740,Business,Rejected,Pune
Arjun,43,78275,800,465507,Business,Rejected,Bangalore
Karan,45,128171,865,-25848,Business,Approved,Pune
Zoya,55,144311,478,586504,Business,Rejected,Mumbai
Ananya,53,127038,875,656427,Self-Employed,Rejected,Hyderabad
Riya,63,121645,726,115797,Business,Rejected,Kolkata
Ananya,56,52032,532,357706,Salaried,Rejected,Ahmedabad
Rohan,32,154876,710,900365,Business,Rejected,Chennai
Aman,58,98639,679,549980,Business,Rejected,Pune
Aditya,30,104897,662,881056,Self-Employed,Approved,Ahmedabad
Arjun,49,155345,734,679743,Salaried,Approved,Pune
Fatima,58,147476,841,618851,Salaried,Rejected,Delhi
Sara,57,38292,758,198062,Self-Employed,Approved,Pune
Aditya,49,126928,607,401738,Self-Employed,Approved,Hyderabad
Arjun,53,91569,837,881644,Salaried,Approved,Delhi
Arjun,59,134354,768,-14842,Self-Employed,Approved,Bangalore
Imran,67,50609,504,133247,Salaried,Rejected,Kolkata
Aman,50,64945,677,208341,Business,Approved,Pune
Neha,41,88836,583,847739,Salaried,Approved,Bangalore
Rohan,38,92133,879,439093,Business,Rejected,Hyderabad
Arjun,55,106703,777,942680,Self-Employed,Approved,Pune
Rahul,60,86972,789,376623,Salaried,Rejected,Pune
Riya,61,39227,462,124884,Business,Rejected,Ahmedabad
Neha,66,56286,691,910795,Salaried,Approved,Kolkata
Sara,51,142744,753,400792,Business,Rejected,Hyderabad
Aisha,32,145423,686,667572,Self-Employed,Rejected,Bangalore
Zoya,34,130282,703,294395,Self-Employed,Approved,Pune
Rahul,67,57243,802,372189,Self-Employed,Rejected,Bangalore
Zoya,64,75321,819,819315,Self-Employed,Rejected,Pune
Sara,24,149013,624,952362,Self-Employed,Rejected,Chennai
Aisha,47,117334,831,598292,Business,Rejected,Hyderabad
Fatima,57,91268,731,54599,Self-Employed,Rejected,Hyderabad
Rahul,62,121982,816,797227,Salaried,Approved,Hyderabad
Imran,42,82924,848,484249,Self-Employed,Approved,Kolkata
Neha,59,78106,736,-27087,Self-Employed,Rejected,Mumbai
Zoya,48,55912,776,425318,Business,Approved,Delhi
Karan,39,132507,769,755704,Self-Employed,Approved,Hyderabad
Zoya,54,156928,604,830542,Self-Employed,Approved,Kolkata
Rohan,60,119131,644,39640,Salaried,Approved,Delhi
Rahul,53,126132,879,335821,Self-Employed,Rejected,Delhi
Fatima,37,133467,759,315892,Business,Rejected,Hyderabad
Rohan,54,108175,806,268630,Self-Employed,Approved,Ahmedabad
Zoya,43,156832,875,624756,Salaried,Rejected,Bangalore
Kabir,70,153611,671,462114,Self-Employed,Approved,Delhi
Aman,30,132006,842,361168,Self-Employed,Approved,Hyderabad
Riya,47,108631,834,270815,Salaried,Rejected,Pune
Kabir,53,55409,769,-52955,Salaried,Rejected,Mumbai
Aditya,60,84814,610,210350,Self-Employed,Approved,Hyderabad
Imran,53,108838,689,670345,Self-Employed,Rejected,Chennai
Fatima,64,155450,804,19661,Salaried,Approved,Mumbai
Fatima,62,92849,794,477830,Business,Rejected,Mumbai
Aditya,49,125323,626,214574,Self-Employed,Approved,Chennai
Priya,40,57182,692,586659,Salaried,Approved,Hyderabad
Kabir,64,154215,714,300352,Self-Employed,Rejected,Kolkata
Sara,51,128338,845,79662,Self-Employed,Rejected,Mumbai
Rahul,47,61962,890,34485,Self-Employed,Rejected,Ahmedabad
Karan,54,141902,778,68112,Self-Employed,Rejected,Kolkata
Riya,71,158299,815,75925,Salaried,Approved,Kolkata
Fatima,61,110148,872,820981,Salaried,Rejected,Bangalore
Rohan,61,137591,853,638977,Salaried,Approved,Delhi
Kabir,55,102414,896,42769,Salaried,Rejected,Mumbai
Sara,67,163693,873,581246,Business,Rejected,Bangalore
Neha,33,130339,693,485107,Self-Employed,Approved,Pune
Karan,47,39590,834,145342,Self-Employed,Approved,Pune
Zoya,30,65888,782,408382,Self-Employed,Rejected,Kolkata
Neha,31,77165,595,-14357,Salaried,Rejected,Chennai
Aditya,40,96140,854,642920,Self-Employed,Rejected,Mumbai
Arjun,67,92206,767,444381,Self-Employed,Rejected,Pune
Riya,30,78549,819,760414,Self-Employed,Approved,Pune
Kabir,54,50671,880,19840,Salaried,Rejected,Delhi
Fatima,65,141212,800,368388,Business,Rejected,Delhi
Aman,44,118691,867,368798,Business,Approved,Pune
Aman,62,124716,735,77376,Self-Employed,Approved,Pune
Riya,64,102921,702,141216,Business,Approved,Mumbai
Aditya,21,77079,696,751346,Salaried,Approved,Ahmedabad
Sara,60,119882,733,934468,Self-Employed,Approved,Kolkata
Sara,64,129774,829,499099,Self-Employed,Approved,Kolkata
Arjun,61,55909,761,677214,Self-Employed,Approved,Bangalore
Fatima,60,136509,862,171472,Business,Approved,Hyderabad
Priya,66,158316,641,950395,Self-Employed,Rejected,Mumbai
Zoya,66,77405,832,867430,Self-Employed,Approved,Ahmedabad
Neha,37,144798,884,545121,Business,Approved,Kolkata
Fatima,51,140014,828,296533,Business,Approved,Delhi
Arjun,67,56721,791,246235,Salaried,Rejected,Ahmedabad
Aman,66,127804,853,599740,Business,Approved,Kolkata
Arjun,63,127485,717,506514,Salaried,Approved,Chennai
Sara,61,106294,575,550500,Self-Employed,Rejected,Kolkata
Rohan,66,132906,798,803821,Self-Employed,Rejected,Mumbai
Kabir,55,122016,726,509080,Self-Employed,Rejected,Hyderabad
Aditya,66,90160,597,1012950,Self-Employed,Rejected,Hyderabad
Aditya,59,130940,681,868547,Self-Employed,Approved,Ahmedabad
Riya,56,102544,864,625995,Business,Rejected,Chennai
Neha,54,50239,568,489582,Self-Employed,Approved,Mumbai
Imran,28,132899,725,590796,Self-Employed,Rejected,Mumbai
Fatima,63,149499,619,771813,Business,Approved,Mumbai
Rohan,62,140722,857,471367,Self-Employed,Rejected,Kolkata
Rahul,59,162317,669,455532,Self-Employed,Approved,Kolkata
Kabir,65,144734,532,348179,Business,Approved,Chennai
Rohan,48,153934,793,308229,Self-Employed,Rejected,Delhi
Riya,29,98476,685,874446,Salaried,Rejected,Bangalore
Sara,65,155134,757,699114,Business,Approved,Chennai
Imran,41,110300,675,634836,Business,Approved,Delhi
Kabir,40,51692,878,514142,Salaried,Rejected,Ahmedabad
Neha,56,111932,525,427780,Business,Approved,Bangalore
Fatima,46,128952,695,691113,Self-Employed,Rejected,Ahmedabad
Aisha,63,105197,589,100765,Business,Approved,Pune
Imran,30,147360,882,4963,Self-Employed,Rejected,Pune
Rahul,44,154118,907,507134,Salaried,Approved,Pune
Ananya,28,150436,859,858395,Business,Approved,Chennai
Priya,46,131814,635,264740,Salaried,Approved,Hyderabad
Ananya,67,134103,489,427609,Business,Rejected,Kolkata
Arjun,57,127790,898,338145,Self-Employed,Approved,Hyderabad
Karan,62,156490,655,429318,Salaried,Rejected,Ahmedabad
Aisha,63,128854,831,948128,Business,Rejected,Pune
Aman,56,136675,627,267183,Business,Rejected,Ahmedabad
Sara,65,141502,841,570428,Salaried,Approved,Chennai
Aman,50,90048,814,611268,Business,Rejected,Hyderabad
Fatima,46,163967,833,161265,Self-Employed,Approved,Mumbai
Karan,66,149306,865,452314,Business,Approved,Bangalore
Karan,60,133322,598,494337,Salaried,Rejected,Kolkata
Zoya,68,154996,803,114113,Self-Employed,Rejected,Mumbai
Aditya,57,159535,651,524109,Salaried,Rejected,Mumbai
Riya,66,136032,689,462511,Salaried,Approved,Ahmedabad
Neha,63,90542,885,355349,Salaried,Rejected,Delhi
Aditya,60,112005,570,566748,Salaried,Approved,Mumbai
Priya,30,114696,768,681090,Self-Employed,Rejected,Hyderabad
Sara,71,93676,687,163144,Salaried,Rejected,Mumbai
Rohan,68,141632,815,835767,Self-Employed,Approved,Kolkata
Karan,24,159238,861,560757,Self-Employed,Approved,Pune
Ananya,64,142043,886,268207,Business,Approved,Ahmedabad
Aisha,57,54013,756,698610,Salaried,Approved,Delhi
Arjun,47,57007,573,298477,Salaried,Approved,Hyderabad
Aditya,38,118630,661,344618,Business,Approved,Delhi
Aisha,54,147104,786,481059,Business,Rejected,Delhi
Imran,56,129714,748,27552,Self-Employed,Approved,Pune
Arjun,52,100837,852,886168,Salaried,Approved,Mumbai
Arjun,70,114147,492,749763,Business,Rejected,Kolkata
Arjun,39,110062,840,444486,Self-Employed,Approved,Pune
Priya,18,137614,802,136570,Self-Employed,Rejected,Mumbai
Karan,39,155992,744,937256,Business,Approved,Pune
Aisha,34,158993,483,581850,Salaried,Approved,Bangalore
Neha,66,94959,862,871992,Self-Employed,Approved,Chennai
Fatima,64,51239,639,514233,Salaried,Approved,Hyderabad
Imran,30,151896,874,420482,Self-Employed,Rejected,Ahmedabad
Kabir,33,103814,630,896540,Salaried,Approved,Bangalore
Riya,49,136690,709,787982,Business,Rejected,Delhi
Rohan,52,121211,743,91659,Business,Rejected,Kolkata
Sara,56,120144,637,259733,Business,Rejected,Kolkata
Ananya,61,133037,788,388296,Business,Approved,Hyderabad
Karan,30,125564,506,867975,Self-Employed,Rejected,Hyderabad
Sara,27,113846,652,463006,Business,Approved,Mumbai
Karan,46,120658,861,653832,Business,Rejected,Pune
Sara,65,133841,793,193729,Self-Employed,Rejected,Ahmedabad
Rahul,68,107695,545,758038,Business,Rejected,Mumbai
Rahul,24,141473,815,534127,Business,Rejected,Bangalore
Priya,70,118361,856,444183,Salaried,Rejected,Delhi
Fatima,24,140109,736,611091,Self-Employed,Approved,Kolkata
Ananya,37,100232,881,386684,Salaried,Approved,Bangalore
Arjun,60,78989,790,656835,Salaried,Approved,Delhi
Kabir,35,142095,759,634856,Business,Approved,Kolkata
Riya,53,130927,529,131337,Salaried,Approved,Chennai
Fatima,55,116294,852,318470,Salaried,Approved,Ahmedabad
Fatima,49,127914,893,988553,Self-Employed,Rejected,Mumbai
Fatima,30,155569,723,383195,Self-Employed,Rejected,Ahmedabad
Riya,31,75336,562,682154,Business,Approved,Mumbai
Fatima,67,60815,707,514861,Business,Rejected,Hyderabad
Aisha,43,147494,860,322434,Business,Rejected,Kolkata
Ananya,46,74104,773,872787,Salaried,Approved,Mumbai
Sara,66,105075,655,61466,Self-Employed,Approved,Chennai
Aman,35,147593,795,225010,Self-Employed,Rejected,Kolkata
Kabir,45,77880,801,694533,Self-Employed,Rejected,Hyderabad
Ananya,57,145609,860,797875,Salaried,Rejected,Delhi
Neha,61,140938,750,200501,Salaried,Approved,Hyderabad
Rohan,44,120481,660,426147,Business,Rejected,Kolkata
Karan,56,147147,840,695043,Salaried,Approved,Delhi
Zoya,59,146972,807,380882,Salaried,Rejected,Mumbai
Priya,39,137867,753,133912,Self-Employed,Approved,Mumbai
Ananya,29,108391,756,419489,Self-Employed,Approved,Mumbai
Aditya,60,126234,632,567670,Salaried,Approved,Mumbai
Neha,52,89828,624,685590,Salaried,Rejected,Chennai
Priya,56,64198,748,758997,Self-Employed,Rejected,Hyderabad
Ananya,33,92722,792,507546,Salaried,Approved,Bangalore
Fatima,64,142616,820,820641,Business,Rejected,Ahmedabad
Aisha,51,116196,662,693884,Self-Employed,Approved,Mumbai
Sara,57,162870,785,396788,Salaried,Approved,Ahmedabad
Riya,51,111767,828,672390,Self-Employed,Approved,Mumbai
Sara,55,159324,857,589734,Business,Approved,Delhi
Karan,68,158337,758,449647,Self-Employed,Rejected,Bangalore
Rahul,36,88146,823,728500,Salaried,Approved,Kolkata
Zoya,61,123133,854,713449,Business,Approved,Chennai
Neha,45,96350,551,678657,Salaried,Rejected,Mumbai
Priya,42,156795,726,396991,Salaried,Rejected,Chennai
Fatima,47,73286,790,707002,Self-Employed,Rejected,Ahmedabad
Zoya,48,134411,577,783825,Self-Employed,Approved,Hyderabad
Aditya,48,150150,587,527208,Self-Employed,Approved,Chennai
Karan,47,41553,724,586060,Business,Rejected,Hyderabad
Rahul,49,117773,621,145447,Business,Approved,Pune
Aisha,48,87379,704,59850,Business,Rejected,Ahmedabad
Aisha,67,110841,779,725581,Self-Employed,Approved,Mumbai
Arjun,49,89687,685,309975,Self-Employed,Rejected,Ahmedabad
Fatima,55,118850,791,719429,Self-Employed,Rejected,Delhi
Karan,68,137158,634,775693,Salaried,Approved,Kolkata
Aisha,50,108573,856,377189,Business,Rejected,Mumbai
Rohan,44,149654,677,677122,Self-Employed,Rejected,Pune
Kabir,30,157600,861,67558,Business,Approved,Hyderabad
Neha,61,100746,523,350141,Self-Employed,Rejected,Pune
Sara,53,84225,713,463413,Salaried,Rejected,Chennai
Rahul,67,120571,661,842491,Self-Employed,Rejected,Bangalore
Neha,48,96167,633,115365,Salaried,Approved,Hyderabad
Arjun,51,108881,721,535725,Salaried,Rejected,Kolkata
Priya,55,62174,567,423841,Self-Employed,Rejected,Ahmedabad
Fatima,67,51780,807,342376,Salaried,Approved,Pune
Zoya,34,152972,681,424949,Salaried,Rejected,Bangalore
Fatima,58,85070,882,482276,Business,Approved,Ahmedabad
Priya,56,79328,895,511933,Salaried,Approved,Chennai
Karan,57,126467,827,324995,Salaried,Rejected,Ahmedabad
Rohan,70,88990,557,-27905,Salaried,Rejected,Chennai
Sara,63,90232,827,870915,Business,Rejected,Kolkata
Fatima,40,99636,666,50029,Business,Rejected,Hyderabad
Rahul,45,105728,874,812938,Salaried,Approved,Chennai
Karan,43,99160,858,493327,Business,Rejected,Pune
Rahul,24,137712,843,601081,Salaried,Approved,Bangalore
Imran,23,114565,840,755333,Salaried,Rejected,Mumbai
Arjun,66,153788,790,208574,Self-Employed,Approved,Mumbai
Rahul,41,140729,764,297366,Self-Employed,Approved,Ahmedabad
Arjun,54,85687,884,346593,Business,Approved,Pune
Sara,29,100796,779,273630,Salaried,Rejected,Mumbai
Zoya,56,129092,745,839140,Self-Employed,Approved,Chennai
Arjun,39,114780,593,459235,Salaried,Approved,Pune
Rahul,33,132384,500,510113,Salaried,Approved,Delhi
Imran,31,109670,828,134099,Self-Employed,Rejected,Mumbai
Ananya,41,110857,691,406299,Self-Employed,Approved,Delhi
Ananya,63,141986,815,793353,Salaried,Rejected,Pune
Aisha,56,99169,686,957697,Salaried,Rejected,Kolkata
Priya,36,152234,870,462193,Salaried,Approved,Bangalore
Fatima,60,62501,663,408288,Business,Rejected,Pune
Kabir,56,102933,626,517270,Business,Rejected,Chennai
Kabir,61,57206,767,684712,Self-Employed,Rejected,Chennai
Aditya,56,157222,741,930834,Business,Rejected,Mumbai
Ananya,29,152827,829,310087,Self-Employed,Rejected,Hyderabad
Aisha,64,129880,703,385820,Salaried,Rejected,Mumbai
Neha,47,84106,794,381780,Self-Employed,Approved,Mumbai
Aditya,62,129902,700,421684,Business,Approved,Mumbai
Neha,66,145027,638,148390,Salaried,Approved,Kolkata
Fatima,60,131683,874,229979,Business,Approved,Hyderabad
Rahul,67,103088,827,376020,Business,Approved,Ahmedabad
Riya,46,156488,783,701593,Business,Approved,Delhi
Aman,54,72473,742,551801,Business,Approved,Hyderabad
Fatima,63,101819,616,347829,Self-Employed,Approved,Delhi
Rohan,65,47685,575,796659,Self-Employed,Rejected,Delhi
Rahul,49,98835,584,376843,Business,Rejected,Mumbai
Priya,45,135277,626,810041,Business,Approved,Kolkata
Ananya,35,151048,760,514543,Business,Rejected,Mumbai
Rohan,52,103322,769,326322,Salaried,Approved,Bangalore
Rahul,47,79449,764,586402,Business,Rejected,Mumbai
Arjun,43,125334,804,772904,Self-Employed,Rejected,Pune
Arjun,54,131104,708,546393,Salaried,Approved,Kolkata
Rohan,63,91300,836,663687,Self-Employed,Rejected,Bangalore
Aisha,52,148479,602,164390,Self-Employed,Approved,Mumbai
Zoya,65,136190,715,716884,Business,Approved,Mumbai
Kabir,59,142616,872,189722,Business,Approved,Mumbai
Aditya,62,132737,745,125791,Self-Employed,Rejected,Ahmedabad
Ananya,28,153802,688,417198,Salaried,Rejected,Ahmedabad
Fatima,58,76263,552,586177,Salaried,Rejected,Kolkata
Sara,67,118473,723,66526,Salaried,Approved,Mumbai
Aditya,40,93449,784,309576,Self-Employed,Approved,Kolkata
Priya,64,131076,720,182497,Business,Approved,Hyderabad
Riya,53,114621,769,216781,Self-Employed,Rejected,Pune
Fatima,64,98180,631,442898,Business,Approved,Chennai
Arjun,30,46819,667,199809,Salaried,Approved,Chennai
Rahul,67,131652,857,527656,Self-Employed,Rejected,Delhi
Neha,66,151395,808,533599,Self-Employed,Rejected,Delhi
Riya,58,130180,839,600672,Salaried,Rejected,Kolkata
Kabir,70,161564,784,366167,Self-Employed,Rejected,Pune
Priya,33,112279,603,805287,Business,Rejected,Chennai
Neha,41,87827,683,435972,Business,Approved,Mumbai
Aisha,57,143690,873,736030,Salaried,Approved,Mumbai
Zoya,69,112549,788,5527,Business,Approved,Mumbai
Riya,56,74376,618,388335,Self-Employed,Approved,Kolkata
Rohan,33,94150,719,675893,Business,Rejected,Kolkata
Riya,54,148844,821,879025,Business,Rejected,Mumbai
Aditya,68,85904,863,545589,Salaried,Rejected,Ahmedabad
Ananya,56,131920,802,724671,Self-Employed,Approved,Mumbai
Sara,55,83159,779,826537,Business,Approved,Delhi
Aman,53,134403,692,323073,Business,Rejected,Kolkata
Fatima,45,150918,612,608104,Salaried,Rejected,Mumbai
Sara,56,136172,792,833623,Self-Employed,Approved,Pune
Priya,33,82286,751,169965,Salaried,Approved,Mumbai
Rahul,43,136519,732,466989,Business,Approved,Bangalore
Kabir,56,132834,899,819477,Self-Employed,Rejected,Kolkata
Fatima,61,132897,892,583762,Self-Employed,Rejected,Delhi
Aisha,45,120421,717,97686,Business,Rejected,Hyderabad
Fatima,45,145005,792,329187,Self-Employed,Rejected,Delhi
Zoya,43,162944,852,492640,Salaried,Rejected,Ahmedabad
Sara,56,137364,796,377810,Salaried,Approved,Hyderabad
Arjun,39,88164,700,298683,Salaried,Rejected,Ahmedabad
Rohan,62,50636,767,426278,Salaried,Rejected,Delhi
Fatima,41,122950,824,399986,Self-Employed,Approved,Ahmedabad
Rohan,41,130209,676,196943,Business,Approved,Bangalore
Neha,67,138154,672,589156,Salaried,Approved,Delhi
Ananya,27,136797,709,101972,Business,Rejected,Ahmedabad
Rohan,23,50280,747,46193,Self-Employed,Rejected,Pune
Aman,45,118830,532,125185,Self-Employed,Approved,Pune
Arjun,63,86569,568,327221,Salaried,Rejected,Hyderabad
Rohan,59,145989,810,138257,Self-Employed,Rejected,Pune
Ananya,54,61913,579,980994,Salaried,Approved,Chennai
Aman,37,133746,629,406904,Salaried,Approved,Bangalore
Imran,68,105642,740,314139,Self-Employed,Rejected,Delhi
Fatima,55,97662,499,591444,Self-Employed,Approved,Hyderabad
Aisha,44,116141,856,872178,Self-Employed,Rejected,Ahmedabad
Neha,61,121647,861,675568,Business,Rejected,Pune
Aman,46,149991,754,662448,Business,Rejected,Pune
Neha,37,156360,836,314121,Business,Approved,Hyderabad
Priya,53,94606,677,576997,Business,Rejected,Pune
Neha,45,135623,754,367261,Salaried,Rejected,Kolkata
Fatima,54,116121,573,431957,Self-Employed,Rejected,Delhi
Zoya,64,80498,723,596273,Salaried,Rejected,Kolkata
Rohan,49,154414,878,851116,Business,Rejected,Hyderabad
Priya,64,83245,517,589459,Salaried,Rejected,Mumbai
Aman,39,110466,742,501195,Salaried,Approved,Hyderabad
Riya,64,114048,637,271258,Salaried,Approved,Pune
Ananya,23,82937,793,455210,Self-Employed,Rejected,Mumbai
Zoya,26,161685,849,245059,Salaried,Rejected,Delhi
Aman,36,121444,705,450418,Business,Rejected,Pune
Karan,64,125152,711,124006,Salaried,Rejected,Delhi
Kabir,64,119620,707,685937,Salaried,Rejected,Pune
Fatima,68,122282,679,421089,Self-Employed,Approved,Mumbai
Neha,63,111771,777,812387,Salaried,Rejected,Chennai
Priya,62,111629,887,511401,Business,Rejected,Chennai
Aditya,68,161629,698,9824,Business,Approved,Bangalore
Sara,39,40740,835,893680,Salaried,Approved,Hyderabad
Priya,60,152400,544,282026,Self-Employed,Rejected,Mumbai
Rohan,29,116909,604,677677,Business,Approved,Hyderabad
Fatima,67,151540,775,225105,Salaried,Rejected,Hyderabad
Zoya,66,132228,675,915362,Salaried,Rejected,Mumbai
Fatima,62,127496,706,634921,Self-Employed,Rejected,Pune
Fatima,46,158220,746,78480,Salaried,Rejected,Mumbai
Arjun,48,111158,456,372752,Self-Employed,Approved,Delhi
Rahul,68,35402,745,902766,Self-Employed,Rejected,Kolkata
Priya,41,100862,621,301773,Self-Employed,Rejected,Delhi
Priya,70,63732,807,834249,Business,Rejected,Mumbai
Imran,48,111701,809,746535,Business,Approved,Mumbai
Aditya,63,92793,839,441936,Salaried,Approved,Kolkata
Zoya,55,135684,491,690918,Salaried,Approved,Bangalore
Neha,41,118261,779,882223,Business,Rejected,Kolkata
Fatima,58,126896,523,352082,Self-Employed,Rejected,Pune
Aman,59,92207,711,342784,Self-Employed,Rejected,Chennai
Rohan,52,160847,707,832189,Self-Employed,Approved,Bangalore
Rohan,58,125976,690,572502,Business,Approved,Ahmedabad
Rahul,49,109145,804,770298,Salaried,Rejected,Pune
Aditya,58,109846,825,706891,Business,Approved,Ahmedabad
Karan,70,138019,751,81109,Self-Employed,Approved,Chennai
Aman,66,117416,500,580111,Self-Employed,Approved,Kolkata
Riya,64,139589,899,397864,Business,Approved,Hyderabad
Imran,61,145979,834,48151,Salaried,Approved,Chennai
Aman,36,125408,762,652388,Salaried,Approved,Kolkata
Neha,65,147850,675,885656,Self-Employed,Approved,Hyderabad
Rohan,29,155065,700,867506,Business,Rejected,Hyderabad
Sara,56,143822,679,768485,Business,Rejected,Chennai
Ananya,37,146395,656,337543,Salaried,Rejected,Mumbai
Zoya,66,151415,783,724808,Business,Rejected,Ahmedabad
Fatima,62,145589,666,496825,Business,Rejected,Pune
Neha,63,145061,651,655556,Salaried,Approved,Pune
Aman,47,99771,813,220213,Self-Employed,Approved,Delhi
Priya,38,161537,877,774335,Self-Employed,Rejected,Delhi
Ananya,40,130994,806,243246,Business,Rejected,Bangalore
Priya,41,123080,861,575661,Self-Employed,Approved,Hyderabad
Aman,51,44483,823,835052,Business,Approved,Bangalore
Neha,54,161141,735,624956,Business,Rejected,Chennai
Rahul,60,44650,569,508165,Self-Employed,Rejected,Mumbai
Sara,47,90645,846,384252,Self-Employed,Rejected,Pune
Kabir,64,105780,810,571669,Salaried,Approved,Kolkata
Fatima,33,98632,705,177354,Business,Rejected,Pune
Kabir,65,92860,674,380244,Salaried,Rejected,Pune
Aman,65,106207,686,545243,Self-Employed,Approved,Mumbai
Arjun,59,147311,789,910982,Self-Employed,Approved,Bangalore
Kabir,66,160611,615,580793,Salaried,Approved,Pune
Sara,50,95387,713,524814,Self-Employed,Approved,Delhi
Riya,45,117277,864,542061,Self-Employed,Approved,Pune
Sara,29,120081,838,127669,Self-Employed,Approved,Hyderabad
Fatima,47,157100,833,948736,Business,Approved,Bangalore
Imran,38,116621,727,768282,Salaried,Approved,Kolkata
Aditya,45,111116,663,561997,Salaried,Rejected,Mumbai
Aditya,27,144774,693,129491,Salaried,Rejected,Bangalore
Imran,43,130923,717,989132,Self-Employed,Approved,Pune
Imran,46,84696,706,880190,Self-Employed,Approved,Bangalore
Kabir,58,67059,591,673399,Salaried,Rejected,Mumbai
Fatima,39,77561,855,274351,Salaried,Rejected,Chennai
Aditya,42,112076,881,567209,Salaried,Rejected,Hyderabad
Fatima,49,138960,717,357268,Salaried,Rejected,Ahmedabad
Zoya,54,154418,804,407427,Business,Approved,Pune
Aman,67,135790,759,80496,Self-Employed,Rejected,Pune
Sara,41,128497,689,801308,Business,Approved,Kolkata
Riya,46,108641,687,305341,Self-Employed,Rejected,Pune
Aman,40,114970,775,569442,Self-Employed,Approved,Bangalore
Sara,46,99007,649,24410,Salaried,Rejected,Delhi
Imran,68,36629,874,418576,Business,Approved,Ahmedabad
Fatima,58,109374,824,386688,Salaried,Approved,Mumbai
Kabir,29,94039,809,387435,Salaried,Rejected,Kolkata
Aman,34,79026,730,387743,Business,Approved,Mumbai
Ananya,70,60928,884,700418,Self-Employed,Rejected,Hyderabad
Rohan,52,137945,534,137951,Salaried,Approved,Bangalore
Riya,48,157147,684,620432,Self-Employed,Approved,Mumbai
Rahul,63,144021,843,344027,Salaried,Rejected,Kolkata
Neha,36,116709,648,749186,Business,Rejected,Ahmedabad
Aditya,68,92050,624,385227,Self-Employed,Rejected,Hyderabad
Fatima,28,78777,414,353719,Salaried,Approved,Pune
Aisha,22,142980,879,617296,Self-Employed,Rejected,Delhi
Imran,44,145863,706,665830,Salaried,Approved,Mumbai
Arjun,28,79620,857,62537,Self-Employed,Rejected,Chennai
Riya,52,102922,784,90522,Self-Employed,Approved,Kolkata
Kabir,55,107697,681,112071,Salaried,Approved,Ahmedabad
Sara,69,58098,745,401347,Business,Rejected,Mumbai
Rahul,63,72815,842,867058,Business,Rejected,Kolkata
Sara,56,119071,843,340083,Self-Employed,Rejected,Hyderabad
Sara,58,147554,828,493412,Self-Employed,Rejected,Kolkata
Neha,38,109905,572,396410,Self-Employed,Rejected,Mumbai
Aman,52,91821,612,426540,Salaried,Approved,Mumbai
Ananya,46,154063,877,82720,Business,Approved,Ahmedabad
Neha,40,101545,811,277655,Self-Employed,Rejected,Ahmedabad
Karan,28,129218,787,887286,Self-Employed,Approved,Pune
Sara,60,118872,872,465654,Business,Rejected,Kolkata
Priya,44,94713,497,70684,Business,Rejected,Hyderabad
Sara,67,116579,899,74080,Salaried,Rejected,Pune
Imran,44,113670,850,493299,Business,Rejected,Mumbai
Priya,36,98099,676,227249,Business,Approved,Kolkata
Rahul,29,150651,799,236682,Self-Employed,Approved,Hyderabad
Riya,52,82367,688,25985,Salaried,Rejected,Bangalore
Zoya,51,91437,899,278170,Self-Employed,Approved,Delhi
Rahul,64,130696,687,409698,Self-Employed,Approved,Mumbai
Rohan,65,99481,762,1031188,Self-Employed,Approved,Kolkata
Arjun,63,161051,648,259286,Business,Approved,Bangalore
Aditya,59,144299,883,302065,Business,Rejected,Kolkata
Rohan,52,102729,774,291540,Salaried,Rejected,Hyderabad
Ananya,42,91147,878,105375,Self-Employed,Rejected,Hyderabad
Aditya,29,145532,816,867074,Salaried,Approved,Kolkata
Priya,54,151081,784,361597,Salaried,Approved,Mumbai
Neha,43,116551,785,722782,Salaried,Rejected,Delhi
Kabir,25,146926,758,577750,Business,Approved,Hyderabad
Sara,66,64487,616,553481,Self-Employed,Rejected,Kolkata
Aman,28,90021,783,902127,Salaried,Approved,Pune
Fatima,45,95243,829,366614,Self-Employed,Rejected,Kolkata
Kabir,49,141658,568,603030,Business,Rejected,Delhi
Ananya,53,112971,873,54623,Business,Approved,Bangalore
Kabir,28,92784,857,191339,Business,Rejected,Bangalore
Arjun,44,136694,634,223709,Self-Employed,Approved,Delhi
Aisha,42,96110,879,748011,Business,Rejected,Kolkata
Aman,64,102875,797,621376,Salaried,Rejected,Mumbai
Aman,57,36917,688,745550,Business,Rejected,Delhi
Aman,28,98458,694,819700,Self-Employed,Approved,Mumbai
Rohan,60,40716,584,420338,Business,Rejected,Mumbai
Zoya,46,160356,841,457882,Salaried,Rejected,Delhi
Rohan,60,114024,878,321057,Salaried,Rejected,Bangalore
Imran,33,154325,628,933926,Business,Approved,Kolkata
Imran,51,127998,724,609061,Business,Approved,Ahmedabad
Ananya,43,124182,860,48008,Salaried,Rejected,Hyderabad
Rahul,53,116706,540,206254,Business,Approved,Ahmedabad
Priya,41,142646,851,946021,Salaried,Approved,Hyderabad
Fatima,53,78236,530,131582,Salaried,Approved,Ahmedabad
Rahul,57,67475,650,821730,Salaried,Approved,Chennai
Karan,37,96820,815,845185,Self-Employed,Approved,Mumbai
Neha,63,118606,772,733023,Salaried,Approved,Pune
Arjun,42,147254,610,273252,Self-Employed,Approved,Pune
Riya,70,129476,581,464184,Salaried,Approved,Hyderabad
Arjun,57,144356,758,401599,Salaried,Approved,Kolkata
Kabir,51,92206,853,167987,Self-Employed,Rejected,Hyderabad
Fatima,57,106441,856,722261,Business,Rejected,Bangalore
Ananya,50,124102,686,385975,Self-Employed,Rejected,Pune
Rohan,31,78141,782,550162,Business,Rejected,Delhi
Aditya,43,54112,674,547583,Business,Rejected,Kolkata
Zoya,55,64530,628,369740,Self-Employed,Rejected,Bangalore
Arjun,53,146063,878,446840,Self-Employed,Rejected,Kolkata
Ananya,63,116967,694,834824,Salaried,Approved,Mumbai
Fatima,25,121351,489,139606,Salaried,Rejected,Delhi
Karan,62,106604,760,906764,Self-Employed,Rejected,Chennai
Fatima,55,158398,697,483706,Salaried,Approved,Ahmedabad
Zoya,68,99283,877,224457,Self-Employed,Rejected,Bangalore
Fatima,64,155615,855,508314,Business,Approved,Bangalore
Rohan,40,123269,671,769181,Salaried,Approved,Pune
Sara,54,107748,624,147060,Salaried,Rejected,Bangalore
Ananya,25,148775,889,195000,Business,Approved,Kolkata
Fatima,63,103367,794,1004905,Self-Employed,Rejected,Hyderabad
Rahul,52,71879,662,832932,Salaried,Rejected,Chennai
Fatima,36,154413,898,522257,Business,Approved,Pune
Sara,64,31569,733,458342,Self-Employed,Approved,Pune
Zoya,42,134622,745,64045,Self-Employed,Approved,Hyderabad
Ananya,68,161098,681,647472,Business,Rejected,Ahmedabad
Aman,29,101834,574,428496,Salaried,Approved,Kolkata
Kabir,60,91809,624,101356,Self-Employed,Rejected,Ahmedabad
Ananya,50,139148,815,309099,Business,Approved,Ahmedabad
Aditya,61,43317,862,353690,Salaried,Approved,Pune
Aditya,58,132914,897,159399,Business,Rejected,Ahmedabad
Imran,33,138396,515,390857,Salaried,Approved,Hyderabad
Fatima,44,140197,864,314154,Self-Employed,Rejected,Mumbai
Zoya,48,90031,659,91499,Self-Employed,Rejected,Hyderabad
Aisha,65,131622,889,324374,Self-Employed,Approved,Chennai
Imran,57,103793,685,545955,Self-Employed,Rejected,Kolkata
Aditya,36,91802,573,495294,Business,Rejected,Hyderabad
Kabir,33,151280,868,143362,Self-Employed,Rejected,Kolkata
Priya,50,148739,887,424032,Salaried,Rejected,Delhi
Priya,25,132037,644,644965,Salaried,Rejected,Bangalore
Aisha,61,117549,825,771213,Salaried,Approved,Bangalore
Fatima,28,163141,882,648887,Self-Employed,Approved,Kolkata
Neha,57,67978,635,412764,Business,Approved,Pune
Arjun,47,105529,847,684950,Salaried,Approved,Delhi
Rohan,69,88275,777,290142,Salaried,Approved,Delhi
Zoya,61,91276,869,688846,Business,Rejected,Pune
Fatima,69,160630,797,305332,Self-Employed,Rejected,Ahmedabad
Aman,52,115179,555,599969,Business,Approved,Ahmedabad
Fatima,67,98623,743,497659,Self-Employed,Rejected,Hyderabad
Imran,53,140262,694,330013,Salaried,Approved,Pune
Zoya,67,144034,862,261526,Business,Approved,Ahmedabad
Neha,58,157276,782,73037,Self-Employed,Approved,Hyderabad
Arjun,58,134474,615,461435,Self-Employed,Approved,Pune
Aditya,33,147120,663,199176,Salaried,Approved,Ahmedabad
Sara,66,71793,713,98549,Self-Employed,Rejected,Chennai
Arjun,42,108591,725,326369,Salaried,Approved,Pune
Neha,43,92665,849,923455,Salaried,Approved,Hyderabad
Neha,23,81880,861,448703,Business,Rejected,Bangalore
Riya,60,108069,829,764017,Self-Employed,Rejected,Hyderabad
Fatima,65,146063,693,704052,Business,Approved,Mumbai
Karan,50,136495,872,448975,Self-Employed,Rejected,Mumbai
Sara,53,106492,855,686178,Self-Employed,Rejected,Mumbai
Sara,30,86550,528,83671,Salaried,Rejected,Ahmedabad
Riya,65,47666,699,204095,Business,Approved,Kolkata
Neha,39,154904,501,734905,Salaried,Approved,Chennai
Rahul,59,151346,682,591269,Business,Approved,Kolkata
Sara,34,90588,655,108714,Business,Rejected,Hyderabad
Imran,67,137681,657,255408,Business,Rejected,Delhi
Sara,43,112915,826,537345,Business,Approved,Hyderabad
Fatima,28,51001,752,551932,Self-Employed,Approved,Delhi
Priya,45,133267,432,320798,Self-Employed,Rejected,Bangalore
Arjun,61,53375,641,228323,Salaried,Approved,Ahmedabad
Aisha,43,140580,767,154604,Self-Employed,Rejected,Pune
Aisha,65,54994,879,588118,Self-Employed,Approved,Bangalore
Rohan,65,136276,863,393988,Business,Approved,Chennai
Riya,49,104755,820,756624,Self-Employed,Rejected,Delhi
Karan,46,81280,698,516100,Business,Rejected,Mumbai
Fatima,49,106770,534,31393,Business,Rejected,Bangalore
Fatima,52,142981,629,359358,Salaried,Rejected,Mumbai
Ananya,60,154856,651,660883,Salaried,Rejected,Hyderabad
Neha,35,144350,751,337535,Self-Employed,Rejected,Mumbai
Rohan,50,133236,734,77896,Business,Rejected,Delhi
Fatima,49,138208,667,591378,Business,Approved,Hyderabad
Ananya,49,148183,524,222915,Self-Employed,Rejected,Mumbai
Kabir,37,125403,873,245495,Business,Approved,Pune
Ananya,56,84974,724,277880,Business,Rejected,Ahmedabad
Ananya,34,141253,828,822943,Business,Rejected,Delhi
Ananya,34,155506,867,532699,Self-Employed,Rejected,Hyderabad
Fatima,66,78791,710,157207,Salaried,Rejected,Hyderabad
Arjun,67,126027,872,62074,Business,Rejected,Mumbai
Rohan,23,123670,717,444620,Salaried,Approved,Chennai
Fatima,47,156799,677,186776,Salaried,Approved,Delhi
Aisha,27,78410,452,512072,Business,Rejected,Bangalore
Riya,62,135427,711,503471,Self-Employed,Approved,Ahmedabad
Arjun,34,118719,754,815853,Self-Employed,Rejected,Ahmedabad
Aman,61,144097,732,520191,Self-Employed,Rejected,Mumbai
Riya,63,122379,826,596337,Self-Employed,Approved,Bangalore
Rahul,51,132718,724,865537,Salaried,Rejected,Kolkata
Neha,54,100590,672,125837,Self-Employed,Rejected,Kolkata
Aman,37,28929,879,594834,Self-Employed,Rejected,Bangalore
Priya,57,114736,700,226946,Business,Rejected,Ahmedabad
Arjun,43,146873,896,746188,Salaried,Approved,Ahmedabad
Neha,28,97176,725,512713,Business,Rejected,Delhi
Fatima,59,151519,817,630391,Self-Employed,Rejected,Delhi
Ananya,61,73841,706,397627,Business,Approved,Delhi
Sara,39,145554,613,63917,Salaried,Rejected,Delhi
Sara,33,154123,632,616992,Business,Rejected,Kolkata
Sara,57,140523,873,175487,Salaried,Rejected,Chennai
Fatima,26,139948,648,326205,Salaried,Approved,Pune
Riya,27,99234,700,915151,Salaried,Rejected,Pune
Arjun,33,163536,855,84310,Business,Approved,Ahmedabad
Zoya,41,99431,484,193067,Business,Approved,Bangalore
Rohan,65,59701,691,633032,Salaried,Approved,Ahmedabad
Aisha,62,112207,521,475903,Salaried,Rejected,Hyderabad
Arjun,49,144592,782,239802,Salaried,Approved,Pune
Riya,46,99772,788,803606,Business,Approved,Mumbai
Ananya,32,116954,697,159873,Self-Employed,Approved,Ahmedabad
Imran,25,123762,717,154861,Self-Employed,Approved,Hyderabad
Priya,40,149550,814,828822,Self-Employed,Approved,Ahmedabad
Priya,51,152455,587,479675,Salaried,Rejected,Bangalore
Ananya,57,154974,528,546260,Business,Approved,Ahmedabad
Karan,67,130428,570,909671,Business,Rejected,Pune
Zoya,50,124421,533,937251,Self-Employed,Approved,Kolkata
Kabir,44,157110,834,588581,Business,Rejected,Kolkata
Imran,44,143513,624,600085,Salaried,Approved,Bangalore
Arjun,60,128103,661,20591,Self-Employed,Approved,Mumbai
Rohan,63,112973,780,652360,Self-Employed,Rejected,Ahmedabad
Arjun,39,136386,698,440656,Self-Employed,Approved,Hyderabad
Ananya,47,113198,779,426088,Salaried,Approved,Mumbai
Fatima,26,75465,874,412040,Self-Employed,Approved,Ahmedabad
Karan,58,154499,896,92430,Self-Employed,Approved,Mumbai
Rahul,28,150712,821,342232,Salaried,Approved,Kolkata
Karan,66,104204,843,732833,Business,Approved,Chennai
Rahul,62,140397,748,-24463,Self-Employed,Rejected,Hyderabad
Arjun,56,112471,837,736673,Business,Rejected,Bangalore
Fatima,52,104056,634,313816,Salaried,Approved,Mumbai
Kabir,38,39125,615,505855,Self-Employed,Approved,Hyderabad
Riya,32,92034,890,411945,Self-Employed,Rejected,Chennai
Imran,65,144511,759,421600,Salaried,Rejected,Bangalore
Sara,33,155610,737,488027,Salaried,Rejected,Kolkata
Priya,60,74654,723,263261,Self-Employed,Rejected,Chennai
Rohan,60,132062,682,398252,Self-Employed,Rejected,Mumbai
Aditya,59,47627,537,639498,Salaried,Approved,Ahmedabad
Zoya,66,115690,811,113565,Salaried,Rejected,Mumbai
Karan,62,146929,879,63480,Salaried,Rejected,Kolkata
Neha,30,104439,621,1022696,Business,Rejected,Pune
Arjun,49,153622,611,604830,Self-Employed,Approved,Bangalore
Kabir,54,54716,634,227696,Business,Rejected,Mumbai
Riya,69,141951,853,592331,Salaried,Rejected,Mumbai
Aman,58,69327,885,535796,Self-Employed,Approved,Pune
Kabir,48,80758,661,347422,Salaried,Rejected,Mumbai
Rohan,56,99653,847,519240,Self-Employed,Approved,Ahmedabad
Rohan,33,79306,818,409939,Business,Rejected,Hyderabad
Zoya,68,56818,502,687221,Salaried,Approved,Chennai
Riya,65,146390,792,91419,Salaried,Approved,Mumbai
Fatima,38,139636,603,121716,Business,Approved,Chennai
Ananya,30,118600,887,867086,Salaried,Rejected,Chennai
Aditya,50,148530,718,298043,Self-Employed,Approved,Delhi
Neha,69,110293,852,497043,Self-Employed,Rejected,Pune
Fatima,45,139753,631,842733,Self-Employed,Rejected,Mumbai
Karan,35,111226,635,999611,Salaried,Rejected,Kolkata
Sara,28,112542,780,486677,Salaried,Approved,Mumbai
Fatima,32,127564,720,426854,Salaried,Approved,Kolkata
Imran,25,114037,667,799638,Salaried,Approved,Kolkata
Sara,52,147017,604,532204,Business,Rejected,Mumbai
Rahul,37,88889,654,982794,Business,Rejected,Kolkata
Rohan,67,71186,665,83328,Business,Approved,Mumbai
Karan,61,161835,669,394258,Business,Rejected,Bangalore
Sara,54,101092,732,742334,Business,Approved,Hyderabad
Rohan,54,160292,512,410618,Salaried,Rejected,Hyderabad
Imran,30,84309,826,690092,Salaried,Approved,Ahmedabad
Ananya,42,129774,682,545389,Salaried,Rejected,Mumbai
Rohan,57,109169,829,579616,Self-Employed,Approved,Kolkata
Rahul,58,137013,720,571578,Business,Rejected,Kolkata
Riya,63,109426,532,410757,Salaried,Approved,Hyderabad
Imran,49,127552,642,841491,Business,Approved,Kolkata
Aisha,65,65027,545,43268,Business,Approved,Ahmedabad
Aditya,54,152733,766,448309,Salaried,Rejected,Chennai
Rahul,43,79418,782,652009,Salaried,Rejected,Ahmedabad
Fatima,27,112499,737,295958,Self-Employed,Rejected,Mumbai
Rohan,45,142825,716,607620,Business,Approved,Chennai
Kabir,29,128059,881,364240,Salaried,Rejected,Pune
Aisha,53,101336,647,463671,Business,Approved,Chennai
Ananya,51,160546,856,726328,Salaried,Rejected,Kolkata
Aisha,62,131384,895,-5557,Salaried,Approved,Pune
Riya,36,109241,876,43544,Business,Approved,Ahmedabad
Riya,62,151815,758,622460,Business,Approved,Chennai
Aman,63,124876,846,496351,Salaried,Approved,Bangalore
Aditya,48,117587,750,447801,Business,Approved,Kolkata
Neha,69,76855,868,811268,Self-Employed,Approved,Ahmedabad
Arjun,63,148002,556,98952,Self-Employed,Approved,Pune
Arjun,29,119760,832,180099,Self-Employed,Rejected,Chennai
Ananya,60,142647,751,650202,Self-Employed,Approved,Chennai
Fatima,41,112582,697,485350,Self-Employed,Approved,Mumbai
Aditya,61,130821,814,764759,Business,Approved,Ahmedabad
Priya,43,109616,710,921028,Business,Rejected,Delhi
Karan,28,50533,522,764302,Salaried,Approved,Kolkata
Aisha,69,126974,768,531011,Salaried,Rejected,Ahmedabad
Aman,23,150206,720,157819,Business,Rejected,Hyderabad
Rahul,70,118276,843,370317,Business,Approved,Pune
Fatima,55,138801,660,1006780,Self-Employed,Rejected,Kolkata
Rahul,66,133520,623,487338,Salaried,Approved,Delhi
Rahul,29,140591,879,829887,Business,Rejected,Chennai
Karan,66,148324,836,759076,Self-Employed,Rejected,Pune
Zoya,27,156858,882,871484,Salaried,Approved,Delhi
Rahul,65,52450,851,335898,Self-Employed,Rejected,Chennai
Fatima,36,77095,589,1087397,Salaried,Approved,Chennai
Fatima,53,98544,692,477472,Salaried,Rejected,Kolkata
Rohan,54,150020,836,511958,Business,Rejected,Bangalore
Rohan,31,125032,839,835379,Self-Employed,Approved,Ahmedabad
Rohan,47,156072,830,133564,Business,Approved,Mumbai
Fatima,44,143784,773,748389,Salaried,Approved,Kolkata
Rohan,30,126128,797,107128,Self-Employed,Rejected,Ahmedabad
Rahul,55,157023,733,421048,Business,Approved,Bangalore
Rohan,57,144451,828,510519,Salaried,Approved,Mumbai
Aditya,51,155432,619,467712,Salaried,Approved,Chennai
Rohan,63,96695,530,716781,Self-Employed,Rejected,Mumbai
Arjun,59,136111,878,586679,Self-Employed,Rejected,Delhi
Priya,67,89596,867,919184,Salaried,Approved,Bangalore
Neha,33,150855,767,511095,Business,Approved,Hyderabad
Aman,34,144615,790,457537,Self-Employed,Approved,Ahmedabad
Neha,55,92723,658,101049,Business,Approved,Kolkata
Riya,28,142806,590,569451,Business,Approved,Chennai
Sara,57,126125,682,596800,Self-Employed,Approved,Delhi
Arjun,65,127286,890,275155,Salaried,Rejected,Mumbai
Aditya,60,103993,768,201995,Salaried,Rejected,Mumbai
Aman,49,84157,803,923583,Salaried,Approved,Mumbai
Neha,49,149823,484,810306,Self-Employed,Approved,Chennai
Priya,53,101457,552,365827,Salaried,Rejected,Chennai
Fatima,41,134731,757,588286,Salaried,Rejected,Pune
Ananya,40,121136,736,693117,Self-Employed,Rejected,Kolkata
Aditya,65,122519,533,315526,Salaried,Approved,Chennai
Fatima,56,152306,800,929422,Self-Employed,Rejected,Mumbai
Fatima,69,117578,830,530238,Salaried,Approved,Kolkata
Rahul,26,113017,900,511589,Self-Employed,Approved,Chennai
Priya,53,111865,713,728484,Self-Employed,Approved,Pune
Ananya,64,99448,871,788324,Self-Employed,Rejected,Kolkata
Arjun,56,57291,847,444209,Business,Rejected,Chennai
Priya,30,93954,600,221993,Self-Employed,Approved,Chennai
Aisha,37,128453,899,18079,Salaried,Rejected,Mumbai
Ananya,59,117908,585,379847,Business,Rejected,Pune
Fatima,48,89722,693,976418,Self-Employed,Rejected,Delhi
Rahul,56,27490,555,722631,Salaried,Approved,Ahmedabad
Neha,48,59077,612,481872,Business,Approved,Chennai
Rahul,54,86184,642,408566,Self-Employed,Rejected,Mumbai
Zoya,70,58069,878,201768,Business,Rejected,Chennai
Aditya,44,114644,860,140776,Business,Approved,Ahmedabad
Aditya,52,69842,795,463491,Salaried,Approved,Pune
Rahul,25,92358,846,839683,Salaried,Approved,Delhi
Rohan,51,151072,778,508907,Salaried,Approved,Pune
Karan,63,94260,824,535194,Business,Rejected,Bangalore
Neha,60,153652,815,67765,Business,Rejected,Chennai
Neha,38,140925,807,950978,Self-Employed,Approved,Kolkata
Riya,52,100386,547,369392,Salaried,Rejected,Hyderabad
Fatima,59,137335,832,666276,Business,Approved,Ahmedabad
Rohan,57,123884,750,442211,Self-Employed,Approved,Chennai
Aditya,38,97267,669,853725,Business,Rejected,Mumbai
Aisha,56,138120,877,340970,Business,Approved,Mumbai
Rahul,29,121722,822,130538,Business,Approved,Pune
Rohan,46,100770,654,233289,Business,Rejected,Hyderabad
Sara,54,77863,742,898960,Self-Employed,Rejected,Chennai
Aman,55,81991,832,756163,Business,Rejected,Hyderabad
Rahul,64,126790,687,174152,Salaried,Approved,Bangalore
Aman,43,157170,535,146623,Salaried,Rejected,Delhi
Rahul,41,67597,666,492243,Salaried,Approved,Bangalore
Kabir,48,98744,841,64531,Self-Employed,Approved,Bangalore
Arjun,36,118539,875,606189,Salaried,Approved,Chennai
Ananya,63,156522,697,288616,Salaried,Approved,Ahmedabad
Aditya,64,103227,566,121421,Business,Approved,Chennai
Arjun,21,144467,869,578185,Self-Employed,Rejected,Kolkata
Aditya,50,69529,843,242540,Self-Employed,Approved,Delhi
Aditya,63,116735,748,634275,Salaried,Approved,Chennai
Ananya,35,113098,618,366918,Self-Employed,Rejected,Mumbai
Sara,31,43410,646,71211,Business,Rejected,Delhi
Sara,46,131209,630,659158,Salaried,Approved,Chennai
Fatima,47,133297,627,576535,Business,Rejected,Mumbai
Aisha,35,135628,827,635033,Business,Rejected,Bangalore
Priya,44,156677,618,366150,Salaried,Rejected,Mumbai
Imran,46,51968,849,537246,Salaried,Rejected,Ahmedabad
Neha,49,150983,627,92883,Salaried,Approved,Pune
Rahul,31,98252,797,772708,Salaried,Rejected,Ahmedabad
Imran,63,120132,840,280050,Business,Approved,Bangalore
Riya,61,118351,726,246537,Salaried,Approved,Bangalore
Aisha,27,138328,770,755407,Salaried,Rejected,Pune
Rohan,30,90878,863,324792,Self-Employed,Approved,Ahmedabad
Arjun,45,134380,839,584125,Self-Employed,Approved,Kolkata
Arjun,35,136863,707,590357,Business,Rejected,Chennai
Fatima,60,141313,851,593130,Self-Employed,Rejected,Pune
Riya,57,114104,778,132723,Salaried,Rejected,Mumbai
Rohan,68,152708,765,615744,Salaried,Rejected,Ahmedabad
Kabir,55,43102,894,393863,Business,Rejected,Pune
Karan,67,47112,486,514699,Salaried,Approved,Delhi
Rohan,45,162760,639,642727,Salaried,Approved,Mumbai
Kabir,60,127463,882,274416,Business,Approved,Chennai
Kabir,66,116718,873,731635,Business,Rejected,Chennai
Karan,31,146651,829,619853,Self-Employed,Rejected,Pune
Aisha,57,100134,793,810984,Salaried,Approved,Mumbai
Imran,64,89013,837,888590,Self-Employed,Approved,Chennai
Kabir,45,153899,616,927403,Business,Approved,Ahmedabad
Aisha,42,118599,694,76280,Salaried,Approved,Pune
Karan,66,68760,862,129651,Salaried,Rejected,Hyderabad
Neha,45,150349,845,312070,Salaried,Approved,Bangalore
Priya,40,157306,602,602640,Self-Employed,Rejected,Bangalore
Ananya,54,98622,772,556955,Business,Rejected,Bangalore
Neha,26,102181,752,572855,Business,Approved,Bangalore
Rohan,53,72580,816,78773,Business,Approved,Bangalore
Aman,46,102569,816,31950,Self-Employed,Rejected,Delhi
Rohan,59,46076,869,434870,Self-Employed,Approved,Kolkata
Aisha,57,128192,538,388978,Salaried,Approved,Mumbai
Riya,57,141459,790,500991,Self-Employed,Approved,Delhi
Imran,70,97200,799,205590,Business,Approved,Delhi
Fatima,43,155851,661,88156,Salaried,Rejected,Delhi
Priya,59,131264,721,181977,Self-Employed,Approved,Delhi
Kabir,33,154721,648,94356,Salaried,Rejected,Pune
Arjun,51,100709,645,907214,Self-Employed,Approved,Hyderabad
Sara,59,97740,879,627501,Salaried,Approved,Chennai
Aman,43,100470,727,955012,Self-Employed,Approved,Pune
Neha,62,149436,588,14453,Self-Employed,Rejected,Pune
Ananya,67,96081,728,691453,Self-Employed,Approved,Kolkata
Imran,29,131564,646,947136,Business,Rejected,Kolkata
Karan,64,153612,692,147957,Salaried,Rejected,Hyderabad
Neha,53,159648,590,287783,Salaried,Approved,Delhi
Kabir,25,105500,715,40398,Business,Approved,Kolkata
Rahul,59,110079,586,272412,Business,Approved,Delhi
Fatima,52,105145,816,598605,Business,Approved,Delhi
Karan,64,137641,846,189257,Salaried,Rejected,Pune
Rahul,47,137696,768,600636,Self-Employed,Rejected,Kolkata
Aisha,20,96872,726,393458,Self-Employed,Rejected,Ahmedabad
Aisha,46,125036,879,676944,Business,Rejected,Hyderabad
Fatima,69,125949,875,506279,Salaried,Approved,Kolkata
Neha,45,85535,830,614442,Business,Approved,Kolkata
Riya,61,72612,873,360358,Self-Employed,Approved,Kolkata
Sara,38,87708,582,335253,Salaried,Rejected,Delhi
Aditya,44,122829,834,724312,Self-Employed,Approved,Hyderabad
Karan,56,158685,898,763961,Salaried,Approved,Ahmedabad
Ananya,57,103903,818,721652,Self-Employed,Approved,Hyderabad
Aditya,37,139225,477,185946,Salaried,Rejected,Kolkata
Rohan,40,98454,893,969941,Self-Employed,Rejected,Chennai
Riya,49,97997,814,108145,Salaried,Approved,Kolkata
Aditya,60,49919,565,906298,Business,Approved,Pune
Fatima,61,63378,503,812483,Business,Rejected,Ahmedabad
Kabir,41,131821,891,60393,Self-Employed,Approved,Kolkata
Aman,63,102852,860,133060,Self-Employed,Rejected,Chennai
Priya,29,144547,761,770914,Salaried,Approved,Ahmedabad
Rohan,67,104279,744,178673,Business,Approved,Pune
Zoya,65,147012,605,598593,Business,Approved,Hyderabad
Arjun,67,114417,800,445180,Salaried,Approved,Delhi
Priya,68,87081,787,616652,Salaried,Rejected,Chennai
Arjun,49,147853,490,960285,Salaried,Approved,Hyderabad
Rahul,58,123701,868,409249,Salaried,Rejected,Kolkata
Zoya,34,37249,857,881777,Business,Approved,Bangalore
Fatima,42,20550,790,472668,Self-Employed,Approved,Bangalore
Imran,66,116762,827,223785,Salaried,Approved,Pune
Sara,68,99887,819,534792,Self-Employed,Approved,Bangalore
Aisha,56,57347,786,932290,Salaried,Rejected,Hyderabad
Aisha,65,155531,593,384403,Self-Employed,Approved,Bangalore
Priya,45,151145,873,496900,Business,Rejected,Pune
Rahul,66,142455,731,796806,Self-Employed,Approved,Delhi
Rahul,53,91199,837,465398,Salaried,Approved,Kolkata
Aman,70,112078,454,69314,Self-Employed,Approved,Chennai
Rahul,58,106693,531,686902,Business,Approved,Mumbai
Rohan,34,81081,837,218701,Business,Approved,Mumbai
Karan,59,144977,888,459219,Salaried,Approved,Mumbai
Zoya,59,148653,885,803400,Business,Approved,Delhi
Rohan,51,98310,612,767858,Self-Employed,Approved,Pune
Riya,55,113853,856,430690,Salaried,Rejected,Pune
Kabir,64,157946,685,459084,Self-Employed,Approved,Ahmedabad
Karan,68,91687,674,528754,Salaried,Rejected,Pune
Rohan,21,160060,663,630181,Business,Approved,Mumbai
Aisha,50,86574,840,287802,Business,Rejected,Bangalore
Ananya,32,145666,679,558575,Business,Rejected,Pune
Kabir,65,140808,881,246497,Salaried,Rejected,Mumbai
Rahul,47,88314,668,18568,Salaried,Rejected,Pune
Sara,27,103354,689,38053,Self-Employed,Approved,Delhi
Zoya,41,140122,641,656510,Business,Rejected,Mumbai
Sara,62,86652,863,134252,Self-Employed,Rejected,Pune
Priya,65,159049,676,362543,Business,Approved,Pune
Sara,65,131248,718,758168,Self-Employed,Approved,Hyderabad
Riya,62,99809,842,643519,Self-Employed,Rejected,Ahmedabad
Riya,50,74148,585,47614,Self-Employed,Approved,Kolkata
Zoya,59,81801,845,158408,Salaried,Rejected,Kolkata
Fatima,63,116708,613,472928,Business,Rejected,Pune
Rahul,43,139095,888,436867,Business,Rejected,Pune
Fatima,37,50138,864,658675,Business,Rejected,Bangalore
Riya,45,54957,441,637213,Salaried,Rejected,Pune
Neha,54,82377,842,859924,Salaried,Approved,Ahmedabad
Rahul,56,121975,768,615715,Self-Employed,Rejected,Hyderabad
Ananya,63,144206,791,777463,Self-Employed,Rejected,Pune
Ananya,34,109377,722,84344,Business,Rejected,Chennai
Neha,54,39688,764,292031,Business,Approved,Delhi
Karan,62,144826,518,915728,Salaried,Approved,Hyderabad
Karan,55,83271,581,736732,Business,Rejected,Chennai
Aisha,64,42963,830,422108,Salaried,Approved,Delhi
Aisha,49,124338,659,523359,Business,Approved,Mumbai
Rahul,52,113781,871,517039,Self-Employed,Approved,Kolkata
Fatima,54,94805,815,907541,Self-Employed,Rejected,Mumbai
Ananya,68,142624,602,26514,Salaried,Approved,Bangalore
Neha,63,159373,836,754678,Business,Rejected,Mumbai
Karan,47,112737,699,507187,Salaried,Approved,Ahmedabad
Neha,55,82057,805,91686,Business,Rejected,Ahmedabad
Riya,45,135484,824,686741,Salaried,Rejected,Chennai
Karan,60,90245,551,391085,Self-Employed,Approved,Delhi
Imran,52,155733,849,-52183,Self-Employed,Approved,Kolkata
Aditya,26,85757,874,656895,Business,Approved,Kolkata
Kabir,64,122821,760,696932,Business,Approved,Delhi
Sara,61,132359,653,306293,Self-Employed,Rejected,Kolkata
Kabir,62,147928,739,271370,Self-Employed,Approved,Bangalore
Aisha,43,128713,543,218121,Salaried,Rejected,Chennai
Zoya,50,144144,731,534338,Business,Approved,Kolkata
Arjun,47,131586,772,234551,Business,Approved,Hyderabad
Zoya,41,121660,816,504579,Salaried,Rejected,Chennai
Aisha,34,101503,697,515100,Salaried,Rejected,Delhi
Zoya,48,123498,549,431327,Salaried,Approved,Mumbai
Aditya,69,132780,690,550108,Business,Approved,Chennai
Riya,57,158469,853,68754,Business,Rejected,Bangalore
Aditya,49,111155,771,610782,Business,Rejected,Delhi
Karan,20,51741,717,605347,Self-Employed,Approved,Hyderabad
Karan,31,84848,750,268355,Self-Employed,Approved,Kolkata
Kabir,65,99209,787,367883,Business,Approved,Hyderabad
Fatima,61,102859,837,47866,Salaried,Approved,Ahmedabad
Aditya,31,70545,554,132694,Business,Approved,Ahmedabad
Arjun,49,68112,812,574016,Salaried,Rejected,Chennai
Fatima,58,160189,897,716451,Salaried,Rejected,Pune
Rahul,47,119076,888,588446,Salaried,Rejected,Chennai
Sara,57,96927,624,827635,Salaried,Rejected,Chennai
Ananya,24,114527,829,113302,Business,Rejected,Delhi
Imran,41,137885,830,720301,Self-Employed,Rejected,Kolkata
Arjun,56,77279,692,592026,Self-Employed,Approved,Chennai
Sara,55,55373,859,464817,Salaried,Approved,Chennai
Kabir,69,81813,527,731619,Self-Employed,Rejected,Chennai
Imran,60,118286,668,333594,Salaried,Rejected,Bangalore
Kabir,62,82794,578,228551,Business,Rejected,Delhi
Imran,65,115582,685,636178,Salaried,Rejected,Pune
Ananya,55,124602,678,632199,Self-Employed,Rejected,Kolkata
Zoya,58,148229,820,404573,Salaried,Approved,Delhi
Karan,24,93061,591,368190,Salaried,Approved,Ahmedabad
Neha,57,146550,705,534644,Business,Rejected,Kolkata
Riya,28,142745,809,688546,Business,Approved,Chennai
Neha,25,91560,802,396690,Self-Employed,Approved,Delhi
Imran,64,87134,885,390543,Salaried,Rejected,Kolkata
Rohan,50,132497,522,161537,Business,Approved,Chennai
Imran,65,141566,685,812320,Salaried,Approved,Bangalore
Priya,54,137096,705,478588,Self-Employed,Approved,Delhi
Riya,65,145171,689,226666,Salaried,Rejected,Mumbai
Rohan,55,75626,764,391484,Salaried,Rejected,Kolkata
Rahul,33,151711,768,200733,Salaried,Approved,Delhi
Ananya,55,165121,550,725748,Salaried,Approved,Bangalore
Sara,58,143018,807,408455,Self-Employed,Rejected,Mumbai
Karan,62,122443,670,891249,Self-Employed,Approved,Pune
Riya,52,143884,654,570334,Salaried,Rejected,Pune
Kabir,48,139334,866,945395,Self-Employed,Approved,Delhi
Neha,65,80757,770,357306,Salaried,Rejected,Pune
Zoya,38,121905,729,723707,Business,Approved,Delhi
Rahul,61,147894,667,780035,Salaried,Rejected,Chennai
Neha,58,135722,695,470050,Self-Employed,Rejected,Delhi
Fatima,62,109154,670,388093,Self-Employed,Rejected,Bangalore
Zoya,50,136705,793,468110,Salaried,Approved,Kolkata
Sara,49,121490,733,117586,Business,Approved,Bangalore
Arjun,65,66423,879,290111,Business,Approved,Kolkata
Riya,54,143559,720,366901,Business,Approved,Hyderabad
Arjun,52,81815,824,453294,Salaried,Rejected,Pune
Kabir,62,132592,797,453125,Self-Employed,Approved,Ahmedabad
Priya,56,103646,582,922608,Salaried,Rejected,Hyderabad
Rohan,38,91102,873,276866,Business,Approved,Mumbai
Imran,57,150363,539,216274,Salaried,Approved,Kolkata
Rahul,64,100917,816,21091,Self-Employed,Rejected,Pune
Fatima,67,130467,530,473761,Business,Rejected,Kolkata
Aditya,66,63017,678,32787,Business,Approved,Mumbai
Rohan,47,120025,738,935283,Self-Employed,Approved,Mumbai
Sara,68,101278,740,768447,Self-Employed,Rejected,Hyderabad
Fatima,52,79070,845,885424,Salaried,Rejected,Ahmedabad
Rohan,39,110879,703,219307,Salaried,Approved,Pune
Kabir,67,162353,835,673338,Salaried,Rejected,Ahmedabad
Kabir,55,148552,659,121786,Salaried,Approved,Mumbai
Priya,54,142716,892,635896,Salaried,Rejected,Pune
Karan,66,141426,676,473635,Salaried,Approved,Mumbai
Ananya,45,78504,756,436040,Salaried,Approved,Ahmedabad
Kabir,36,129894,703,788219,Salaried,Approved,Chennai
Aman,22,151707,624,377116,Business,Rejected,Mumbai
Aditya,63,140206,860,374065,Salaried,Rejected,Mumbai
Rohan,63,107344,495,604861,Salaried,Rejected,Hyderabad
Rahul,54,55026,804,219787,Salaried,Rejected,Pune
Aman,37,92103,873,278844,Business,Approved,Pune
Rahul,54,143607,871,679448,Self-Employed,Approved,Hyderabad
Arjun,32,132108,827,751791,Salaried,Approved,Bangalore
Zoya,43,152071,796,590820,Salaried,Approved,Mumbai
Zoya,63,116580,638,362756,Business,Rejected,Pune
Sara,64,121220,565,529380,Self-Employed,Rejected,Hyderabad
Aman,63,133728,654,536602,Salaried,Rejected,Kolkata
Kabir,41,142032,702,30427,Salaried,Approved,Ahmedabad
Priya,55,147765,575,738344,Salaried,Rejected,Pune
Aditya,41,143939,602,979748,Salaried,Rejected,Kolkata
Imran,59,48599,826,829964,Business,Approved,Hyderabad
Aman,54,104343,828,792067,Self-Employed,Approved,Pune
Karan,66,126917,868,256348,Self-Employed,Approved,Mumbai
Zoya,24,152755,787,125544,Business,Approved,Pune
Aditya,49,114717,649,314307,Business,Rejected,Chennai
Neha,46,125732,727,597691,Salaried,Approved,Chennai
Aman,31,91729,433,349705,Salaried,Rejected,Hyderabad
Aman,63,38172,869,732672,Self-Employed,Rejected,Kolkata
Zoya,64,38463,820,687776,Self-Employed,Approved,Mumbai
Rahul,40,97778,665,817876,Self-Employed,Approved,Bangalore
Rahul,63,152991,698,599710,Business,Rejected,Hyderabad
Neha,56,131276,711,48119,Business,Approved,Kolkata
Priya,31,45397,747,819646,Self-Employed,Rejected,Bangalore
Riya,65,159805,630,119476,Salaried,Approved,Pune
Rahul,65,142406,682,786961,Business,Rejected,Kolkata
Fatima,45,158741,845,616545,Salaried,Rejected,Delhi
Kabir,24,55063,890,725876,Self-Employed,Approved,Chennai
Fatima,59,162756,743,482956,Salaried,Approved,Pune
Imran,51,121814,686,112332,Self-Employed,Rejected,Ahmedabad
Aisha,57,119109,724,627339,Business,Approved,Kolkata
Neha,61,123900,876,578179,Self-Employed,Rejected,Mumbai
Kabir,68,95088,819,545310,Self-Employed,Rejected,Mumbai
Aman,52,87823,846,135129,Self-Employed,Approved,Pune
Aman,61,116422,880,1042816,Business,Approved,Pune
Zoya,25,157933,683,112778,Salaried,Rejected,Delhi
Rohan,68,132429,673,321530,Self-Employed,Rejected,Mumbai
Imran,61,126901,707,266636,Salaried,Approved,Pune
Priya,26,135948,809,311221,Salaried,Approved,Pune
Neha,50,117271,726,466593,Self-Employed,Rejected,Ahmedabad
Imran,30,102514,804,407510,Salaried,Rejected,Ahmedabad
Sara,65,107625,742,213294,Business,Approved,Hyderabad
Imran,59,123699,836,809530,Salaried,Approved,Hyderabad
Neha,59,133538,889,452187,Salaried,Approved,Ahmedabad
Zoya,68,132917,684,403407,Business,Approved,Bangalore
Aisha,62,135697,713,581092,Business,Rejected,Bangalore
Arjun,41,122385,664,313748,Salaried,Rejected,Kolkata
Rahul,55,158089,578,664800,Salaried,Approved,Mumbai
Aisha,37,147497,734,963560,Salaried,Approved,Chennai
Rohan,35,82246,844,128166,Self-Employed,Approved,Ahmedabad
Aisha,59,29976,675,815464,Business,Rejected,Mumbai
Kabir,31,159684,587,426923,Business,Rejected,Delhi
Fatima,49,74423,702,664567,Business,Rejected,Bangalore
Fatima,61,133886,821,305856,Business,Rejected,Delhi
Ananya,64,89932,704,547062,Salaried,Approved,Pune
Imran,70,107481,704,174579,Salaried,Rejected,Pune
Sara,27,124515,788,501006,Salaried,Rejected,Mumbai
Aisha,70,48215,726,101621,Business,Rejected,Pune
Aditya,69,72593,671,350796,Business,Approved,Kolkata
Karan,27,97145,695,496900,Salaried,Approved,Mumbai
Aman,44,117876,778,10680,Business,Approved,Hyderabad
Rohan,42,145130,868,255407,Salaried,Approved,Pune
Neha,27,47889,717,702433,Self-Employed,Rejected,Kolkata
Fatima,52,151839,847,572505,Self-Employed,Rejected,Pune
Rohan,65,116682,639,922482,Salaried,Rejected,Bangalore
Arjun,50,81280,859,708696,Self-Employed,Approved,Pune
Kabir,54,139194,827,510021,Salaried,Approved,Hyderabad
Ananya,52,108727,725,401588,Self-Employed,Approved,Ahmedabad
Kabir,43,111848,723,-11781,Self-Employed,Rejected,Kolkata
Fatima,63,147057,558,804166,Self-Employed,Rejected,Bangalore
Zoya,50,153967,614,892772,Business,Rejected,Bangalore
Sara,57,124986,606,804117,Salaried,Approved,Mumbai
Neha,40,57401,717,495246,Self-Employed,Approved,Delhi
Imran,30,138593,824,804407,Salaried,Rejected,Hyderabad
Aman,55,99919,692,932004,Business,Rejected,Delhi
Sara,56,144085,658,362339,Salaried,Rejected,Pune
Riya,65,45872,792,101051,Self-Employed,Rejected,Delhi
Zoya,64,72261,823,844123,Self-Employed,Rejected,Chennai
Sara,63,119849,692,440775,Self-Employed,Approved,Mumbai
Fatima,52,90977,750,265586,Business,Approved,Pune
Rohan,58,99502,862,508850,Business,Approved,Hyderabad
Ananya,25,88720,851,401415,Salaried,Approved,Pune
Arjun,30,101110,888,161104,Self-Employed,Approved,Mumbai
Rohan,41,126062,835,29581,Self-Employed,Rejected,Ahmedabad
Ananya,56,108418,850,218596,Salaried,Rejected,Hyderabad
Imran,47,101086,870,157906,Salaried,Rejected,Mumbai
Riya,43,81416,830,895512,Business,Approved,Ahmedabad
Karan,32,128926,486,976408,Self-Employed,Rejected,Kolkata
Rahul,63,118116,871,877588,Salaried,Approved,Ahmedabad
Sara,24,151435,818,462438,Salaried,Approved,Kolkata
Ananya,31,145612,691,333628,Business,Approved,Delhi
Aman,60,119754,876,787046,Self-Employed,Approved,Mumbai
Aman,57,148217,844,597642,Business,Rejected,Ahmedabad
Ananya,47,112459,822,250572,Self-Employed,Approved,Ahmedabad
Priya,57,63757,877,551397,Self-Employed,Approved,Ahmedabad
Fatima,49,107203,547,96672,Self-Employed,Rejected,Hyderabad
Arjun,70,145882,605,698876,Self-Employed,Approved,Mumbai
Zoya,67,123471,667,879047,Self-Employed,Approved,Kolkata
Karan,55,143582,791,736614,Business,Rejected,Ahmedabad
Aman,71,152829,781,962175,Salaried,Rejected,Kolkata
Rahul,53,108714,862,656833,Self-Employed,Rejected,Delhi
Riya,54,146935,845,606422,Salaried,Rejected,Mumbai
Aditya,41,84546,888,717985,Self-Employed,Approved,Delhi
Fatima,45,135750,827,543189,Self-Employed,Rejected,Mumbai
Riya,26,85900,856,605478,Salaried,Rejected,Hyderabad
Fatima,43,93693,754,276357,Business,Approved,Kolkata
Aditya,47,147695,638,107063,Business,Rejected,Mumbai
Sara,53,144085,612,959620,Salaried,Rejected,Mumbai
Kabir,43,122886,613,470554,Salaried,Rejected,Ahmedabad
Rohan,65,97683,876,36959,Business,Approved,Pune
Aman,48,152494,513,399033,Business,Approved,Chennai
Riya,48,118548,864,15120,Business,Rejected,Hyderabad
Kabir,33,151753,806,331054,Self-Employed,Approved,Kolkata
Aditya,46,111891,809,1060030,Self-Employed,Rejected,Delhi
Sara,46,151768,751,835422,Self-Employed,Approved,Mumbai
Aditya,25,124460,780,23847,Salaried,Rejected,Mumbai
Neha,62,158512,767,551600,Self-Employed,Approved,Ahmedabad
Fatima,68,69004,669,305125,Self-Employed,Approved,Hyderabad
Fatima,56,149244,562,822960,Business,Rejected,Chennai
Neha,69,89366,558,134255,Self-Employed,Rejected,Ahmedabad
Ananya,60,96421,498,473794,Business,Approved,Bangalore
Neha,52,142847,842,747690,Business,Rejected,Kolkata
Imran,43,107898,850,588699,Salaried,Rejected,Bangalore
Priya,49,148444,745,423257,Business,Approved,Mumbai
Rohan,21,82798,833,657610,Salaried,Approved,Pune
Arjun,55,140571,667,598328,Business,Approved,Ahmedabad
Sara,58,147639,742,696295,Business,Approved,Chennai
Ananya,51,136894,888,610205,Salaried,Approved,Kolkata
Fatima,26,84883,628,605727,Business,Rejected,Pune
Riya,62,161930,578,494839,Business,Rejected,Mumbai
Fatima,61,142946,617,937475,Salaried,Approved,Chennai
Rahul,63,48112,862,940283,Self-Employed,Rejected,Hyderabad
Aman,17,82225,711,730401,Self-Employed,Rejected,Bangalore
Fatima,21,119868,694,897995,Self-Employed,Rejected,Bangalore
Riya,67,93650,881,427658,Salaried,Rejected,Chennai
Fatima,60,64893,557,714539,Salaried,Approved,Bangalore
Sara,45,161613,806,206984,Self-Employed,Rejected,Hyderabad
Aman,28,127985,871,667336,Salaried,Approved,Pune
Rahul,49,75776,767,305042,Self-Employed,Rejected,Mumbai
Neha,69,108010,743,702843,Salaried,Approved,Ahmedabad
Fatima,54,78525,683,477165,Salaried,Rejected,Hyderabad
Arjun,36,123523,503,491937,Salaried,Rejected,Ahmedabad
Fatima,58,84410,483,426050,Salaried,Approved,Bangalore
Arjun,68,112255,702,437259,Salaried,Rejected,Mumbai
Rohan,58,109603,789,662563,Business,Rejected,Ahmedabad
Sara,61,98196,453,760964,Salaried,Approved,Hyderabad
Rahul,20,119708,806,13022,Salaried,Approved,Delhi
Zoya,26,109863,780,719424,Self-Employed,Approved,Delhi
Aditya,64,101081,805,478405,Self-Employed,Rejected,Pune
Arjun,65,155889,888,705449,Business,Approved,Ahmedabad
Ananya,54,86167,637,456483,Self-Employed,Rejected,Chennai
Fatima,64,129186,880,286941,Self-Employed,Rejected,Hyderabad
Fatima,69,112353,688,251339,Self-Employed,Rejected,Ahmedabad
Sara,31,122026,597,650536,Salaried,Approved,Ahmedabad
Imran,52,114673,643,918572,Salaried,Rejected,Kolkata
Ananya,38,97284,703,198742,Salaried,Rejected,Pune
Arjun,50,122070,843,157219,Self-Employed,Rejected,Chennai
Neha,54,107130,789,594645,Business,Approved,Mumbai
Priya,47,105956,829,295773,Salaried,Rejected,Chennai
Zoya,65,111417,864,352288,Business,Approved,Kolkata
Arjun,55,66612,559,400096,Salaried,Rejected,Delhi
Neha,30,124960,885,777178,Salaried,Rejected,Ahmedabad
Aman,56,149882,809,538675,Self-Employed,Approved,Hyderabad
Neha,57,134757,872,572068,Salaried,Approved,Mumbai
Aman,55,154748,744,316845,Self-Employed,Approved,Pune
Karan,64,146426,757,366772,Salaried,Rejected,Pune
Fatima,31,87385,887,653025,Self-Employed,Rejected,Delhi
Riya,28,110646,791,560245,Business,Rejected,Ahmedabad
Neha,58,36404,893,394594,Self-Employed,Approved,Kolkata
Kabir,70,120178,898,61566,Self-Employed,Approved,Pune
Neha,64,83705,782,353936,Salaried,Rejected,Hyderabad
Neha,49,109954,517,888462,Self-Employed,Approved,Bangalore
Riya,58,111017,758,486367,Self-Employed,Rejected,Mumbai
Neha,54,151861,857,634366,Self-Employed,Rejected,Bangalore
Imran,62,141301,814,646565,Business,Rejected,Kolkata
Riya,44,119142,674,301560,Business,Rejected,Pune
Rohan,59,109694,702,170847,Business,Rejected,Chennai
Rohan,55,131124,725,802572,Salaried,Approved,Delhi
Aman,68,68105,778,607765,Salaried,Approved,Ahmedabad
Arjun,44,118738,650,855472,Salaried,Rejected,Mumbai
Karan,56,145986,864,59534,Salaried,Approved,Mumbai
Aisha,67,81388,563,492369,Self-Employed,Approved,Hyderabad
Aisha,60,118360,647,280089,Salaried,Rejected,Chennai
Aditya,30,96144,672,773435,Salaried,Approved,Mumbai
Fatima,54,58488,850,532386,Salaried,Rejected,Mumbai
Aditya,51,73226,792,588212,Self-Employed,Rejected,Hyderabad
Neha,62,104096,730,571382,Business,Rejected,Hyderabad
Priya,53,75365,719,251136,Salaried,Approved,Kolkata
Kabir,47,153368,573,407110,Self-Employed,Approved,Chennai
Karan,25,49173,508,295946,Salaried,Approved,Mumbai
Imran,39,156812,894,479554,Salaried,Rejected,Bangalore
Karan,62,144950,670,816305,Salaried,Rejected,Mumbai
Aisha,56,64388,898,457702,Self-Employed,Rejected,Bangalore
Rohan,48,151425,582,174621,Salaried,Approved,Kolkata
Ananya,55,99761,613,237296,Self-Employed,Approved,Hyderabad
Aditya,43,139831,694,103389,Self-Employed,Approved,Mumbai
Arjun,68,145565,833,807931,Salaried,Rejected,Pune
Kabir,66,145906,754,382149,Business,Rejected,Pune
Neha,57,94584,749,12092,Business,Rejected,Delhi
Arjun,60,103898,754,830090,Salaried,Approved,Bangalore
Aman,60,100693,600,531302,Salaried,Approved,Kolkata
Kabir,64,78655,711,798284,Business,Rejected,Mumbai
Aisha,58,108348,764,474219,Salaried,Rejected,Mumbai
Arjun,67,116753,750,986625,Salaried,Approved,Bangalore
Priya,31,141563,786,272706,Self-Employed,Rejected,Kolkata
Aman,38,122282,465,682113,Business,Rejected,Delhi
Aisha,59,94243,840,216938,Business,Approved,Ahmedabad
Riya,32,115524,866,310661,Salaried,Approved,Hyderabad
Arjun,58,122103,810,406400,Self-Employed,Approved,Mumbai
Priya,50,153400,854,635587,Salaried,Approved,Bangalore
Ananya,68,156200,652,357130,Salaried,Rejected,Chennai
Ananya,26,122423,869,564165,Business,Rejected,Mumbai
Zoya,66,146036,508,454329,Self-Employed,Approved,Delhi
Neha,31,114279,867,650235,Self-Employed,Approved,Pune
Kabir,55,147829,851,232266,Business,Rejected,Hyderabad
Fatima,53,159793,669,122443,Business,Approved,Mumbai
Aisha,46,128997,856,63568,Salaried,Approved,Bangalore
Zoya,21,47682,869,192200,Self-Employed,Approved,Pune
Rahul,65,151417,495,574080,Salaried,Rejected,Delhi
Zoya,70,50230,777,313839,Self-Employed,Approved,Mumbai
Sara,39,145034,606,957929,Self-Employed,Rejected,Mumbai
Aisha,52,136432,859,847003,Self-Employed,Approved,Pune
Rohan,48,130984,744,156895,Business,Approved,Pune
Imran,55,105521,661,648439,Self-Employed,Approved,Chennai
Sara,56,91665,731,1035184,Self-Employed,Rejected,Bangalore
Fatima,40,147430,798,593601,Salaried,Rejected,Hyderabad
Aman,63,41272,710,428445,Self-Employed,Approved,Pune
Imran,31,131405,742,366095,Business,Rejected,Kolkata
Aditya,50,112502,791,695507,Salaried,Rejected,Pune
Aisha,61,102790,847,335030,Self-Employed,Rejected,Delhi
Karan,42,135663,524,486945,Self-Employed,Rejected,Chennai
Neha,63,99479,855,575531,Self-Employed,Approved,Kolkata
Zoya,32,95034,824,863594,Business,Rejected,Delhi
Aditya,28,143647,844,822868,Self-Employed,Rejected,Chennai
Fatima,50,105292,732,246969,Business,Rejected,Kolkata
Rahul,64,108133,664,745830,Business,Approved,Bangalore
Aisha,60,97854,740,315319,Business,Rejected,Mumbai
Aisha,58,145055,788,76953,Business,Rejected,Ahmedabad
Zoya,32,52857,779,1015061,Business,Approved,Chennai
Imran,26,134519,816,287650,Salaried,Rejected,Pune
Zoya,25,136798,688,554283,Business,Rejected,Pune
Neha,52,63529,736,469136,Salaried,Rejected,Delhi
Neha,38,116147,869,796164,Self-Employed,Rejected,Ahmedabad
Fatima,51,79577,609,761647,Salaried,Approved,Mumbai
Priya,43,135012,869,797058,Self-Employed,Rejected,Bangalore
Arjun,33,123905,655,147397,Salaried,Rejected,Bangalore
Arjun,52,147900,475,100833,Salaried,Rejected,Kolkata
Arjun,63,38571,830,324021,Self-Employed,Approved,Mumbai
Aditya,28,107341,850,592634,Salaried,Approved,Bangalore
Aditya,58,156067,574,603749,Business,Rejected,Kolkata
Sara,55,70238,636,729866,Self-Employed,Rejected,Bangalore
Rohan,47,117306,542,935442,Self-Employed,Approved,Chennai
Rahul,47,142134,706,348790,Salaried,Rejected,Hyderabad
Aditya,62,90517,839,324606,Salaried,Rejected,Mumbai
Neha,54,142650,797,258033,Business,Approved,Kolkata
Rahul,44,52482,811,739904,Business,Approved,Hyderabad
Riya,49,110961,822,116110,Salaried,Rejected,Chennai
Kabir,55,136008,660,524822,Business,Rejected,Delhi
Kabir,27,126835,680,350350,Salaried,Approved,Pune
Neha,55,136597,888,912636,Self-Employed,Rejected,Kolkata
Fatima,52,147842,886,170433,Self-Employed,Approved,Mumbai
Rahul,58,136778,878,83803,Self-Employed,Rejected,Mumbai
Neha,48,90936,558,553514,Self-Employed,Rejected,Bangalore
Aditya,53,88330,807,824648,Business,Approved,Ahmedabad
Kabir,45,95714,838,263311,Business,Approved,Bangalore
Rahul,55,82294,792,574607,Business,Approved,Delhi
Riya,40,76071,906,61710,Self-Employed,Approved,Ahmedabad
Arjun,58,113417,541,815576,Business,Rejected,Pune
Rohan,61,141067,750,459439,Business,Approved,Pune
Sara,59,163979,811,348454,Self-Employed,Rejected,Delhi
Kabir,41,129895,620,487511,Self-Employed,Rejected,Hyderabad
Aditya,62,131140,843,481339,Salaried,Approved,Hyderabad
Karan,27,126406,865,920661,Salaried,Approved,Ahmedabad
Fatima,46,102548,571,658366,Self-Employed,Approved,Pune
Aman,35,113228,844,678898,Self-Employed,Approved,Hyderabad
Imran,61,53767,809,334694,Self-Employed,Approved,Kolkata
Imran,59,116805,507,569773,Self-Employed,Rejected,Bangalore
Imran,31,146343,741,779005,Business,Rejected,Kolkata
Aman,59,91956,708,406254,Salaried,Approved,Hyderabad
Fatima,54,104048,825,309253,Salaried,Rejected,Pune
Ananya,29,160118,849,593905,Business,Approved,Bangalore
Neha,46,121049,734,951118,Business,Approved,Chennai
Rohan,46,122429,781,799626,Self-Employed,Approved,Delhi
Kabir,50,91612,648,527103,Business,Approved,Ahmedabad
Neha,69,153111,725,588483,Salaried,Rejected,Hyderabad
Arjun,22,143476,840,417935,Salaried,Rejected,Hyderabad
Arjun,28,147645,835,842232,Salaried,Rejected,Chennai
Arjun,19,97304,800,702911,Self-Employed,Rejected,Pune
Fatima,49,130372,882,354539,Business,Rejected,Ahmedabad
Arjun,57,77114,842,670272,Salaried,Approved,Pune
Neha,56,118525,593,314839,Self-Employed,Approved,Pune
Kabir,57,153827,683,611332,Self-Employed,Approved,Pune
Fatima,37,73641,592,430014,Business,Rejected,Pune
Riya,25,147990,874,849036,Self-Employed,Approved,Bangalore
Sara,30,126476,782,651828,Self-Employed,Approved,Ahmedabad
Fatima,62,98929,594,323189,Salaried,Rejected,Delhi
Rohan,59,134441,620,82273,Business,Approved,Pune
Zoya,63,115293,653,667209,Self-Employed,Rejected,Kolkata
Karan,49,51052,643,500765,Business,Approved,Hyderabad
Ananya,62,113351,693,59939,Salaried,Rejected,Ahmedabad
Priya,67,94579,551,222308,Business,Rejected,Pune
Riya,53,125239,737,415487,Salaried,Approved,Hyderabad
Neha,56,136398,880,495241,Salaried,Approved,Chennai
Neha,65,136714,550,220522,Business,Approved,Delhi
Rahul,66,113530,820,852799,Self-Employed,Rejected,Mumbai
Karan,41,124958,600,338433,Business,Approved,Chennai
Sara,27,127222,662,574371,Salaried,Approved,Hyderabad
Neha,64,127038,499,499238,Salaried,Approved,Ahmedabad
Riya,31,122426,669,303712,Self-Employed,Rejected,Kolkata
Karan,55,142342,597,482072,Salaried,Rejected,Mumbai
Kabir,67,102775,796,668602,Self-Employed,Rejected,Mumbai
Kabir,43,128122,622,692800,Self-Employed,Approved,Bangalore
Neha,61,135028,690,939135,Salaried,Rejected,Ahmedabad
Rohan,58,106546,585,580824,Salaried,Approved,Chennai
Aman,39,122386,860,648343,Self-Employed,Approved,Hyderabad
Imran,50,138313,613,544193,Salaried,Rejected,Pune
Priya,52,55110,878,334414,Salaried,Approved,Kolkata
Sara,60,113518,800,803227,Salaried,Rejected,Delhi
Arjun,66,110707,759,806544,Salaried,Rejected,Delhi
Priya,60,104146,820,443363,Salaried,Rejected,Hyderabad
Zoya,66,163393,804,806687,Business,Rejected,Delhi
Priya,30,117469,779,513720,Salaried,Rejected,Pune
Sara,52,139940,749,871777,Self-Employed,Approved,Chennai
Aisha,39,145286,862,507275,Self-Employed,Approved,Ahmedabad
Fatima,29,76546,871,481652,Self-Employed,Rejected,Mumbai
Aisha,70,38523,677,558737,Business,Approved,Kolkata
Fatima,71,153544,698,510770,Business,Rejected,Kolkata
Riya,67,144682,789,852090,Self-Employed,Approved,Chennai
Sara,27,108243,538,460072,Self-Employed,Approved,Mumbai
Fatima,45,58304,879,608633,Self-Employed,Rejected,Bangalore
Arjun,42,81374,787,813590,Salaried,Rejected,Delhi
Aman,68,109311,651,838440,Business,Rejected,Chennai
Fatima,45,102481,686,522696,Business,Approved,Hyderabad
Rahul,59,136326,833,302336,Business,Rejected,Kolkata
Neha,52,129936,622,600127,Business,Approved,Chennai
Neha,21,52914,722,1043275,Business,Rejected,Mumbai
Karan,61,110949,829,652144,Self-Employed,Approved,Ahmedabad
Sara,25,119347,840,862459,Business,Approved,Chennai
Arjun,52,65434,892,126253,Business,Approved,Chennai
Kabir,66,141491,791,295303,Self-Employed,Approved,Pune
Kabir,35,136487,830,21258,Self-Employed,Rejected,Hyderabad
Aditya,35,134227,801,534045,Business,Rejected,Hyderabad
Rohan,59,144739,752,535244,Salaried,Rejected,Ahmedabad
Priya,41,73213,597,829653,Business,Approved,Chennai
Rohan,34,71562,842,475116,Salaried,Approved,Mumbai
Riya,34,139997,705,304306,Salaried,Approved,Bangalore
Arjun,59,126147,761,583900,Salaried,Rejected,Hyderabad
Neha,60,83478,851,728127,Salaried,Approved,Hyderabad
Sara,28,102853,681,496913,Business,Approved,Pune
Zoya,20,138529,578,607587,Self-Employed,Approved,Kolkata
Arjun,65,114453,809,206310,Salaried,Rejected,Mumbai
Priya,64,102092,699,805121,Salaried,Approved,Chennai
Priya,56,115397,827,731557,Self-Employed,Rejected,Ahmedabad
Neha,27,68382,653,45685,Business,Approved,Kolkata
Rohan,50,140216,598,956089,Salaried,Approved,Ahmedabad
Sara,64,144410,572,477094,Business,Rejected,Hyderabad
Zoya,63,154620,725,496428,Salaried,Approved,Kolkata
Aisha,60,93233,880,115805,Self-Employed,Approved,Kolkata
Riya,48,151966,810,123243,Business,Approved,Kolkata
Imran,70,97288,771,193829,Salaried,Rejected,Delhi
Rahul,45,144262,636,119414,Salaried,Rejected,Pune
Ananya,53,132610,463,469988,Self-Employed,Approved,Pune
Arjun,50,55789,725,489021,Self-Employed,Approved,Kolkata
Fatima,69,139998,822,675056,Salaried,Approved,Hyderabad
Rohan,55,152322,681,551505,Business,Rejected,Bangalore
Aman,31,73129,568,230968,Salaried,Approved,Kolkata
Rahul,26,70401,664,713381,Salaried,Rejected,Ahmedabad
Kabir,58,141163,886,202504,Salaried,Rejected,Ahmedabad
Riya,46,154936,653,677528,Salaried,Approved,Hyderabad
Imran,50,144185,885,916152,Self-Employed,Rejected,Chennai
Rohan,60,99253,760,327925,Business,Rejected,Delhi
Priya,44,94218,807,622255,Self-Employed,Approved,Pune
Fatima,61,81865,815,408116,Business,Rejected,Hyderabad
Kabir,52,65796,725,347923,Business,Rejected,Ahmedabad
Arjun,49,99788,775,558306,Business,Rejected,Kolkata
Ananya,60,107975,579,136651,Self-Employed,Approved,Mumbai
Riya,67,63233,803,854706,Salaried,Approved,Ahmedabad
Aisha,59,70849,521,627363,Business,Rejected,Chennai
Aditya,60,145628,661,294695,Business,Approved,Pune
Aman,68,53414,799,348128,Self-Employed,Rejected,Chennai
Aman,53,133656,533,667442,Business,Rejected,Mumbai
Kabir,70,151118,613,492517,Salaried,Approved,Kolkata
Riya,51,81699,693,848937,Salaried,Rejected,Ahmedabad
Ananya,51,94604,522,44689,Business,Approved,Chennai
Sara,64,145250,876,627037,Salaried,Rejected,Kolkata
Kabir,69,134033,890,270415,Salaried,Rejected,Pune
Priya,63,120202,619,344621,Business,Rejected,Mumbai
Ananya,48,120283,849,153575,Salaried,Rejected,Chennai
Neha,58,114526,669,437949,Salaried,Rejected,Kolkata
Riya,30,133700,627,359710,Salaried,Rejected,Delhi
Imran,33,101250,758,361215,Self-Employed,Rejected,Ahmedabad
Neha,59,100703,819,489944,Business,Rejected,Ahmedabad
Fatima,28,127914,648,161677,Salaried,Rejected,Ahmedabad
Sara,59,133388,497,921751,Self-Employed,Approved,Mumbai
Karan,65,143391,782,225118,Salaried,Approved,Mumbai
Aman,54,111370,630,144905,Self-Employed,Rejected,Kolkata
Kabir,52,145751,852,863967,Business,Approved,Pune
Riya,61,99900,708,888687,Salaried,Rejected,Mumbai
Zoya,44,144065,775,291620,Self-Employed,Rejected,Hyderabad
Neha,45,80703,778,789156,Salaried,Approved,Chennai
Fatima,24,152838,561,793702,Salaried,Rejected,Chennai
Priya,58,141516,794,616091,Self-Employed,Rejected,Chennai
Aman,55,130339,770,189670,Salaried,Approved,Bangalore
Karan,43,103500,824,424137,Business,Approved,Bangalore
Kabir,42,87599,633,153873,Business,Approved,Chennai
Riya,35,133395,888,316084,Salaried,Rejected,Chennai
Karan,34,161830,485,704994,Self-Employed,Rejected,Kolkata
Arjun,50,44527,720,493337,Salaried,Rejected,Ahmedabad
Sara,26,73702,812,-53691,Salaried,Approved,Pune
Priya,45,106241,629,922364,Self-Employed,Approved,Hyderabad
Zoya,50,96691,660,393684,Self-Employed,Approved,Hyderabad
Rahul,64,142097,829,560373,Business,Approved,Bangalore
Zoya,60,97424,801,131471,Salaried,Rejected,Pune
Aman,52,108252,677,926770,Self-Employed,Rejected,Kolkata
Imran,27,143801,708,494922,Self-Employed,Approved,Bangalore
Zoya,40,148210,640,460172,Self-Employed,Rejected,Pune
Rohan,59,133637,866,20268,Self-Employed,Approved,Kolkata
Ananya,49,73196,706,23630,Self-Employed,Rejected,Kolkata
Aisha,66,156472,869,304921,Self-Employed,Approved,Hyderabad
Riya,35,125911,722,796859,Business,Rejected,Chennai
Aisha,34,118830,839,347740,Self-Employed,Approved,Mumbai
Kabir,55,141837,703,127772,Self-Employed,Approved,Chennai
Arjun,26,141704,863,316593,Business,Rejected,Bangalore
Fatima,30,105665,765,519632,Self-Employed,Approved,Pune
Fatima,53,143630,783,703094,Self-Employed,Rejected,Chennai
Zoya,30,141739,853,441553,Business,Rejected,Ahmedabad
Zoya,69,125005,722,114839,Salaried,Rejected,Kolkata
Fatima,63,100311,602,303706,Self-Employed,Approved,Delhi
Aditya,44,120203,873,664769,Self-Employed,Rejected,Ahmedabad
Arjun,60,147208,819,765066,Self-Employed,Rejected,Delhi
Zoya,70,43066,860,674477,Business,Approved,Delhi
Imran,61,111965,757,560662,Salaried,Approved,Mumbai
Aman,25,120077,809,235579,Self-Employed,Rejected,Pune
Karan,31,54698,876,788483,Self-Employed,Rejected,Delhi
Fatima,46,112941,720,818077,Self-Employed,Approved,Kolkata
Aisha,44,130895,830,760701,Self-Employed,Rejected,Mumbai
Ananya,30,122667,805,668717,Self-Employed,Approved,Ahmedabad
Priya,68,68637,785,691390,Salaried,Rejected,Mumbai
Ananya,31,131133,844,887851,Business,Approved,Chennai
Rohan,51,99253,546,479958,Salaried,Approved,Kolkata
Fatima,52,112011,855,785571,Self-Employed,Rejected,Hyderabad
Fatima,58,79553,820,16387,Self-Employed,Approved,Pune
Aditya,50,132576,766,849910,Self-Employed,Approved,Delhi
Aisha,57,142326,683,760421,Self-Employed,Approved,Kolkata
Aisha,30,111571,538,460555,Salaried,Approved,Delhi
Priya,39,91074,717,450377,Salaried,Approved,Mumbai
Aisha,55,116551,661,232626,Salaried,Approved,Pune
Zoya,65,129887,808,814008,Salaried,Approved,Bangalore
Ananya,47,112322,789,527315,Business,Approved,Pune
Rohan,27,120023,790,115220,Salaried,Rejected,Mumbai
Neha,33,66499,776,538475,Salaried,Approved,Hyderabad
Rohan,49,136828,711,496863,Salaried,Approved,Hyderabad
Rohan,52,50760,646,334701,Self-Employed,Rejected,Delhi
Priya,38,88424,761,331405,Self-Employed,Approved,Mumbai
Kabir,64,152740,686,187288,Business,Rejected,Kolkata
Fatima,35,77493,551,678311,Self-Employed,Rejected,Ahmedabad
Priya,59,66566,798,93272,Business,Approved,Hyderabad
Rohan,26,100888,727,607993,Business,Rejected,Mumbai
Kabir,67,105368,846,789194,Salaried,Rejected,Delhi
Riya,52,149535,574,205,Business,Rejected,Mumbai
Aditya,61,145553,770,542193,Business,Rejected,Ahmedabad
Arjun,55,104648,867,122702,Salaried,Approved,Mumbai
Zoya,19,30561,819,695256,Self-Employed,Approved,Delhi
Zoya,67,132506,848,284017,Business,Rejected,Mumbai
Ananya,43,129413,688,745331,Self-Employed,Rejected,Hyderabad
Rahul,33,119377,742,1003238,Self-Employed,Approved,Kolkata
Ananya,45,105978,707,927159,Self-Employed,Rejected,Chennai
Zoya,51,51073,805,802031,Self-Employed,Rejected,Delhi
Aisha,57,153931,723,784699,Salaried,Rejected,Mumbai
Imran,60,150706,688,706278,Salaried,Approved,Mumbai
Riya,59,59450,669,806570,Self-Employed,Approved,Kolkata
Priya,48,137649,810,877448,Self-Employed,Approved,Hyderabad
Riya,47,26076,807,421449,Business,Approved,Kolkata
Fatima,50,143798,886,841539,Salaried,Approved,Mumbai
Rahul,64,66734,678,276183,Self-Employed,Approved,Pune
Zoya,55,87086,591,186235,Self-Employed,Approved,Kolkata
Rohan,37,140344,769,780526,Salaried,Rejected,Delhi
Arjun,42,120468,820,114024,Self-Employed,Approved,Hyderabad
Ananya,27,128281,769,337556,Salaried,Rejected,Ahmedabad
Neha,50,145329,646,190235,Self-Employed,Approved,Kolkata
Kabir,40,42407,730,607606,Business,Rejected,Mumbai
Ananya,50,106476,663,222082,Business,Rejected,Ahmedabad
Sara,33,117839,809,196937,Self-Employed,Rejected,Kolkata
Aman,27,45207,481,800284,Self-Employed,Rejected,Mumbai
Kabir,35,154800,785,319669,Business,Approved,Delhi
Karan,29,121473,822,419879,Salaried,Rejected,Hyderabad
Riya,47,60034,675,796812,Self-Employed,Rejected,Ahmedabad
Imran,51,113671,661,750563,Self-Employed,Rejected,Kolkata
Aman,48,138682,718,528731,Salaried,Rejected,Chennai
Rahul,46,85158,867,106657,Business,Rejected,Mumbai
Rahul,59,129285,895,578616,Salaried,Approved,Mumbai
Zoya,62,99149,871,286830,Salaried,Approved,Kolkata
Rohan,57,93002,865,779937,Salaried,Rejected,Chennai
Aisha,52,112774,717,636864,Business,Approved,Pune
Priya,32,83374,871,109071,Salaried,Rejected,Kolkata
Aman,37,151328,880,462547,Business,Approved,Mumbai
Neha,61,128304,708,355068,Business,Rejected,Ahmedabad
Arjun,42,98303,893,465321,Self-Employed,Rejected,Pune
Karan,44,145128,855,366023,Salaried,Rejected,Chennai
Kabir,68,121365,623,262661,Self-Employed,Rejected,Ahmedabad
Aditya,56,151475,841,292186,Self-Employed,Rejected,Ahmedabad
Aman,55,72400,900,273943,Self-Employed,Approved,Pune
Ananya,39,99987,816,128699,Salaried,Approved,Delhi
Sara,62,89913,863,643893,Salaried,Approved,Hyderabad
Riya,66,98370,884,280069,Business,Approved,Pune
Priya,47,115092,535,465847,Self-Employed,Approved,Chennai
Aditya,35,98693,857,-7527,Business,Approved,Mumbai
Neha,29,140964,872,803909,Business,Approved,Hyderabad
Neha,62,116451,873,102607,Business,Approved,Bangalore
Imran,60,109653,735,729072,Self-Employed,Approved,Mumbai
Aisha,44,160337,847,179785,Business,Approved,Pune
Aman,48,112525,827,897400,Business,Approved,Delhi
Kabir,56,136743,725,761297,Self-Employed,Rejected,Chennai
Aisha,65,102507,754,689992,Self-Employed,Rejected,Pune
Ananya,48,136223,634,209980,Business,Rejected,Hyderabad
Ananya,45,100381,809,596397,Business,Rejected,Kolkata
Priya,41,63680,816,349532,Business,Approved,Pune
Karan,64,147923,473,262868,Self-Employed,Approved,Mumbai
Priya,50,101435,553,765435,Business,Approved,Delhi
Riya,38,156404,822,23166,Self-Employed,Rejected,Delhi
Priya,58,98176,802,310929,Self-Employed,Rejected,Bangalore
Fatima,64,150659,817,422443,Business,Rejected,Kolkata
Neha,47,72467,618,142760,Self-Employed,Approved,Hyderabad
Zoya,67,56617,873,657938,Business,Rejected,Pune
Kabir,65,103699,599,668663,Salaried,Rejected,Hyderabad
Imran,64,91103,628,302352,Self-Employed,Approved,Chennai
Kabir,27,125542,667,786891,Self-Employed,Rejected,Bangalore
Ananya,34,114538,741,49908,Salaried,Approved,Mumbai
Kabir,27,145341,629,586987,Business,Rejected,Delhi
Ananya,55,161119,694,547764,Business,Approved,Hyderabad
Sara,51,150222,884,419276,Salaried,Rejected,Chennai
Aman,39,72469,688,931584,Salaried,Approved,Hyderabad
Arjun,39,146058,684,271270,Business,Rejected,Kolkata
Rohan,51,160678,819,852431,Business,Approved,Kolkata
Arjun,28,139727,590,561453,Self-Employed,Approved,Hyderabad
Sara,30,131174,647,16706,Self-Employed,Rejected,Hyderabad
Zoya,19,101236,706,634924,Salaried,Rejected,Mumbai
Karan,22,127217,763,760109,Business,Approved,Pune
Aisha,34,60901,875,432942,Salaried,Approved,Bangalore
Aditya,67,139617,726,520239,Self-Employed,Approved,Kolkata
Arjun,66,44820,683,621029,Salaried,Approved,Pune
Neha,52,144101,785,854824,Salaried,Approved,Hyderabad
Ananya,58,83827,735,310321,Salaried,Rejected,Hyderabad
Rohan,50,143097,884,321189,Self-Employed,Approved,Bangalore
Riya,38,127801,860,653898,Business,Rejected,Kolkata
Kabir,61,138175,838,740631,Business,Rejected,Pune
Rahul,61,153589,886,284321,Salaried,Approved,Ahmedabad
Neha,58,60409,859,215998,Business,Rejected,Delhi
Zoya,51,129545,537,707212,Salaried,Approved,Pune
Aisha,55,48219,853,478972,Business,Approved,Hyderabad
Aman,44,136124,736,362503,Salaried,Approved,Bangalore
Neha,60,141368,609,362607,Business,Approved,Mumbai
Fatima,67,158316,719,452709,Salaried,Approved,Mumbai
Ananya,30,123580,792,519214,Self-Employed,Rejected,Bangalore
Aisha,61,117434,767,523649,Salaried,Rejected,Chennai
Ananya,55,61224,612,403644,Self-Employed,Approved,Kolkata
Sara,54,147032,799,349371,Business,Approved,Bangalore
Priya,50,128532,851,529701,Salaried,Approved,Delhi
Rahul,69,146994,850,238601,Business,Approved,Chennai
Aisha,59,136314,549,447428,Business,Approved,Chennai
Fatima,66,156227,849,732088,Self-Employed,Rejected,Pune
Rahul,51,151004,876,491196,Salaried,Rejected,Delhi
Ananya,59,94326,811,289284,Self-Employed,Approved,Pune
Aman,50,154325,534,842207,Self-Employed,Rejected,Kolkata
Fatima,53,148033,719,115381,Business,Approved,Bangalore
Zoya,66,145977,664,860867,Salaried,Approved,Mumbai
Sara,50,112274,721,581994,Salaried,Rejected,Pune
Aman,62,139092,686,782116,Self-Employed,Approved,Chennai
Rahul,52,130762,840,214389,Business,Approved,Kolkata
Zoya,62,54789,772,-53031,Self-Employed,Rejected,Chennai
Ananya,68,109329,653,550519,Salaried,Rejected,Hyderabad
Kabir,58,152425,723,366009,Salaried,Approved,Chennai
Zoya,47,126883,541,715308,Salaried,Approved,Bangalore
Zoya,55,155565,889,207781,Business,Approved,Delhi
Riya,67,132095,644,545779,Salaried,Approved,Chennai
Karan,43,142414,895,419837,Business,Rejected,Hyderabad
Aditya,63,85164,889,289458,Salaried,Rejected,Hyderabad
Kabir,54,118319,881,112521,Salaried,Approved,Kolkata
Zoya,42,132406,613,551120,Business,Approved,Chennai
Neha,52,139530,846,652668,Self-Employed,Rejected,Ahmedabad
Karan,50,136205,843,706520,Business,Rejected,Hyderabad
Ananya,64,50345,856,385437,Self-Employed,Rejected,Bangalore
Fatima,66,47100,869,208069,Self-Employed,Approved,Ahmedabad
Fatima,49,143636,708,795684,Salaried,Rejected,Chennai
Ananya,41,75047,530,581011,Business,Approved,Mumbai
Rahul,44,157023,858,671904,Salaried,Rejected,Hyderabad
Rohan,28,85317,689,403775,Self-Employed,Rejected,Kolkata
Aisha,63,68602,896,551263,Salaried,Rejected,Bangalore
Neha,41,105969,785,755798,Self-Employed,Approved,Chennai
Zoya,70,154754,534,544867,Business,Rejected,Delhi
Imran,54,133093,820,320673,Self-Employed,Approved,Hyderabad
Aisha,51,129997,564,115176,Salaried,Rejected,Pune
Karan,48,138108,814,707249,Business,Rejected,Bangalore
Fatima,61,98114,741,829959,Self-Employed,Rejected,Delhi
Zoya,58,139900,628,858648,Business,Approved,Chennai
Priya,56,124673,792,472229,Salaried,Rejected,Pune
Zoya,59,75795,579,283093,Self-Employed,Rejected,Hyderabad
Fatima,58,95767,723,112821,Salaried,Rejected,Kolkata
Zoya,41,129628,708,457774,Salaried,Approved,Ahmedabad
Sara,35,98952,872,848984,Self-Employed,Rejected,Hyderabad
Kabir,52,77572,665,739750,Salaried,Approved,Chennai
Zoya,42,116881,874,608255,Business,Rejected,Kolkata
Arjun,54,116536,841,566582,Salaried,Rejected,Ahmedabad
Aditya,26,94785,680,671834,Salaried,Rejected,Mumbai
Arjun,42,91450,610,341919,Salaried,Rejected,Ahmedabad
Karan,59,122188,549,87338,Business,Rejected,Ahmedabad
Sara,67,55400,618,486437,Business,Rejected,Ahmedabad
Aman,62,143086,865,33355,Salaried,Approved,Delhi
Aman,59,80258,713,571446,Salaried,Approved,Ahmedabad
Sara,70,155387,797,309195,Salaried,Rejected,Kolkata
Fatima,65,49729,618,708776,Self-Employed,Rejected,Chennai
Aisha,46,43517,762,293051,Self-Employed,Approved,Mumbai
Riya,52,160742,577,107134,Business,Rejected,Hyderabad
Priya,39,138019,844,175156,Salaried,Rejected,Hyderabad
Arjun,53,147284,548,600925,Business,Approved,Delhi
Riya,49,61119,702,798564,Self-Employed,Approved,Chennai
Karan,63,28670,559,978142,Business,Approved,Hyderabad
Sara,46,152417,832,760262,Salaried,Rejected,Ahmedabad
Ananya,27,81875,796,155618,Salaried,Approved,Ahmedabad
Aman,59,145187,800,728856,Salaried,Approved,Hyderabad
Karan,30,129602,827,807067,Self-Employed,Approved,Bangalore
Rahul,63,77310,541,625500,Business,Rejected,Bangalore
Priya,40,105479,738,636866,Salaried,Rejected,Chennai
Karan,41,139902,634,818410,Salaried,Approved,Kolkata
Karan,50,83778,707,619214,Self-Employed,Rejected,Mumbai
Karan,47,138385,570,528158,Self-Employed,Approved,Bangalore
Zoya,49,102979,752,860752,Salaried,Rejected,Delhi
Zoya,53,101114,620,559020,Salaried,Approved,Mumbai
Rahul,59,145419,705,519759,Business,Approved,Ahmedabad
Kabir,50,147835,734,951883,Salaried,Approved,Hyderabad
Aditya,64,123216,507,404046,Salaried,Rejected,Bangalore
Neha,55,131429,812,797173,Salaried,Approved,Ahmedabad
Karan,46,126980,764,226597,Salaried,Rejected,Ahmedabad
Arjun,38,138606,509,247806,Salaried,Rejected,Chennai
Riya,61,156501,849,621708,Self-Employed,Approved,Kolkata
Arjun,43,86303,878,259081,Self-Employed,Approved,Chennai
Zoya,68,149536,714,144891,Self-Employed,Approved,Pune
Karan,69,145300,856,256717,Salaried,Rejected,Hyderabad
Aditya,45,89154,838,414212,Salaried,Rejected,Ahmedabad
Ananya,60,109412,728,439036,Salaried,Rejected,Mumbai
Imran,61,54806,861,553239,Business,Approved,Ahmedabad
Neha,59,131240,646,439898,Business,Rejected,Mumbai
Imran,59,150005,765,72248,Salaried,Rejected,Chennai
Riya,41,117114,889,794968,Salaried,Approved,Mumbai
Fatima,58,59884,573,19569,Self-Employed,Rejected,Chennai
Neha,40,112925,561,128262,Self-Employed,Rejected,Delhi
Priya,29,100866,738,838421,Self-Employed,Approved,Kolkata
Ananya,50,123347,744,116322,Self-Employed,Rejected,Pune
Riya,65,160828,877,770717,Business,Rejected,Bangalore
Riya,55,67285,884,604638,Salaried,Rejected,Hyderabad
Sara,47,53256,746,299645,Salaried,Rejected,Pune
Riya,47,114638,830,539976,Salaried,Rejected,Pune
Arjun,49,46139,801,714152,Salaried,Approved,Bangalore
Aisha,57,112826,452,625445,Self-Employed,Approved,Kolkata
Aditya,59,122599,855,741101,Self-Employed,Approved,Bangalore
Aditya,29,112073,666,49998,Self-Employed,Rejected,Pune
Neha,42,154174,628,518949,Salaried,Rejected,Mumbai
Karan,41,92684,830,568479,Salaried,Rejected,Chennai
Karan,66,113230,778,912128,Business,Rejected,Kolkata
Priya,43,58835,652,115310,Salaried,Approved,Hyderabad
Karan,51,101109,567,383388,Business,Approved,Hyderabad
Aisha,55,161362,701,298413,Business,Rejected,Hyderabad
Aditya,47,161589,601,786963,Business,Rejected,Bangalore
Riya,67,155827,540,522270,Business,Approved,Bangalore
Fatima,60,114884,814,171309,Business,Rejected,Mumbai
Kabir,22,129630,793,152952,Salaried,Rejected,Pune
Imran,35,139711,884,800655,Salaried,Approved,Kolkata
Zoya,52,54261,740,422160,Business,Approved,Kolkata
Aisha,61,156546,838,564830,Business,Rejected,Pune
Karan,51,150079,676,599196,Self-Employed,Rejected,Hyderabad
Riya,62,67344,775,407870,Business,Rejected,Delhi
Rohan,65,58032,880,129001,Business,Rejected,Bangalore
Kabir,54,54436,898,573849,Business,Rejected,Chennai
Aditya,32,131580,691,112034,Salaried,Approved,Bangalore
Fatima,67,121454,590,833393,Self-Employed,Approved,Chennai
Arjun,37,113451,652,777470,Self-Employed,Approved,Hyderabad
Rohan,50,95887,762,557307,Salaried,Rejected,Delhi
Riya,30,109490,593,320764,Salaried,Rejected,Mumbai
Ananya,52,119912,671,454005,Self-Employed,Rejected,Mumbai
Zoya,60,140750,817,586383,Self-Employed,Rejected,Kolkata
Aditya,51,133651,569,487398,Business,Rejected,Chennai
Aisha,33,128642,833,215350,Salaried,Approved,Ahmedabad
Neha,23,93118,697,478953,Business,Approved,Bangalore
Fatima,30,144832,883,542222,Salaried,Approved,Mumbai
Ananya,65,60670,839,326886,Self-Employed,Rejected,Delhi
Aditya,37,53138,892,142790,Salaried,Approved,Pune
Fatima,31,136315,806,473521,Salaried,Rejected,Hyderabad
Aditya,58,154078,635,680237,Business,Approved,Mumbai
Ananya,26,132677,575,458102,Business,Approved,Delhi
Neha,42,106815,645,767477,Business,Approved,Kolkata
Kabir,60,115974,836,263168,Self-Employed,Rejected,Pune
Ananya,56,41953,536,498844,Business,Approved,Mumbai
Imran,34,162499,430,864427,Business,Rejected,Mumbai
Sara,57,132409,823,360810,Salaried,Approved,Kolkata
Zoya,65,118371,883,354620,Salaried,Approved,Mumbai
Riya,67,136138,857,733496,Business,Approved,Mumbai
Kabir,35,95810,517,333574,Business,Rejected,Kolkata
Karan,56,101471,577,256286,Business,Approved,Bangalore
Fatima,22,103807,619,658402,Salaried,Approved,Delhi
Ananya,63,159204,702,340843,Business,Rejected,Hyderabad
Aman,25,103972,832,344464,Salaried,Approved,Mumbai
Imran,49,107738,692,617474,Business,Approved,Hyderabad
Rohan,60,104257,469,859835,Self-Employed,Approved,Bangalore
Priya,43,130290,761,898284,Business,Rejected,Pune
Ananya,61,92018,771,866152,Business,Rejected,Mumbai
Fatima,69,105616,840,34219,Salaried,Rejected,Hyderabad
Sara,66,91941,744,575571,Self-Employed,Rejected,Hyderabad
Arjun,44,113932,706,349628,Salaried,Approved,Bangalore
Fatima,58,105889,837,756331,Business,Rejected,Hyderabad
Aisha,55,127463,651,546679,Self-Employed,Rejected,Chennai
Rohan,65,95580,781,803176,Salaried,Rejected,Ahmedabad
Imran,54,157103,646,874331,Self-Employed,Rejected,Chennai
Rohan,40,131639,572,898696,Business,Rejected,Chennai
Rahul,60,62747,653,354626,Salaried,Approved,Delhi
Zoya,33,128137,623,845098,Salaried,Rejected,Hyderabad
Rahul,60,101782,669,285500,Self-Employed,Rejected,Kolkata
Riya,62,153371,702,739964,Self-Employed,Rejected,Mumbai
Priya,55,63138,705,244103,Salaried,Rejected,Hyderabad
Ananya,40,79441,878,414004,Business,Approved,Delhi
Ananya,28,156672,842,436101,Business,Rejected,Bangalore
Arjun,60,127109,886,164882,Salaried,Rejected,Chennai
Karan,60,119429,863,493612,Self-Employed,Approved,Delhi
Fatima,64,129956,792,592208,Self-Employed,Rejected,Bangalore
Riya,50,144077,708,560102,Salaried,Rejected,Hyderabad
Rahul,56,161005,865,518815,Salaried,Rejected,Mumbai
Karan,58,151306,660,728440,Business,Approved,Ahmedabad
Arjun,47,106213,841,433904,Self-Employed,Approved,Kolkata
Arjun,61,94552,609,591553,Self-Employed,Rejected,Kolkata
Priya,32,84049,768,767139,Salaried,Rejected,Pune
Riya,39,72056,716,200332,Salaried,Rejected,Kolkata
Priya,65,83433,854,648157,Salaried,Rejected,Bangalore
Sara,25,93373,679,650871,Self-Employed,Approved,Hyderabad
Fatima,63,145469,661,831894,Salaried,Rejected,Bangalore
Fatima,37,42078,701,114563,Business,Approved,Ahmedabad
Rahul,63,127392,839,31115,Salaried,Approved,Delhi
Ananya,29,80880,857,849080,Self-Employed,Rejected,Mumbai
Zoya,66,25941,611,135847,Salaried,Approved,Delhi
Neha,31,89590,858,675486,Self-Employed,Rejected,Kolkata
Aditya,55,124705,873,247247,Business,Rejected,Kolkata
Karan,54,74361,878,448035,Business,Rejected,Chennai
Imran,58,140749,653,166745,Salaried,Approved,Mumbai
Rohan,43,148456,452,72820,Self-Employed,Approved,Chennai
Priya,41,100054,546,515103,Self-Employed,Approved,Kolkata
Aman,28,130740,906,170094,Self-Employed,Approved,Bangalore
Zoya,34,84949,775,514096,Salaried,Approved,Chennai
Aman,32,86054,750,-362,Business,Rejected,Hyderabad
Riya,38,130203,758,360528,Self-Employed,Rejected,Chennai
Sara,31,91535,738,668806,Self-Employed,Rejected,Chennai
Imran,68,54026,726,82720,Business,Approved,Hyderabad
Ananya,70,154550,774,203868,Salaried,Approved,Pune
Rahul,23,98703,859,945811,Salaried,Approved,Delhi
Aditya,33,134151,737,31771,Self-Employed,Rejected,Mumbai
Ananya,63,73345,818,322191,Business,Approved,Bangalore
Riya,26,87043,645,416029,Self-Employed,Rejected,Bangalore
Rohan,63,69494,716,753122,Self-Employed,Approved,Ahmedabad
Rahul,71,140196,875,369455,Salaried,Rejected,Pune
Aman,51,147379,890,910813,Business,Rejected,Pune
Arjun,46,116607,686,892833,Self-Employed,Rejected,Delhi
Priya,43,109437,658,922228,Business,Approved,Hyderabad
Riya,64,27614,608,209323,Self-Employed,Rejected,Bangalore
Ananya,59,81037,614,210715,Salaried,Approved,Pune
Aisha,51,163166,668,679037,Self-Employed,Approved,Ahmedabad
Rahul,63,143068,807,772165,Business,Rejected,Hyderabad
Riya,26,60314,603,454601,Salaried,Rejected,Delhi
Imran,63,79729,845,543409,Salaried,Approved,Bangalore
Zoya,66,136159,704,785448,Salaried,Approved,Hyderabad
Neha,30,118238,552,916121,Salaried,Rejected,Delhi
Aisha,47,63039,859,431245,Salaried,Approved,Pune
Riya,62,147930,581,338655,Self-Employed,Rejected,Hyderabad
Arjun,70,82505,876,819107,Business,Rejected,Bangalore
Karan,24,141839,640,694499,Salaried,Approved,Bangalore
Kabir,58,148233,720,695739,Salaried,Approved,Chennai
Aisha,66,123315,764,526974,Salaried,Approved,Hyderabad
Karan,64,97539,899,303110,Self-Employed,Approved,Bangalore
Rahul,67,87452,852,594056,Self-Employed,Approved,Mumbai
Ananya,67,104105,681,341084,Salaried,Rejected,Delhi
Ananya,63,106438,706,114147,Business,Rejected,Hyderabad
Aman,55,151480,676,501140,Self-Employed,Approved,Bangalore
Rahul,61,159500,841,656025,Salaried,Rejected,Hyderabad
Ananya,45,136779,611,310015,Salaried,Approved,Mumbai
Priya,57,88276,827,952241,Salaried,Approved,Delhi
Rohan,32,141060,590,799963,Salaried,Rejected,Mumbai
Imran,64,50853,630,764648,Salaried,Approved,Kolkata
Kabir,63,83610,789,558794,Salaried,Rejected,Mumbai
Zoya,38,113301,862,355295,Salaried,Approved,Hyderabad
Riya,64,156666,706,778250,Salaried,Approved,Bangalore
Riya,60,87902,723,697630,Salaried,Approved,Delhi
Imran,43,155970,559,292501,Self-Employed,Approved,Chennai
Neha,56,54157,827,203633,Salaried,Rejected,Bangalore
Sara,65,141986,867,764574,Salaried,Rejected,Ahmedabad
Ananya,58,144685,680,313365,Business,Rejected,Bangalore
Karan,45,141408,569,626205,Salaried,Approved,Mumbai
Imran,62,141059,820,260491,Business,Approved,Hyderabad
Fatima,58,134657,789,922458,Self-Employed,Rejected,Pune
Zoya,59,133064,862,674691,Self-Employed,Approved,Bangalore
Karan,59,133383,839,-29104,Self-Employed,Approved,Pune
Karan,67,78612,886,178943,Salaried,Approved,Delhi
Aisha,46,137774,810,662685,Business,Approved,Mumbai
Karan,60,47518,651,708396,Self-Employed,Rejected,Pune
Ananya,47,122607,490,610675,Self-Employed,Rejected,Ahmedabad
Aman,69,156544,580,875147,Self-Employed,Approved,Kolkata
Priya,31,138233,641,652491,Salaried,Approved,Bangalore
Aisha,39,84500,718,683010,Salaried,Approved,Chennai
Neha,70,53612,761,850604,Self-Employed,Approved,Delhi
Zoya,51,70765,653,307110,Business,Rejected,Pune
Fatima,60,133416,884,788197,Business,Approved,Pune
Ananya,42,98470,581,677214,Salaried,Approved,Hyderabad
Karan,60,155863,819,596403,Business,Rejected,Delhi
Aman,43,119898,728,160597,Salaried,Rejected,Delhi
Rahul,51,159526,827,204328,Self-Employed,Approved,Mumbai
Riya,54,144436,781,710770,Business,Approved,Pune
Sara,28,113831,809,534343,Self-Employed,Rejected,Hyderabad
Sara,48,125878,885,33747,Business,Approved,Bangalore
Karan,68,139561,602,344040,Business,Approved,Mumbai
Rahul,31,122681,749,185027,Salaried,Approved,Pune
Rohan,27,107915,644,751296,Salaried,Approved,Chennai
Aman,65,141824,702,204645,Self-Employed,Rejected,Delhi
Aditya,39,143279,671,853409,Business,Approved,Pune
Fatima,39,145959,570,695028,Salaried,Approved,Kolkata
Aisha,40,104336,530,214830,Self-Employed,Approved,Mumbai
Aisha,43,137099,765,279693,Business,Approved,Ahmedabad
Rohan,37,55484,752,287432,Salaried,Rejected,Bangalore
Rohan,63,152860,801,573218,Salaried,Rejected,Bangalore
Aditya,54,160471,782,615489,Business,Approved,Mumbai
Aisha,64,96978,870,278762,Business,Rejected,Ahmedabad
Sara,29,142427,808,615913,Self-Employed,Approved,Hyderabad
Zoya,29,64873,855,970061,Business,Rejected,Bangalore
Kabir,61,104549,620,92036,Self-Employed,Approved,Delhi
Priya,26,103936,892,633818,Business,Approved,Mumbai
Fatima,62,132095,818,63366,Salaried,Rejected,Chennai
Sara,66,128976,780,540260,Salaried,Approved,Kolkata
Neha,43,127385,687,591633,Business,Approved,Delhi
Aisha,65,123582,861,763873,Salaried,Approved,Pune
Rahul,61,119596,684,609220,Salaried,Approved,Hyderabad
Rahul,61,76609,723,990092,Self-Employed,Rejected,Ahmedabad
Zoya,43,118081,742,376681,Salaried,Rejected,Chennai
Aman,58,92333,888,76027,Self-Employed,Approved,Chennai
Arjun,54,147558,761,638072,Business,Approved,Hyderabad
Karan,38,83565,666,192279,Self-Employed,Rejected,Kolkata
Arjun,26,146894,654,244685,Self-Employed,Approved,Hyderabad
Kabir,66,142846,826,771403,Business,Approved,Hyderabad
Arjun,66,83384,877,421896,Business,Approved,Delhi
Rahul,66,104407,755,644646,Salaried,Rejected,Bangalore
Rohan,69,48426,524,379644,Business,Approved,Kolkata
Rohan,26,93712,713,770290,Business,Rejected,Pune
Aisha,63,125940,870,81536,Self-Employed,Approved,Kolkata
Kabir,69,137105,797,93017,Self-Employed,Rejected,Bangalore
Aditya,30,113755,671,109520,Business,Rejected,Mumbai
Rahul,68,59613,882,817128,Salaried,Approved,Hyderabad
Kabir,65,146447,575,48921,Business,Rejected,Ahmedabad
Kabir,65,96519,893,290514,Business,Rejected,Hyderabad
Aisha,27,101567,852,644453,Salaried,Approved,Pune
Arjun,65,142063,801,744378,Self-Employed,Approved,Mumbai
Zoya,71,109996,831,478162,Salaried,Rejected,Bangalore
Aman,29,87092,738,57336,Salaried,Rejected,Pune
Rahul,46,124902,722,1039948,Salaried,Rejected,Ahmedabad
Sara,65,148223,876,181550,Business,Approved,Kolkata
Aditya,64,121022,590,653087,Salaried,Rejected,Kolkata
Imran,53,154559,805,290764,Business,Approved,Ahmedabad
Karan,57,160022,635,911955,Salaried,Rejected,Pune
Riya,50,122214,633,565939,Business,Approved,Pune
Ananya,62,134550,762,734011,Salaried,Rejected,Delhi
Karan,45,153031,882,554293,Self-Employed,Rejected,Bangalore
Arjun,46,132774,638,401873,Salaried,Approved,Pune
Rohan,44,118547,691,665968,Salaried,Approved,Mumbai
Zoya,44,129397,834,311473,Self-Employed,Approved,Pune
Karan,60,149306,837,447291,Business,Rejected,Chennai
Rohan,40,143046,697,610853,Business,Rejected,Chennai
Aman,65,149446,718,703054,Salaried,Rejected,Pune
Priya,33,64431,714,732983,Business,Approved,Chennai
Aditya,33,110890,791,780903,Self-Employed,Approved,Hyderabad
Aditya,49,57574,736,513275,Salaried,Rejected,Chennai
Rohan,29,102118,907,240690,Business,Approved,Delhi
Riya,47,88092,753,181114,Business,Approved,Bangalore
Neha,65,119755,741,192497,Self-Employed,Approved,Chennai
Kabir,40,117217,617,628963,Business,Rejected,Delhi
Karan,63,67536,874,349055,Business,Approved,Ahmedabad
Aman,48,138256,571,322949,Self-Employed,Rejected,Delhi
Imran,53,142424,770,317174,Business,Rejected,Pune
Neha,32,137224,756,269575,Self-Employed,Rejected,Ahmedabad
Neha,59,122186,727,361117,Salaried,Rejected,Ahmedabad
Rohan,55,154955,856,561988,Salaried,Rejected,Mumbai
Rahul,51,145138,529,560112,Salaried,Approved,Hyderabad
Neha,57,154014,821,583655,Self-Employed,Rejected,Ahmedabad
Aditya,32,128888,849,1000608,Salaried,Approved,Pune
Ananya,28,137782,545,-50406,Business,Rejected,Chennai
Riya,28,117220,659,326923,Business,Rejected,Kolkata
Zoya,52,113164,705,441926,Salaried,Approved,Pune
Kabir,59,65175,851,481156,Salaried,Approved,Kolkata
Zoya,56,120517,816,260931,Salaried,Rejected,Hyderabad
Aisha,58,68009,615,216479,Self-Employed,Approved,Pune
Aisha,60,116688,677,775053,Self-Employed,Approved,Ahmedabad
Rohan,60,146866,709,513785,Self-Employed,Approved,Mumbai
Rohan,51,130675,756,427320,Business,Approved,Chennai
Kabir,60,113224,810,847356,Salaried,Approved,Ahmedabad
Kabir,40,142029,873,10353,Salaried,Approved,Delhi
Imran,22,44876,804,558356,Business,Rejected,Pune
Zoya,57,152247,855,687922,Business,Approved,Chennai
Riya,41,122109,878,410977,Business,Approved,Kolkata
Sara,70,117482,895,483575,Business,Approved,Chennai
Neha,55,135621,741,88088,Business,Approved,Bangalore
Rahul,45,83908,672,794268,Self-Employed,Rejected,Hyderabad
Sara,49,157254,898,190268,Salaried,Approved,Delhi
Fatima,25,72604,615,666848,Salaried,Rejected,Ahmedabad
Aisha,40,136258,633,236548,Business,Approved,Mumbai
Aman,51,110634,739,538851,Salaried,Approved,Chennai
Karan,35,122728,870,613030,Self-Employed,Approved,Chennai
Neha,66,131211,890,522058,Salaried,Approved,Delhi
Aman,39,161575,796,331658,Self-Employed,Approved,Delhi
Ananya,62,143165,813,214283,Business,Approved,Chennai
Priya,29,66815,699,428779,Business,Rejected,Bangalore
Neha,49,94292,802,578916,Business,Approved,Bangalore
Sara,27,143801,640,898539,Business,Approved,Delhi
Aman,69,136375,866,859341,Business,Rejected,Chennai
Aditya,71,127454,833,526064,Business,Rejected,Ahmedabad
Sara,48,107183,716,261006,Self-Employed,Rejected,Mumbai
Aditya,59,68611,792,415574,Salaried,Approved,Mumbai
Aisha,50,22834,785,369908,Self-Employed,Rejected,Delhi
Aditya,58,97223,740,81657,Salaried,Rejected,Hyderabad
Rahul,57,70325,636,22797,Self-Employed,Rejected,Hyderabad
Riya,51,109390,573,124737,Self-Employed,Approved,Chennai
Karan,32,128564,740,155294,Self-Employed,Rejected,Kolkata
Ananya,57,41500,845,873806,Salaried,Approved,Bangalore
Fatima,28,153987,684,820253,Salaried,Approved,Delhi
Fatima,64,115386,578,369710,Self-Employed,Approved,Bangalore
Ananya,45,145909,636,1006391,Self-Employed,Approved,Kolkata
Rahul,47,86055,561,272685,Salaried,Approved,Mumbai
Rahul,58,140339,780,59396,Salaried,Rejected,Hyderabad
Zoya,29,136244,864,330810,Self-Employed,Approved,Kolkata
Fatima,47,50744,716,504725,Salaried,Rejected,Mumbai
Fatima,25,102661,728,465743,Salaried,Rejected,Pune
Rohan,68,134308,658,232806,Business,Rejected,Chennai
Kabir,30,83037,732,366714,Salaried,Rejected,Bangalore
Sara,55,122873,878,471936,Business,Rejected,Chennai
Aman,50,121630,852,306148,Business,Rejected,Ahmedabad
Arjun,53,118920,634,765852,Salaried,Rejected,Kolkata
Zoya,52,72698,814,796521,Business,Approved,Delhi
Neha,56,59937,667,154368,Business,Approved,Ahmedabad
Rahul,32,93038,780,529331,Self-Employed,Approved,Pune
Aditya,26,112993,835,347027,Self-Employed,Rejected,Delhi
Imran,56,71223,760,256947,Business,Rejected,Kolkata
Aditya,63,125093,824,10545,Self-Employed,Approved,Mumbai
Priya,51,152125,678,192229,Salaried,Approved,Pune
Kabir,66,132870,816,643256,Salaried,Rejected,Ahmedabad
Kabir,45,122989,686,716583,Salaried,Rejected,Ahmedabad
Riya,54,141893,718,244258,Business,Approved,Bangalore
Ananya,31,148346,815,219072,Self-Employed,Approved,Kolkata
Rohan,60,122080,579,874746,Self-Employed,Rejected,Mumbai
Sara,47,82869,727,451157,Self-Employed,Rejected,Mumbai
Riya,50,77426,607,377772,Salaried,Rejected,Pune
Aman,53,129569,792,176807,Self-Employed,Approved,Kolkata
Aman,44,137233,822,170445,Salaried,Rejected,Pune
Riya,42,114840,796,272940,Self-Employed,Rejected,Mumbai
Priya,44,61801,831,509236,Business,Rejected,Kolkata
Imran,53,74848,569,694128,Business,Approved,Kolkata
Rahul,29,113829,804,461765,Salaried,Approved,Delhi
Fatima,42,125891,868,719243,Business,Rejected,Hyderabad
Rahul,39,162080,678,929321,Business,Rejected,Ahmedabad
Arjun,28,94186,853,843835,Salaried,Rejected,Pune
Priya,31,83644,562,39091,Business,Approved,Ahmedabad
Aman,60,141345,715,386187,Salaried,Rejected,Kolkata
Priya,56,137124,595,534853,Salaried,Approved,Pune
Rahul,43,78767,609,462294,Self-Employed,Approved,Chennai
Aman,44,129183,808,78753,Salaried,Approved,Mumbai
Aman,63,122945,794,475056,Salaried,Approved,Chennai
Rohan,27,106070,572,485576,Business,Approved,Mumbai
Rohan,58,89349,650,454471,Business,Rejected,Mumbai
Karan,63,140619,596,299359,Self-Employed,Approved,Kolkata
Kabir,48,151868,860,-39536,Self-Employed,Approved,Hyderabad
Priya,21,161605,762,58103,Self-Employed,Rejected,Chennai
Zoya,36,120823,901,545450,Self-Employed,Rejected,Kolkata
Aisha,60,131254,846,736512,Salaried,Approved,Mumbai
Rahul,46,69819,765,21701,Self-Employed,Approved,Delhi
Rohan,33,107299,612,652653,Salaried,Rejected,Bangalore
Sara,63,111614,546,192681,Self-Employed,Rejected,Chennai
Kabir,64,87295,766,-25611,Salaried,Rejected,Delhi
Kabir,58,78806,848,569368,Salaried,Approved,Chennai
Priya,49,94531,869,-14367,Salaried,Rejected,Pune
Priya,45,119634,813,391600,Business,Rejected,Ahmedabad
Rahul,58,44552,871,752400,Business,Rejected,Kolkata
Rahul,56,113264,873,403306,Business,Rejected,Hyderabad
Riya,68,147181,784,811549,Business,Rejected,Bangalore
Rahul,67,90128,858,405775,Salaried,Rejected,Pune
Fatima,68,58541,859,88231,Business,Rejected,Chennai
Zoya,55,129487,564,1042083,Salaried,Approved,Ahmedabad
Ananya,48,139929,729,392095,Salaried,Approved,Ahmedabad
Karan,64,111485,507,685094,Business,Rejected,Hyderabad
Zoya,58,155707,818,593284,Business,Approved,Pune
Ananya,30,147222,681,197422,Business,Rejected,Ahmedabad
Rahul,56,135174,673,567598,Business,Rejected,Kolkata
Kabir,62,89095,849,202243,Business,Rejected,Kolkata
Rohan,52,145378,842,117984,Business,Rejected,Kolkata
Fatima,60,98440,645,274181,Self-Employed,Approved,Ahmedabad
Sara,62,150259,578,489386,Salaried,Approved,Mumbai
Neha,28,136884,868,364339,Self-Employed,Approved,Ahmedabad
Imran,57,116494,865,143914,Self-Employed,Approved,Bangalore
Ananya,36,114111,837,466314,Business,Rejected,Kolkata
Imran,49,90819,780,317740,Salaried,Approved,Pune
Fatima,51,153968,544,445942,Self-Employed,Approved,Ahmedabad
Kabir,52,135936,771,561433,Salaried,Approved,Mumbai
Rahul,64,121126,817,593886,Salaried,Approved,Mumbai
Arjun,40,50729,658,271808,Business,Approved,Kolkata
Priya,50,138888,839,485003,Business,Approved,Pune
Neha,24,108719,794,874751,Self-Employed,Rejected,Hyderabad
Rohan,65,63097,892,245587,Salaried,Approved,Kolkata
Sara,42,109762,737,854182,Salaried,Approved,Kolkata
Karan,64,160866,598,596589,Salaried,Approved,Kolkata
Aditya,46,125296,633,550431,Salaried,Approved,Ahmedabad
Imran,47,51922,729,583582,Salaried,Rejected,Ahmedabad
Riya,63,103392,827,509120,Salaried,Approved,Chennai
Rohan,29,132036,618,575355,Business,Rejected,Hyderabad
Kabir,48,136234,773,420006,Salaried,Rejected,Hyderabad
Ananya,54,138494,859,488014,Business,Rejected,Mumbai
Karan,56,58000,790,675155,Business,Approved,Hyderabad
Riya,33,128338,830,-4762,Business,Rejected,Chennai
Rohan,63,89180,786,764859,Self-Employed,Approved,Ahmedabad
Neha,53,124170,865,644534,Salaried,Rejected,Bangalore
Aditya,57,162913,643,262320,Self-Employed,Approved,Chennai
Imran,51,142293,872,626077,Business,Rejected,Hyderabad
Priya,28,83034,801,181238,Salaried,Approved,Bangalore
Ananya,65,92607,738,787327,Self-Employed,Rejected,Chennai
Neha,61,57681,823,519383,Self-Employed,Approved,Chennai
Karan,53,137225,849,515205,Salaried,Rejected,Kolkata
Neha,45,104226,727,634376,Self-Employed,Approved,Mumbai
Zoya,56,149550,872,419231,Business,Rejected,Mumbai
Sara,67,156269,559,796985,Salaried,Rejected,Ahmedabad
Fatima,56,139456,771,510761,Business,Rejected,Pune
Sara,51,103886,699,602682,Business,Approved,Ahmedabad
Arjun,41,138132,687,468149,Salaried,Approved,Hyderabad
Aisha,42,37339,834,-42990,Salaried,Approved,Hyderabad
Neha,64,97753,832,599711,Business,Approved,Mumbai
Neha,58,125638,668,878634,Self-Employed,Approved,Pune
Karan,49,97609,781,389960,Business,Rejected,Ahmedabad
Neha,25,136260,676,890318,Salaried,Approved,Mumbai
Aditya,66,111359,602,642022,Self-Employed,Rejected,Mumbai
Arjun,51,102201,861,547321,Self-Employed,Rejected,Delhi
Aisha,47,120527,767,747615,Self-Employed,Approved,Ahmedabad
Sara,38,104604,688,154955,Business,Rejected,Kolkata
Priya,63,120756,717,607813,Business,Rejected,Pune
Riya,64,145907,774,655108,Salaried,Approved,Pune
Sara,27,151711,630,869478,Business,Approved,Pune
Aditya,54,100828,839,315035,Salaried,Rejected,Delhi
Priya,53,69569,831,631324,Business,Approved,Kolkata
Karan,44,71447,887,928301,Salaried,Approved,Pune
Sara,61,55160,853,247850,Salaried,Rejected,Delhi
Rahul,40,87318,874,165963,Salaried,Approved,Bangalore
Fatima,69,118206,729,331481,Salaried,Rejected,Delhi
Rohan,54,146860,850,57136,Salaried,Rejected,Bangalore
Ananya,43,110401,836,881609,Business,Rejected,Pune
Rahul,63,106725,826,400020,Salaried,Approved,Ahmedabad
Rohan,51,157993,863,412428,Business,Approved,Pune
Fatima,53,115097,652,59759,Self-Employed,Rejected,Bangalore
Imran,66,138272,580,837143,Self-Employed,Approved,Bangalore
Zoya,66,113233,702,666811,Self-Employed,Approved,Bangalore
Zoya,32,141224,826,897324,Self-Employed,Rejected,Pune
Ananya,40,135314,860,943360,Self-Employed,Approved,Mumbai
Rohan,50,54506,771,459132,Salaried,Rejected,Delhi
Neha,45,93889,882,74789,Self-Employed,Rejected,Chennai
Aditya,46,115621,885,104062,Salaried,Approved,Bangalore
Ananya,39,144471,857,643370,Salaried,Approved,Mumbai
Rohan,67,96680,628,480758,Salaried,Rejected,Bangalore
Ananya,23,137732,652,140942,Self-Employed,Approved,Ahmedabad
Rohan,23,97844,875,370372,Business,Approved,Ahmedabad
Neha,55,137297,710,879072,Business,Rejected,Ahmedabad
Aman,42,106105,747,566234,Salaried,Approved,Pune
Kabir,63,144940,848,766310,Business,Rejected,Kolkata
Priya,27,151192,527,141113,Salaried,Approved,Mumbai
Ananya,67,105753,815,560530,Salaried,Rejected,Hyderabad
Priya,28,93653,735,149953,Self-Employed,Approved,Delhi
Aditya,39,102060,522,53548,Self-Employed,Approved,Ahmedabad
Ananya,63,151380,857,208402,Salaried,Approved,Delhi
Aditya,53,84996,862,735631,Salaried,Approved,Ahmedabad
Aisha,47,130751,690,815489,Business,Approved,Mumbai
Rahul,29,132240,687,54348,Salaried,Rejected,Pune
Fatima,39,113596,788,411538,Business,Rejected,Bangalore
Karan,26,105289,891,570229,Self-Employed,Rejected,Ahmedabad
Aman,31,142324,836,475357,Business,Approved,Mumbai
Aditya,55,66984,699,68456,Salaried,Rejected,Pune
Neha,59,82117,722,131158,Self-Employed,Approved,Hyderabad
Riya,44,138780,613,2207,Self-Employed,Rejected,Pune
Aditya,41,39790,851,75320,Self-Employed,Rejected,Pune
Rahul,46,140413,747,254706,Salaried,Approved,Mumbai
Aditya,25,54365,710,220094,Salaried,Rejected,Hyderabad
Riya,68,61800,668,144926,Business,Rejected,Kolkata
Neha,32,156267,673,346221,Salaried,Rejected,Chennai
Riya,57,51286,860,745020,Salaried,Approved,Pune
Arjun,22,114920,659,540739,Self-Employed,Approved,Bangalore
Neha,30,80303,887,939619,Business,Rejected,Delhi
Priya,34,107250,832,222641,Self-Employed,Approved,Hyderabad
Rohan,38,144976,873,910517,Self-Employed,Approved,Pune
Sara,60,137487,650,704836,Self-Employed,Rejected,Pune
Ananya,33,131068,656,581075,Salaried,Approved,Ahmedabad
Rahul,33,85700,885,319596,Self-Employed,Approved,Chennai
Sara,70,140387,779,158106,Business,Approved,Mumbai
Riya,42,145966,583,458859,Salaried,Rejected,Chennai
Imran,66,134148,528,127919,Self-Employed,Approved,Ahmedabad
Neha,47,154885,787,850439,Business,Approved,Bangalore
Rahul,64,100577,561,738064,Salaried,Approved,Pune
Zoya,58,113144,561,387277,Salaried,Approved,Ahmedabad
Aditya,65,127718,818,453405,Salaried,Rejected,Delhi
Arjun,45,91077,884,152331,Salaried,Approved,Pune
Aditya,47,95016,884,487636,Business,Approved,Kolkata
Sara,48,129642,747,505340,Self-Employed,Approved,Delhi
Imran,68,151127,573,465256,Self-Employed,Rejected,Delhi
Aditya,64,137714,721,968476,Self-Employed,Rejected,Ahmedabad
Rahul,64,53042,880,186695,Salaried,Approved,Delhi
Aman,62,109495,744,643061,Business,Rejected,Kolkata
Zoya,58,163053,648,894839,Salaried,Approved,Mumbai
Sara,26,135895,694,220075,Business,Rejected,Bangalore
Kabir,69,131420,653,218953,Salaried,Approved,Mumbai
Priya,64,51781,666,103452,Salaried,Approved,Delhi
Fatima,52,153225,570,621991,Self-Employed,Rejected,Hyderabad
Aditya,26,124434,686,525533,Self-Employed,Rejected,Hyderabad
Zoya,55,108427,476,780206,Self-Employed,Rejected,Delhi
Aditya,34,93568,841,257843,Salaried,Rejected,Chennai
Zoya,60,147288,893,255439,Business,Rejected,Hyderabad
Priya,34,75768,874,899657,Salaried,Approved,Delhi
Fatima,68,106621,608,68794,Salaried,Rejected,Pune
Arjun,49,145506,731,421644,Self-Employed,Approved,Mumbai
Aditya,35,160211,792,378697,Self-Employed,Approved,Delhi
Neha,48,98118,800,724335,Salaried,Approved,Delhi
Aditya,43,124990,848,1011336,Business,Rejected,Chennai
Neha,43,83961,891,465113,Salaried,Rejected,Kolkata
Rohan,66,153579,738,704847,Salaried,Approved,Ahmedabad
Neha,63,149056,802,232069,Salaried,Approved,Delhi
Arjun,23,121532,881,1013002,Business,Approved,Kolkata
Fatima,68,145969,582,378832,Self-Employed,Rejected,Hyderabad
Zoya,30,85474,789,163229,Self-Employed,Rejected,Pune
Arjun,24,50600,836,590578,Business,Approved,Mumbai
Fatima,42,101188,859,578535,Self-Employed,Rejected,Mumbai
Kabir,57,80809,669,538956,Self-Employed,Approved,Hyderabad
Zoya,38,98210,884,39434,Self-Employed,Rejected,Kolkata
Imran,52,148597,659,39585,Business,Rejected,Chennai
Riya,58,137883,740,858776,Salaried,Rejected,Hyderabad
Arjun,33,71242,806,660169,Salaried,Approved,Hyderabad
Sara,68,118455,576,493209,Salaried,Approved,Pune
Karan,46,110255,753,776970,Self-Employed,Rejected,Mumbai
Aditya,35,141919,840,902290,Self-Employed,Approved,Hyderabad
Sara,58,159477,846,415998,Salaried,Approved,Ahmedabad
Zoya,51,99505,522,548674,Salaried,Approved,Hyderabad
Arjun,56,117522,783,583842,Salaried,Rejected,Delhi
Ananya,27,127125,795,37865,Self-Employed,Rejected,Mumbai
Zoya,61,60755,682,62748,Self-Employed,Rejected,Hyderabad
Aisha,66,76065,741,819535,Self-Employed,Rejected,Hyderabad
Neha,45,93885,717,539122,Self-Employed,Rejected,Delhi
Aditya,64,148381,855,209077,Salaried,Approved,Delhi
Riya,59,85400,875,622314,Salaried,Approved,Bangalore
Imran,61,102184,777,847558,Salaried,Approved,Mumbai
Ananya,65,141765,797,143303,Salaried,Rejected,Pune
Arjun,27,111130,826,393761,Business,Rejected,Delhi
Rahul,59,82565,827,148440,Salaried,Approved,Kolkata
Kabir,63,102478,715,457990,Salaried,Rejected,Chennai
Aisha,62,63473,886,114610,Business,Rejected,Mumbai
Aditya,28,38270,704,544797,Self-Employed,Approved,Pune
Riya,70,132838,876,110359,Salaried,Approved,Kolkata
Priya,42,108202,722,505743,Salaried,Rejected,Ahmedabad
Fatima,48,109663,481,796364,Self-Employed,Rejected,Delhi
Ananya,53,136642,670,238342,Salaried,Rejected,Ahmedabad
Riya,64,149493,791,841179,Business,Approved,Kolkata
Imran,66,136968,575,426845,Business,Rejected,Mumbai
Rahul,43,148819,888,827633,Self-Employed,Rejected,Delhi
Neha,57,141141,541,765541,Self-Employed,Approved,Pune
Imran,53,145867,869,29971,Self-Employed,Approved,Hyderabad
Sara,22,145911,754,337990,Salaried,Approved,Mumbai
Sara,35,60885,816,888377,Business,Approved,Hyderabad
Fatima,57,114040,581,553169,Business,Approved,Bangalore
Aditya,69,137107,860,479822,Salaried,Rejected,Kolkata
Aisha,26,53767,538,132928,Self-Employed,Rejected,Pune
Aisha,40,144920,815,578684,Salaried,Rejected,Mumbai
Ananya,53,160093,663,275951,Business,Rejected,Kolkata
Aman,43,43878,607,477039,Salaried,Rejected,Mumbai
Priya,59,93940,684,409261,Salaried,Rejected,Hyderabad
Ananya,66,66862,823,97541,Self-Employed,Rejected,Bangalore
Ananya,28,131166,843,528974,Business,Rejected,Ahmedabad
Sara,47,142396,768,321541,Self-Employed,Rejected,Hyderabad
Riya,63,140229,764,805566,Self-Employed,Approved,Ahmedabad
Neha,55,150418,857,761558,Salaried,Approved,Pune
Imran,57,141114,863,411039,Salaried,Rejected,Mumbai
Neha,65,128786,730,479303,Salaried,Approved,Delhi
Aman,59,155018,777,868783,Salaried,Rejected,Chennai
Neha,53,152691,819,306065,Self-Employed,Approved,Mumbai
Arjun,54,117003,800,115998,Salaried,Approved,Hyderabad
Neha,58,141431,758,411040,Salaried,Approved,Kolkata
Zoya,61,85250,479,399423,Salaried,Approved,Bangalore
Sara,54,128076,857,934364,Salaried,Rejected,Chennai
Aisha,49,161147,518,454633,Salaried,Approved,Pune
Riya,65,118469,771,578571,Business,Rejected,Pune
Aman,32,135984,507,40801,Business,Approved,Hyderabad
Neha,55,94501,803,359352,Business,Approved,Hyderabad
Zoya,61,134144,769,141920,Salaried,Approved,Hyderabad
Rohan,69,101822,688,506596,Salaried,Rejected,Chennai
Sara,69,158908,735,223475,Self-Employed,Approved,Kolkata
Sara,62,138943,778,435626,Salaried,Rejected,Chennai
Riya,62,123165,702,576221,Business,Approved,Mumbai
Rahul,51,104134,905,133293,Salaried,Rejected,Hyderabad
Rahul,53,145801,790,274882,Self-Employed,Approved,Ahmedabad
Aditya,31,78731,608,927417,Self-Employed,Approved,Hyderabad
Zoya,41,97429,789,458248,Salaried,Rejected,Ahmedabad
Fatima,37,149190,501,504201,Self-Employed,Approved,Ahmedabad
Aditya,56,145056,709,287544,Salaried,Rejected,Kolkata
Rahul,49,134770,708,590786,Business,Rejected,Kolkata
Aditya,47,116533,833,284132,Business,Approved,Mumbai
Aman,43,135266,467,555205,Self-Employed,Rejected,Mumbai
Aisha,29,107560,614,814703,Salaried,Rejected,Ahmedabad
Aisha,57,90505,729,565787,Self-Employed,Approved,Mumbai
Neha,40,102512,512,1024621,Self-Employed,Approved,Mumbai
Rohan,25,105123,881,488299,Business,Rejected,Mumbai
Aditya,29,93034,601,709237,Salaried,Rejected,Bangalore
Riya,59,95329,543,332964,Business,Rejected,Ahmedabad
Priya,41,102461,623,630041,Salaried,Rejected,Mumbai
Riya,44,96187,860,28996,Business,Rejected,Delhi
Rahul,44,141307,730,739627,Salaried,Approved,Pune
Fatima,54,96493,810,776485,Salaried,Approved,Kolkata
Arjun,60,138790,611,679518,Business,Approved,Pune
Zoya,63,79443,565,109824,Self-Employed,Approved,Pune
Priya,55,138522,736,554511,Self-Employed,Rejected,Hyderabad
Aditya,58,144460,845,450723,Self-Employed,Rejected,Chennai
Ananya,37,66258,660,746824,Self-Employed,Approved,Hyderabad
Zoya,64,152195,646,727363,Salaried,Approved,Hyderabad
Priya,44,155420,676,154107,Business,Approved,Pune
Kabir,29,127075,843,716957,Self-Employed,Approved,Kolkata
Rahul,50,134620,753,546644,Business,Rejected,Kolkata
Sara,43,157205,659,-13951,Business,Rejected,Delhi
Fatima,66,67588,547,733067,Self-Employed,Approved,Chennai
Rahul,49,132885,880,441642,Self-Employed,Rejected,Pune
Zoya,69,139613,593,529889,Business,Rejected,Kolkata
Aman,42,106589,712,345268,Salaried,Rejected,Pune
Arjun,67,119783,614,952269,Self-Employed,Approved,Mumbai
Fatima,63,64211,714,320495,Self-Employed,Rejected,Hyderabad
Priya,32,80541,813,452891,Self-Employed,Rejected,Pune
Neha,65,149083,814,65940,Business,Approved,Chennai
Rohan,44,96702,858,458685,Self-Employed,Approved,Mumbai
Ananya,50,138893,666,784113,Business,Rejected,Delhi
Fatima,68,124380,658,457029,Self-Employed,Approved,Hyderabad
Aman,50,112892,571,777397,Business,Approved,Kolkata
Aisha,46,96591,740,903566,Salaried,Rejected,Pune
